CustomerID,first_purchase,last_purchase,frequency,monetary_value,tenure_days,recency_days,avg_order_value
12346,2011-01-18 10:01:00,2011-01-18 10:01:00,1,77183.6,233,233,77183.6
12347,2010-12-07 14:57:00,2011-08-02 08:48:00,5,2790.86,275,37,558.17
12348,2010-12-16 19:09:00,2011-04-05 10:47:00,3,1167.24,266,156,389.08
12350,2011-02-02 16:01:00,2011-02-02 16:01:00,1,294.4,218,218,294.4
12352,2011-02-16 12:33:00,2011-03-22 16:08:00,4,641.51,204,170,160.38
12353,2011-05-19 17:47:00,2011-05-19 17:47:00,1,89.0,112,112,89.0
12354,2011-04-21 13:11:00,2011-04-21 13:11:00,1,1079.4,140,140,1079.4
12355,2011-05-09 13:49:00,2011-05-09 13:49:00,1,459.4,122,122,459.4
12356,2011-01-18 09:50:00,2011-04-08 12:33:00,2,2429.08,233,153,1214.54
12358,2011-07-12 10:04:00,2011-07-12 10:04:00,1,404.86,58,58,404.86
12359,2011-01-12 12:43:00,2011-06-03 12:26:00,3,3495.73,239,97,1165.24
12360,2011-05-23 09:43:00,2011-08-19 10:10:00,2,1378.28,108,20,689.14
12361,2011-02-25 13:51:00,2011-02-25 13:51:00,1,174.9,195,195,174.9
12362,2011-02-17 10:30:00,2011-08-11 15:02:00,4,1582.35,203,28,395.59
12363,2011-04-11 13:29:00,2011-08-22 10:18:00,2,552.0,150,17,276.0
12364,2011-08-19 15:24:00,2011-08-19 15:24:00,1,578.92,20,20,578.92
12365,2011-02-21 13:51:00,2011-02-21 13:51:00,1,320.69,199,199,320.69
12370,2010-12-14 12:58:00,2011-03-10 12:48:00,3,2682.66,268,182,894.22
12372,2011-02-16 12:46:00,2011-05-11 10:43:00,2,842.92,204,120,421.46
12373,2011-02-01 13:10:00,2011-02-01 13:10:00,1,324.6,219,219,324.6
12375,2011-09-02 14:23:00,2011-09-02 14:23:00,1,190.3,6,6,190.3
12377,2010-12-20 09:37:00,2011-01-28 15:45:00,2,1548.12,262,223,774.06
12378,2011-08-02 10:34:00,2011-08-02 10:34:00,1,4008.62,37,37,4008.62
12379,2011-06-22 16:32:00,2011-06-22 16:32:00,1,414.84,78,78,414.84
12380,2011-06-07 09:49:00,2011-06-07 09:49:00,1,562.55,93,93,562.55
12381,2011-08-12 09:57:00,2011-08-12 09:57:00,1,1028.74,27,27,1028.74
12383,2010-12-22 14:28:00,2011-06-08 08:02:00,5,1628.56,260,92,325.71
12384,2011-08-10 11:23:00,2011-08-10 11:23:00,1,212.69,29,29,212.69
12386,2010-12-08 09:53:00,2011-01-06 12:37:00,2,401.9,274,245,200.95
12388,2011-01-17 11:12:00,2011-07-14 13:28:00,4,1668.34,234,56,417.08
12393,2011-01-11 09:47:00,2011-04-08 09:45:00,3,1061.1,240,153,353.7
12394,2011-05-06 14:01:00,2011-05-06 14:01:00,1,351.08,125,125,351.08
12395,2010-12-03 16:35:00,2011-08-19 15:18:00,8,1674.57,279,20,209.32
12397,2011-07-27 14:21:00,2011-07-27 14:21:00,1,1109.81,43,43,1109.81
12399,2011-03-23 09:42:00,2011-08-12 13:15:00,4,1033.65,169,27,258.41
12401,2011-02-09 13:50:00,2011-02-09 13:50:00,1,69.3,211,211,69.3
12402,2011-01-20 13:49:00,2011-01-20 13:49:00,1,195.6,231,231,195.6
12405,2011-07-14 08:52:00,2011-07-14 08:52:00,1,1390.39,56,56,1390.39
12406,2011-06-09 10:23:00,2011-06-09 10:23:00,1,1621.25,91,91,1621.25
12407,2011-03-20 13:21:00,2011-07-28 16:28:00,4,1242.36,172,42,310.59
12408,2011-03-24 14:46:00,2011-09-02 10:27:00,4,1939.05,168,6,484.76
12409,2011-06-10 12:19:00,2011-06-10 12:19:00,1,6207.08,90,90,6207.08
12410,2011-02-04 10:38:00,2011-02-04 10:39:00,2,533.33,216,216,266.67
12412,2011-06-23 13:51:00,2011-07-25 11:17:00,2,836.74,77,45,418.37
12413,2011-01-06 16:12:00,2011-04-17 15:33:00,2,509.9,245,144,254.95
12414,2011-02-02 14:51:00,2011-05-06 14:51:00,3,442.41,218,125,147.47
12415,2011-01-06 11:12:00,2011-09-01 13:51:00,14,101737.88,245,7,7266.99
12417,2010-12-17 11:51:00,2011-08-25 10:26:00,7,2483.52,265,14,354.79
12418,2011-08-19 11:08:00,2011-08-19 11:08:00,1,668.58,20,20,668.58
12421,2011-01-24 15:09:00,2011-08-17 10:56:00,3,488.56,227,22,162.85
12422,2011-01-19 09:13:00,2011-09-05 09:48:00,3,683.56,232,3,227.85
12423,2010-12-21 10:54:00,2011-08-31 08:55:00,7,1440.67,261,8,205.81
12424,2011-06-30 12:06:00,2011-06-30 12:06:00,2,1760.96,70,70,880.48
12426,2011-05-29 12:26:00,2011-05-29 12:26:00,1,510.73,102,102,510.73
12427,2010-12-03 10:44:00,2010-12-03 10:44:00,1,249.5,279,279,249.5
12428,2011-03-01 09:33:00,2011-08-11 12:58:00,7,6076.92,191,28,868.13
12429,2010-12-09 12:05:00,2011-06-20 12:14:00,3,2482.88,273,80,827.63
12431,2010-12-01 10:03:00,2011-08-12 14:19:00,11,4732.07,281,27,430.19
12432,2011-06-20 13:27:00,2011-06-20 13:29:00,2,3316.66,80,80,1658.33
12433,2010-12-01 13:24:00,2010-12-08 16:49:00,2,3787.12,281,274,1893.56
12434,2011-03-24 13:05:00,2011-03-24 13:05:00,1,286.25,168,168,286.25
12435,2011-03-17 07:40:00,2011-03-17 07:40:00,1,3978.99,175,175,3978.99
12436,2011-09-01 12:09:00,2011-09-01 12:09:00,1,429.01,7,7,429.01
12437,2011-01-12 14:13:00,2011-09-02 13:15:00,11,2505.41,239,6,227.76
12438,2011-07-22 13:29:00,2011-07-22 13:29:00,1,770.07,48,48,770.07
12441,2010-12-08 10:45:00,2010-12-08 10:45:00,1,155.55,274,274,155.55
12444,2011-06-21 14:00:00,2011-08-10 08:41:00,2,2347.27,79,29,1173.64
12447,2011-04-10 13:25:00,2011-04-10 13:25:00,1,431.49,151,151,431.49
12449,2011-06-05 15:37:00,2011-08-02 09:14:00,2,1456.88,95,37,728.44
12450,2011-06-19 14:36:00,2011-07-06 14:41:00,2,197.88,81,64,98.94
12451,2011-01-19 09:05:00,2011-05-05 17:34:00,2,5307.82,232,126,2653.91
12453,2011-07-28 14:08:00,2011-07-28 14:08:00,1,707.09,42,42,707.09
12455,2011-02-16 09:56:00,2011-08-04 11:07:00,4,2077.36,204,35,519.34
12456,2011-03-30 09:12:00,2011-07-31 15:25:00,2,1825.4,162,39,912.7
12457,2011-04-14 18:57:00,2011-04-20 10:10:00,3,907.25,147,141,302.42
12458,2011-02-28 10:55:00,2011-02-28 10:55:00,1,361.92,192,192,361.92
12461,2011-07-08 10:23:00,2011-07-08 10:23:00,1,626.88,62,62,626.88
12462,2011-02-09 14:44:00,2011-02-09 14:44:00,1,594.11,211,211,594.11
12463,2011-04-12 12:47:00,2011-06-17 14:28:00,3,877.79,149,83,292.6
12464,2011-02-03 13:30:00,2011-08-25 13:33:00,6,615.55,217,14,102.59
12465,2011-06-23 13:37:00,2011-06-23 13:37:00,1,410.94,77,77,410.94
12468,2011-01-27 13:29:00,2011-06-05 11:36:00,2,657.54,224,95,328.77
12471,2010-12-10 09:35:00,2011-08-24 16:13:00,17,9665.0,272,15,568.53
12472,2010-12-05 14:19:00,2011-07-24 11:55:00,5,4549.6,277,46,909.92
12473,2011-06-01 10:15:00,2011-08-17 12:04:00,2,1013.75,99,22,506.88
12474,2011-01-14 10:06:00,2011-09-02 10:53:00,13,3984.06,237,6,306.47
12476,2010-12-13 14:39:00,2011-07-21 17:39:00,6,2687.67,269,49,447.94
12477,2011-02-11 12:45:00,2011-08-31 09:11:00,3,8834.03,209,8,2944.68
12480,2011-01-07 15:27:00,2011-07-19 14:04:00,3,1892.95,244,51,630.98
12481,2010-12-09 10:13:00,2011-06-13 10:52:00,8,3671.26,273,87,458.91
12483,2011-01-04 14:20:00,2011-09-02 11:42:00,6,1290.06,247,6,215.01
12484,2011-01-07 14:04:00,2011-08-28 13:32:00,3,3210.65,244,11,1070.22
12489,2011-01-07 13:13:00,2011-01-07 13:13:00,1,298.93,244,244,298.93
12490,2011-01-14 09:13:00,2011-09-07 13:22:00,6,3210.59,237,1,535.1
12492,2011-08-26 14:51:00,2011-08-26 14:51:00,1,108.39,13,13,108.39
12493,2011-05-26 14:53:00,2011-06-27 10:17:00,2,379.74,105,73,189.87
12494,2010-12-09 11:31:00,2011-07-01 12:17:00,5,760.86,273,69,152.17
12500,2011-01-10 09:48:00,2011-08-25 12:50:00,6,1647.84,241,14,274.64
12501,2011-01-07 12:28:00,2011-01-07 12:28:00,1,2025.39,244,244,2025.39
12502,2011-02-03 10:41:00,2011-09-05 11:52:00,5,2995.87,217,3,599.17
12506,2011-04-21 08:54:00,2011-04-21 08:54:00,1,73.5,140,140,73.5
12507,2011-02-14 09:24:00,2011-07-28 17:09:00,3,1052.81,206,42,350.94
12509,2011-02-28 14:45:00,2011-02-28 14:45:00,1,158.5,192,192,158.5
12510,2011-01-18 14:04:00,2011-07-20 10:15:00,2,814.57,233,50,407.28
12513,2011-08-19 10:51:00,2011-08-19 10:51:00,1,558.29,20,20,558.29
12514,2011-03-17 16:38:00,2011-03-17 16:38:00,1,1017.68,175,175,1017.68
12515,2010-12-21 15:43:00,2010-12-21 15:43:00,1,278.7,261,261,278.7
12516,2011-06-12 11:37:00,2011-06-12 11:37:00,1,529.2,88,88,529.2
12517,2011-06-02 15:13:00,2011-08-05 15:02:00,2,1431.45,98,34,715.72
12518,2011-08-21 13:18:00,2011-08-21 13:18:00,1,288.83,18,18,288.83
12520,2011-03-11 11:35:00,2011-07-20 14:38:00,4,1829.85,181,50,457.46
12521,2011-07-20 10:51:00,2011-07-20 10:51:00,1,545.68,50,50,545.68
12523,2011-01-12 09:43:00,2011-08-24 10:13:00,7,927.75,239,15,132.54
12524,2011-01-10 10:35:00,2011-06-30 15:30:00,6,2744.48,241,70,457.41
12526,2011-09-06 14:19:00,2011-09-06 14:19:00,1,484.3,2,2,484.3
12527,2011-01-18 12:05:00,2011-02-18 09:41:00,2,266.92,233,202,133.46
12528,2011-01-31 09:05:00,2011-08-17 12:30:00,4,1089.37,220,22,272.34
12530,2011-01-07 10:04:00,2011-08-08 10:59:00,3,1095.65,244,31,365.22
12534,2011-08-01 10:26:00,2011-08-01 10:26:00,1,981.18,38,38,981.18
12535,2011-06-06 12:47:00,2011-06-06 12:47:00,1,371.45,94,94,371.45
12539,2011-01-10 09:11:00,2011-03-22 16:00:00,3,4517.69,241,170,1505.9
12540,2010-12-13 09:39:00,2011-09-08 13:38:00,11,7874.86,269,0,715.9
12541,2011-03-04 09:32:00,2011-06-19 15:59:00,2,480.14,188,81,240.07
12545,2011-03-25 12:04:00,2011-03-25 12:04:00,1,544.15,167,167,544.15
12547,2011-03-04 12:46:00,2011-05-26 12:38:00,2,151.8,188,105,75.9
12548,2011-06-26 15:35:00,2011-06-26 15:35:00,1,67.2,74,74,67.2
12551,2010-12-17 11:23:00,2010-12-17 11:23:00,1,168.0,265,265,168.0
12553,2011-01-14 10:42:00,2011-08-21 14:42:00,7,2113.59,237,18,301.94
12556,2011-07-11 13:35:00,2011-07-11 13:35:00,1,308.75,59,59,308.75
12557,2010-12-03 12:20:00,2011-07-04 13:19:00,4,9000.96,279,66,2250.24
12559,2011-01-24 10:12:00,2011-02-02 09:49:00,2,525.71,227,218,262.86
12560,2011-07-19 15:55:00,2011-07-19 15:55:00,1,1292.31,51,51,1292.31
12561,2011-02-10 11:39:00,2011-02-10 11:39:00,1,238.85,210,210,238.85
12562,2011-05-25 12:44:00,2011-08-05 08:40:00,3,1443.23,106,34,481.08
12564,2011-03-23 14:55:00,2011-03-23 14:55:00,1,402.9,169,169,402.9
12565,2011-02-24 10:34:00,2011-02-24 10:34:00,1,145.92,196,196,145.92
12567,2010-12-05 11:57:00,2011-09-04 14:22:00,9,7165.98,277,4,796.22
12569,2011-04-01 13:47:00,2011-09-08 15:22:00,15,1645.68,160,0,109.71
12571,2011-08-10 12:35:00,2011-08-10 12:35:00,1,248.35,29,29,248.35
12573,2011-04-26 15:52:00,2011-04-26 15:52:00,1,160.54,135,135,160.54
12574,2011-01-28 09:20:00,2011-01-28 09:20:00,1,182.45,223,223,182.45
12576,2011-02-08 11:31:00,2011-09-05 10:06:00,4,936.55,212,3,234.14
12577,2010-12-15 16:21:00,2010-12-15 16:21:00,1,195.89,267,267,195.89
12578,2011-01-13 15:34:00,2011-01-13 15:34:00,1,1412.66,238,238,1412.66
12580,2011-04-07 10:24:00,2011-04-07 10:24:00,1,379.7,154,154,379.7
12582,2011-02-24 11:42:00,2011-04-15 08:45:00,2,351.36,196,146,175.68
12583,2010-12-01 08:45:00,2011-08-25 12:26:00,9,3908.21,281,14,434.25
12584,2011-03-04 15:15:00,2011-08-04 17:07:00,4,698.59,188,35,174.65
12585,2010-12-23 12:58:00,2011-04-19 13:39:00,2,1824.1,259,142,912.05
12589,2011-07-18 12:05:00,2011-07-18 12:05:00,1,113.5,52,52,113.5
12590,2011-05-12 14:46:00,2011-05-12 14:46:00,1,9341.26,119,119,9341.26
12591,2011-01-26 14:35:00,2011-01-26 14:35:00,1,368.85,225,225,368.85
12592,2011-05-10 13:44:00,2011-09-08 15:04:00,2,401.6,121,0,200.8
12593,2011-05-05 09:29:00,2011-08-23 12:43:00,3,382.1,126,16,127.37
12594,2011-01-21 09:52:00,2011-08-10 14:26:00,7,2399.9,230,29,342.84
12596,2011-04-11 13:22:00,2011-04-11 13:22:00,1,213.95,150,150,213.95
12597,2011-03-16 14:00:00,2011-06-09 16:04:00,2,1120.81,176,91,560.4
12598,2011-02-28 11:58:00,2011-07-01 11:43:00,3,1422.38,192,69,474.13
12599,2011-02-08 13:28:00,2011-08-05 12:38:00,6,731.04,212,34,121.84
12600,2010-12-03 12:57:00,2011-08-19 11:23:00,8,1720.56,279,20,215.07
12601,2011-01-11 10:38:00,2011-06-03 10:17:00,5,487.06,240,97,97.41
12604,2011-03-23 12:06:00,2011-03-23 12:06:00,1,160.5,169,169,160.5
12609,2011-01-25 15:13:00,2011-06-06 15:31:00,2,674.73,226,94,337.36
12610,2011-08-05 13:52:00,2011-08-25 12:57:00,2,1104.25,34,14,552.12
12613,2011-03-22 15:42:00,2011-05-26 09:18:00,3,1336.52,170,105,445.51
12614,2011-03-07 10:22:00,2011-03-07 10:22:00,1,315.6,185,185,315.6
12615,2011-06-24 13:35:00,2011-06-24 13:35:00,1,580.74,76,76,580.74
12616,2011-02-15 14:17:00,2011-09-05 15:17:00,2,641.3,205,3,320.65
12619,2011-03-31 13:10:00,2011-08-15 13:22:00,4,1535.78,161,24,383.94
12620,2011-05-19 12:10:00,2011-05-19 12:10:00,1,561.66,112,112,561.66
12621,2010-12-09 10:16:00,2011-08-31 15:30:00,15,9223.04,273,8,614.87
12622,2011-04-21 16:39:00,2011-04-21 16:39:00,1,162.1,140,140,162.1
12623,2011-03-08 13:50:00,2011-03-08 13:50:00,1,269.1,184,184,269.1
12624,2011-06-15 12:34:00,2011-08-25 15:04:00,2,569.13,85,14,284.56
12625,2011-01-24 13:27:00,2011-05-12 09:54:00,2,2413.82,227,119,1206.91
12626,2011-01-17 11:01:00,2011-08-19 11:46:00,6,4288.0,234,20,714.67
12627,2011-07-22 13:59:00,2011-09-04 14:09:00,4,2493.83,48,4,623.46
12633,2011-02-25 08:44:00,2011-08-02 09:35:00,3,1732.75,195,37,577.58
12635,2011-07-08 08:43:00,2011-07-08 08:43:00,1,629.64,62,62,629.64
12637,2011-01-20 10:47:00,2011-09-07 15:07:00,6,4192.2,231,1,698.7
12639,2011-04-15 12:48:00,2011-04-15 12:48:00,1,366.1,146,146,366.1
12641,2011-08-16 13:26:00,2011-08-16 13:26:00,1,145.9,23,23,145.9
12642,2011-08-24 09:23:00,2011-08-24 09:23:00,1,330.45,15,15,330.45
12643,2011-01-11 11:48:00,2011-08-03 12:56:00,6,3041.64,240,36,506.94
12644,2011-08-02 10:33:00,2011-08-02 10:33:00,1,477.91,37,37,477.91
12645,2011-01-27 13:08:00,2011-08-22 12:40:00,3,1220.86,224,17,406.95
12647,2010-12-05 14:02:00,2011-08-05 13:49:00,9,2472.71,277,34,274.75
12648,2011-07-08 11:55:00,2011-07-08 11:55:00,1,300.05,62,62,300.05
12649,2011-05-11 14:37:00,2011-08-24 14:41:00,3,569.51,120,15,189.84
12651,2011-01-09 12:46:00,2011-01-09 12:46:00,1,114.0,242,242,114.0
12652,2011-01-12 15:00:00,2011-01-12 15:00:00,1,793.98,239,239,793.98
12653,2011-02-16 10:53:00,2011-07-14 10:41:00,2,2209.85,204,56,1104.92
12654,2011-02-17 13:16:00,2011-05-26 10:43:00,3,301.75,203,105,100.58
12656,2011-04-20 09:20:00,2011-08-15 12:53:00,3,2514.67,141,24,838.22
12662,2010-12-01 13:04:00,2011-08-24 13:42:00,7,2437.66,281,15,348.24
12664,2011-01-21 11:42:00,2011-07-19 12:43:00,3,1757.48,230,51,585.83
12665,2011-01-19 08:34:00,2011-01-19 08:34:00,1,45.0,232,232,45.0
12668,2010-12-19 12:46:00,2011-03-25 14:53:00,3,2438.47,263,167,812.82
12669,2011-03-28 10:15:00,2011-07-12 09:54:00,2,1427.73,164,58,713.86
12670,2011-04-21 10:16:00,2011-09-02 09:51:00,3,1490.47,140,6,496.82
12672,2011-01-14 09:20:00,2011-01-14 09:20:00,1,225.9,237,237,225.9
12673,2011-01-17 11:46:00,2011-01-17 11:46:00,1,220.9,234,234,220.9
12674,2011-05-16 09:10:00,2011-06-22 09:43:00,2,904.8,115,78,452.4
12676,2011-02-01 15:41:00,2011-08-08 10:01:00,4,838.05,219,31,209.51
12678,2010-12-21 14:26:00,2011-08-31 11:22:00,6,7474.26,261,8,1245.71
12679,2011-03-01 12:26:00,2011-05-18 12:18:00,2,798.38,191,113,399.19
12680,2011-08-18 15:44:00,2011-08-18 15:44:00,1,275.78,21,21,275.78
12681,2010-12-07 10:08:00,2011-07-11 11:39:00,15,8948.58,275,59,596.57
12682,2010-12-03 13:59:00,2011-08-31 12:18:00,20,7373.92,279,8,368.7
12683,2010-12-09 10:37:00,2011-09-08 10:35:00,12,5956.19,273,0,496.35
12684,2011-05-10 12:55:00,2011-06-22 11:20:00,3,1241.48,121,78,413.83
12685,2011-09-07 10:28:00,2011-09-08 10:32:00,2,1462.42,1,0,731.21
12686,2010-12-03 09:51:00,2010-12-03 09:51:00,1,71.14,279,279,71.14
12688,2011-08-18 08:49:00,2011-08-18 08:49:00,1,4873.81,21,21,4873.81
12689,2011-08-04 10:04:00,2011-08-04 10:04:00,1,475.03,35,35,475.03
12690,2011-05-18 09:09:00,2011-05-18 09:09:00,1,335.01,113,113,335.01
12691,2010-12-17 14:46:00,2011-07-17 14:56:00,3,484.3,265,53,161.43
12693,2011-01-24 12:58:00,2011-08-04 17:51:00,4,711.91,227,35,177.98
12694,2011-06-09 17:48:00,2011-06-09 17:48:00,1,385.5,91,91,385.5
12695,2011-05-13 13:15:00,2011-08-24 12:58:00,2,333.9,118,15,166.95
12697,2011-06-23 15:44:00,2011-07-31 14:17:00,2,573.91,77,39,286.96
12700,2011-05-08 16:10:00,2011-07-06 13:14:00,2,1951.05,123,64,975.52
12701,2011-04-11 13:02:00,2011-04-11 13:02:00,1,301.08,150,150,301.08
12704,2011-06-23 10:20:00,2011-08-26 08:59:00,3,900.92,77,13,300.31
12705,2010-12-17 15:58:00,2011-07-04 14:36:00,4,3928.52,265,66,982.13
12707,2011-02-21 08:38:00,2011-02-21 08:38:00,1,603.42,199,199,603.42
12708,2010-12-06 10:43:00,2011-08-30 08:15:00,7,1833.77,276,9,261.97
12709,2010-12-08 09:49:00,2011-09-04 14:06:00,11,6930.79,274,4,630.07
12710,2011-05-22 14:05:00,2011-09-04 12:00:00,3,1023.02,109,4,341.01
12712,2010-12-03 14:30:00,2011-08-25 09:18:00,11,3499.08,279,14,318.1
12714,2011-02-18 10:53:00,2011-08-25 09:55:00,4,3065.7,202,14,766.42
12715,2011-08-25 15:22:00,2011-08-25 15:22:00,1,263.36,14,14,263.36
12716,2011-07-29 13:28:00,2011-07-29 13:28:00,1,623.9,41,41,623.9
12717,2011-04-08 10:32:00,2011-07-11 14:47:00,2,830.98,153,59,415.49
12720,2010-12-05 15:21:00,2011-09-06 13:47:00,17,3275.84,277,2,192.7
12721,2010-12-20 11:38:00,2011-06-09 17:53:00,4,1500.91,262,91,375.23
12722,2011-07-12 11:55:00,2011-08-17 08:50:00,3,929.65,58,22,309.88
12724,2011-01-11 15:00:00,2011-06-19 13:37:00,2,244.36,240,81,122.18
12725,2010-12-03 15:45:00,2010-12-03 15:45:00,1,371.8,279,279,371.8
12726,2010-12-17 12:56:00,2011-06-08 10:10:00,5,1359.32,265,92,271.86
12727,2011-01-23 15:17:00,2011-09-05 13:38:00,6,2869.7,228,3,478.28
12728,2011-01-11 13:31:00,2011-03-27 13:07:00,3,527.31,240,165,175.77
12729,2011-08-18 11:40:00,2011-08-18 11:40:00,1,417.01,21,21,417.01
12731,2010-12-10 10:56:00,2011-07-18 14:10:00,8,11180.25,272,52,1397.53
12732,2011-06-13 11:33:00,2011-06-13 11:33:00,1,218.26,87,87,218.26
12733,2011-04-19 16:19:00,2011-04-19 16:19:00,1,383.95,142,142,383.95
12734,2010-12-22 12:47:00,2010-12-22 12:47:00,1,110.4,260,260,110.4
12735,2011-01-06 14:26:00,2011-01-28 13:37:00,2,689.57,245,223,344.78
12736,2011-01-11 07:57:00,2011-01-11 07:57:00,1,144.0,240,240,144.0
12738,2010-12-02 18:27:00,2010-12-02 18:27:00,1,137.35,280,280,137.35
12739,2011-09-01 17:45:00,2011-09-01 17:45:00,1,975.54,7,7,975.54
12743,2011-07-28 16:06:00,2011-07-28 16:21:00,2,540.13,42,42,270.06
12744,2011-01-25 13:26:00,2011-07-18 11:55:00,3,8121.13,226,52,2707.04
12747,2010-12-05 15:38:00,2011-08-22 10:38:00,8,2769.4,277,17,346.18
12748,2010-12-01 12:48:00,2011-09-07 14:41:00,130,13182.04,281,1,101.4
12749,2011-05-10 15:25:00,2011-08-01 12:50:00,3,2755.23,121,38,918.41
12750,2011-08-03 09:13:00,2011-08-03 09:13:00,1,275.88,36,36,275.88
12753,2010-12-12 11:44:00,2011-07-27 09:32:00,5,16620.91,270,43,3324.18
12754,2011-02-04 10:31:00,2011-04-18 09:00:00,3,3010.74,216,143,1003.58
12755,2010-12-09 10:44:00,2011-03-04 12:42:00,2,3811.95,273,188,1905.98
12757,2011-05-12 19:01:00,2011-07-20 12:05:00,3,1681.68,119,50,560.56
12758,2011-03-08 12:05:00,2011-08-15 10:22:00,2,2791.59,184,24,1395.8
12759,2011-03-09 08:09:00,2011-06-21 09:26:00,2,1007.52,183,79,503.76
12763,2010-12-05 15:46:00,2011-07-24 14:12:00,2,494.08,277,46,247.04
12764,2011-01-27 10:19:00,2011-01-27 10:19:00,1,1693.88,224,224,1693.88
12766,2010-12-08 13:53:00,2011-07-13 13:37:00,5,4532.19,274,57,906.44
12769,2011-04-15 10:25:00,2011-04-15 10:25:00,1,1143.6,146,146,1143.6
12770,2011-05-13 09:33:00,2011-05-13 09:33:00,1,1351.45,118,118,1351.45
12775,2011-02-01 13:45:00,2011-06-03 07:48:00,4,1074.68,219,97,268.67
12778,2011-01-31 14:35:00,2011-06-09 15:29:00,4,432.06,220,91,108.02
12779,2010-12-03 13:40:00,2011-06-03 10:37:00,7,2999.41,279,97,428.49
12781,2011-02-28 08:43:00,2011-02-28 08:43:00,1,549.26,192,192,549.26
12782,2010-12-17 11:30:00,2011-07-13 10:30:00,4,1714.67,265,57,428.67
12785,2010-12-10 13:48:00,2010-12-10 13:48:00,1,255.95,272,272,255.95
12787,2011-05-31 09:36:00,2011-05-31 09:36:00,1,143.1,100,100,143.1
12790,2011-05-31 14:14:00,2011-05-31 14:14:00,1,294.92,100,100,294.92
12791,2010-12-01 11:27:00,2010-12-01 11:27:00,1,177.6,281,281,177.6
12792,2011-03-28 11:36:00,2011-03-28 11:36:00,1,344.54,164,164,344.54
12793,2010-12-03 15:14:00,2011-01-09 12:12:00,2,461.48,279,242,230.74
12794,2011-09-02 12:01:00,2011-09-02 12:01:00,1,317.0,6,6,317.0
12797,2010-12-09 10:55:00,2010-12-09 10:55:00,1,226.03,273,273,226.03
12798,2011-06-22 10:11:00,2011-06-22 10:11:00,1,1607.04,78,78,1607.04
12802,2011-06-06 09:36:00,2011-06-06 09:36:00,1,397.58,94,94,397.58
12808,2010-12-06 10:27:00,2011-06-08 12:21:00,2,253.35,276,92,126.68
12809,2011-06-15 10:51:00,2011-06-15 10:51:00,1,405.31,85,85,405.31
12811,2011-02-28 15:39:00,2011-03-23 10:55:00,2,458.85,192,169,229.42
12814,2011-08-30 12:11:00,2011-08-30 12:11:00,1,85.92,9,9,85.92
12815,2011-05-25 13:34:00,2011-07-15 10:21:00,2,863.46,106,55,431.73
12816,2011-06-16 13:24:00,2011-09-05 12:41:00,2,452.2,84,3,226.1
12817,2011-03-03 16:28:00,2011-03-03 16:28:00,1,126.04,189,189,126.04
12818,2011-03-23 12:06:00,2011-03-23 12:06:00,1,1182.08,169,169,1182.08
12820,2011-01-17 12:34:00,2011-01-17 12:34:00,1,170.46,234,234,170.46
12821,2011-05-09 15:51:00,2011-05-09 15:51:00,1,92.72,122,122,92.72
12823,2011-02-16 12:15:00,2011-08-04 17:45:00,4,1224.0,204,35,306.0
12826,2010-12-09 15:21:00,2011-06-14 09:41:00,4,818.62,273,86,204.66
12828,2011-08-01 16:16:00,2011-09-01 17:14:00,3,415.51,38,7,138.5
12829,2010-12-14 14:54:00,2011-01-07 11:13:00,2,293.0,268,244,146.5
12830,2011-06-21 10:53:00,2011-07-28 17:18:00,4,5204.0,79,42,1301.0
12831,2011-03-22 13:02:00,2011-03-22 13:02:00,1,215.05,170,170,215.05
12832,2011-09-02 13:48:00,2011-09-02 13:48:00,1,267.8,6,6,267.8
12833,2011-07-17 13:46:00,2011-07-17 13:46:00,1,417.38,53,53,417.38
12834,2011-03-02 09:49:00,2011-03-02 09:49:00,1,312.38,190,190,312.38
12836,2011-02-01 11:19:00,2011-07-25 15:22:00,3,2112.53,219,45,704.18
12837,2011-06-19 16:07:00,2011-06-19 16:07:00,1,134.1,81,81,134.1
12838,2010-12-01 11:57:00,2010-12-01 11:57:00,1,390.79,281,281,390.79
12839,2010-12-07 15:48:00,2011-09-08 13:17:00,9,3097.39,275,0,344.15
12840,2011-04-27 12:21:00,2011-07-19 09:29:00,4,2726.77,134,51,681.69
12841,2010-12-03 10:43:00,2011-08-25 12:12:00,17,2829.91,279,14,166.47
12842,2011-02-04 12:36:00,2011-02-04 12:36:00,1,310.73,216,216,310.73
12843,2011-03-20 14:38:00,2011-07-03 12:21:00,7,1692.31,172,67,241.76
12844,2011-08-01 13:11:00,2011-08-01 13:11:00,1,174.88,38,38,174.88
12845,2011-02-22 14:10:00,2011-03-17 13:34:00,4,354.09,198,175,88.52
12849,2011-03-16 12:26:00,2011-03-16 12:26:00,1,651.21,176,176,651.21
12851,2011-09-04 12:41:00,2011-09-04 12:41:00,1,131.81,4,4,131.81
12852,2011-02-18 08:47:00,2011-02-18 08:47:00,1,311.55,202,202,311.55
12853,2011-01-28 10:28:00,2011-07-28 11:29:00,6,1957.1,223,42,326.18
12854,2011-01-25 13:35:00,2011-04-12 14:17:00,2,810.37,226,149,405.18
12855,2010-12-02 09:37:00,2010-12-02 09:37:00,1,38.1,280,280,38.1
12857,2011-02-10 12:32:00,2011-05-13 10:20:00,2,1106.4,210,118,553.2
12864,2011-07-24 13:03:00,2011-07-24 13:03:00,1,147.12,46,46,147.12
12865,2011-08-08 10:11:00,2011-08-08 10:11:00,1,981.38,31,31,981.38
12866,2011-03-01 14:11:00,2011-03-01 14:11:00,1,499.12,191,191,499.12
12867,2010-12-14 16:39:00,2011-09-04 13:35:00,6,3015.96,268,4,502.66
12868,2010-12-01 12:50:00,2011-06-07 10:42:00,6,1607.06,281,93,267.84
12871,2011-05-16 13:32:00,2011-05-16 13:32:00,1,132.0,115,115,132.0
12872,2010-12-09 14:44:00,2011-01-17 10:52:00,2,599.97,273,234,299.98
12873,2011-03-02 14:58:00,2011-03-02 14:58:00,1,374.0,190,190,374.0
12875,2010-12-12 12:03:00,2011-07-19 15:30:00,2,343.23,270,51,171.62
12876,2011-05-27 13:34:00,2011-05-27 13:34:00,1,666.43,104,104,666.43
12877,2010-12-16 12:23:00,2011-08-07 11:40:00,9,1059.23,266,32,117.69
12878,2011-03-18 14:02:00,2011-04-17 13:07:00,2,854.99,174,144,427.5
12881,2011-03-09 11:44:00,2011-03-09 11:44:00,1,298.0,183,183,298.0
12885,2011-08-08 11:45:00,2011-08-08 11:45:00,1,645.35,31,31,645.35
12886,2011-05-04 11:21:00,2011-05-04 11:21:00,1,775.0,127,127,775.0
12888,2011-03-29 14:31:00,2011-05-09 16:02:00,2,354.12,163,122,177.06
12891,2011-02-20 11:28:00,2011-06-07 12:31:00,3,331.0,200,93,110.33
12897,2011-02-11 11:40:00,2011-05-19 12:13:00,2,216.5,209,112,108.25
12901,2011-03-14 10:41:00,2011-08-23 10:56:00,19,11639.47,178,16,612.6
12902,2011-03-20 12:06:00,2011-03-20 12:06:00,1,138.68,172,172,138.68
12904,2011-06-20 13:18:00,2011-06-20 13:18:00,1,244.69,80,80,244.69
12908,2011-01-31 12:37:00,2011-06-16 15:39:00,2,750.0,220,84,375.0
12909,2011-03-31 12:51:00,2011-05-22 11:52:00,3,1528.37,161,109,509.46
12910,2011-04-12 10:01:00,2011-07-28 14:36:00,4,1486.9,149,42,371.72
12913,2010-12-06 16:36:00,2011-03-02 10:49:00,3,866.39,276,190,288.8
12915,2010-12-02 12:33:00,2011-07-14 11:34:00,2,363.65,280,56,181.82
12916,2011-01-23 10:43:00,2011-07-24 10:35:00,4,2944.95,228,46,736.24
12917,2011-08-03 16:42:00,2011-08-03 16:42:00,1,594.0,36,36,594.0
12919,2011-06-23 09:22:00,2011-08-15 11:39:00,3,441.65,77,24,147.22
12921,2010-12-01 15:06:00,2011-09-02 13:01:00,24,10083.47,281,6,420.14
12922,2011-07-01 15:35:00,2011-07-01 15:35:00,1,405.38,69,69,405.38
12924,2011-01-16 11:49:00,2011-05-25 13:35:00,3,647.32,235,106,215.77
12928,2010-12-15 15:45:00,2011-07-15 08:09:00,3,1136.14,267,55,378.71
12929,2011-02-01 12:08:00,2011-02-01 12:08:00,1,117.85,219,219,117.85
12930,2011-06-21 13:25:00,2011-06-21 13:25:00,1,221.56,79,79,221.56
12931,2010-12-17 09:45:00,2011-08-30 11:54:00,11,32530.7,265,9,2957.34
12933,2011-03-01 11:30:00,2011-06-21 16:13:00,2,357.49,191,79,178.74
12935,2011-01-24 13:58:00,2011-08-22 12:22:00,4,1535.34,227,17,383.84
12937,2011-03-17 14:19:00,2011-05-26 14:17:00,2,428.23,175,105,214.12
12939,2011-01-09 11:20:00,2011-07-24 12:51:00,4,7990.08,242,46,1997.52
12942,2010-12-09 09:34:00,2011-07-31 14:39:00,3,675.6,273,39,225.2
12944,2010-12-20 10:41:00,2010-12-20 10:41:00,1,286.95,262,262,286.95
12945,2011-02-24 14:15:00,2011-02-24 14:15:00,1,462.95,196,196,462.95
12947,2010-12-01 16:21:00,2011-07-19 10:06:00,6,1603.99,281,51,267.33
12948,2011-03-20 10:17:00,2011-08-26 14:45:00,4,1423.96,172,13,355.99
12949,2011-04-01 13:20:00,2011-08-17 15:11:00,7,3449.42,160,22,492.77
12951,2011-01-13 10:33:00,2011-06-19 10:35:00,5,751.78,238,81,150.36
12955,2011-03-17 09:03:00,2011-09-08 12:48:00,6,1843.36,175,0,307.23
12956,2011-02-06 16:08:00,2011-02-06 16:08:00,1,108.07,214,214,108.07
12957,2011-01-04 12:18:00,2011-06-06 13:43:00,4,1715.29,247,94,428.82
12962,2011-08-18 13:38:00,2011-08-18 13:38:00,1,170.54,21,21,170.54
12963,2010-12-09 09:14:00,2010-12-09 09:14:00,1,365.8,273,273,365.8
12967,2010-12-03 09:49:00,2010-12-16 19:10:00,2,1660.9,279,266,830.45
12968,2011-08-19 15:44:00,2011-08-19 15:44:00,1,135.95,20,20,135.95
12970,2011-01-21 14:04:00,2011-01-21 14:21:00,2,23.8,230,230,11.9
12971,2010-12-02 16:42:00,2011-09-08 14:02:00,64,8165.32,280,0,127.58
12974,2011-05-26 09:33:00,2011-05-26 09:33:00,1,144.8,105,105,144.8
12976,2011-05-12 09:55:00,2011-05-12 09:55:00,1,738.6,119,119,738.6
12977,2011-07-06 16:40:00,2011-07-06 16:40:00,1,39.24,64,64,39.24
12980,2010-12-16 11:36:00,2011-07-05 09:34:00,9,7374.9,266,65,819.43
12981,2011-07-29 14:14:00,2011-07-29 14:14:00,1,187.18,41,41,187.18
12982,2011-04-11 11:51:00,2011-04-11 11:51:00,1,390.54,150,150,390.54
12987,2011-05-26 12:00:00,2011-05-26 12:00:00,1,304.3,105,105,304.3
12988,2011-02-20 14:31:00,2011-02-20 14:31:00,1,505.82,200,200,505.82
12989,2010-12-10 13:24:00,2011-07-05 09:16:00,8,4469.14,272,65,558.64
12990,2011-02-02 15:39:00,2011-06-07 14:27:00,2,263.9,218,93,131.95
12991,2011-08-19 14:39:00,2011-08-19 14:39:00,1,303.56,20,20,303.56
12993,2011-02-14 14:29:00,2011-08-11 12:01:00,3,372.4,206,28,124.13
12994,2011-03-16 08:31:00,2011-08-11 17:02:00,2,645.47,176,28,322.74
12997,2011-01-26 15:49:00,2011-04-17 13:02:00,2,608.47,225,144,304.24
12999,2011-04-08 10:26:00,2011-05-27 13:24:00,3,455.88,153,104,151.96
13000,2010-12-10 10:26:00,2011-08-25 10:43:00,3,534.85,272,14,178.28
13001,2011-01-17 12:45:00,2011-07-04 16:08:00,11,8582.57,234,66,780.23
13002,2011-01-25 15:18:00,2011-01-25 15:18:00,1,120.95,226,226,120.95
13003,2011-05-09 08:23:00,2011-08-26 10:50:00,3,149.05,122,13,49.68
13004,2010-12-17 08:20:00,2011-08-17 14:44:00,12,3785.09,265,22,315.42
13005,2011-04-07 13:32:00,2011-06-19 10:53:00,2,513.7,154,81,256.85
13008,2011-01-20 14:24:00,2011-01-20 14:24:00,1,229.47,231,231,229.47
13011,2010-12-02 17:22:00,2010-12-02 17:22:00,1,50.55,280,280,50.55
13012,2011-02-18 09:43:00,2011-07-14 09:58:00,4,1012.31,202,56,253.08
13013,2010-12-03 12:28:00,2011-09-08 11:46:00,9,3686.09,279,0,409.57
13014,2011-03-03 18:28:00,2011-08-18 10:06:00,5,2022.48,189,21,404.5
13015,2011-04-04 14:28:00,2011-05-26 16:25:00,4,1763.04,157,105,440.76
13016,2011-08-08 15:00:00,2011-08-08 15:00:00,1,425.25,31,31,425.25
13018,2011-02-17 11:05:00,2011-09-08 12:01:00,18,5075.71,203,0,281.98
13021,2010-12-16 10:12:00,2011-06-26 11:53:00,4,1152.47,266,74,288.12
13023,2011-08-02 09:34:00,2011-08-02 09:34:00,1,291.4,37,37,291.4
13026,2011-03-09 11:35:00,2011-09-08 10:01:00,3,604.2,183,0,201.4
13027,2010-12-20 12:45:00,2011-08-18 09:39:00,6,6912.0,262,21,1152.0
13029,2010-12-21 13:53:00,2011-07-24 11:37:00,2,773.2,261,46,386.6
13030,2010-12-06 14:31:00,2010-12-06 14:31:00,1,402.36,276,276,402.36
13033,2010-12-17 14:23:00,2010-12-17 14:23:00,1,190.55,265,265,190.55
13034,2010-12-05 14:52:00,2010-12-05 14:52:00,1,165.86,277,277,165.86
13035,2011-03-24 09:21:00,2011-03-24 09:21:00,1,333.0,168,168,333.0
13037,2011-03-28 15:42:00,2011-07-24 15:46:00,3,881.07,164,46,293.69
13038,2011-02-22 11:43:00,2011-06-09 10:31:00,2,591.76,198,91,295.88
13043,2011-03-11 14:52:00,2011-03-11 14:52:00,1,516.42,181,181,516.42
13044,2011-02-21 15:20:00,2011-02-21 15:20:00,1,560.47,199,199,560.47
13045,2011-09-01 15:04:00,2011-09-01 15:04:00,1,305.28,7,7,305.28
13046,2011-03-18 15:43:00,2011-03-18 15:43:00,1,197.72,174,174,197.72
13047,2010-12-01 08:34:00,2011-08-04 17:58:00,8,2682.01,281,35,335.25
13048,2011-01-16 14:36:00,2011-08-18 11:23:00,3,1358.55,235,21,452.85
13049,2011-01-25 16:33:00,2011-01-25 16:33:00,1,153.78,226,226,153.78
13050,2010-12-08 09:30:00,2011-08-25 14:21:00,13,4505.99,274,14,346.61
13052,2011-05-11 14:12:00,2011-05-11 14:12:00,1,348.15,120,120,348.15
13055,2011-05-10 08:58:00,2011-05-10 08:58:00,1,344.86,121,121,344.86
13058,2011-07-11 12:01:00,2011-07-11 12:01:00,1,47.55,59,59,47.55
13059,2011-04-04 10:40:00,2011-04-04 10:40:00,1,183.4,157,157,183.4
13060,2011-03-31 11:37:00,2011-03-31 11:37:00,1,307.53,161,161,307.53
13062,2011-06-01 15:12:00,2011-06-01 15:12:00,1,346.98,99,99,346.98
13064,2011-01-16 13:41:00,2011-07-10 11:34:00,2,659.25,235,60,329.62
13065,2010-12-01 16:52:00,2010-12-01 16:52:00,1,205.86,281,281,205.86
13068,2011-01-24 08:20:00,2011-01-24 08:20:00,1,165.0,227,227,165.0
13069,2010-12-05 11:02:00,2011-09-01 11:48:00,20,3870.02,277,7,193.5
13070,2011-05-31 13:45:00,2011-05-31 13:45:00,1,228.8,100,100,228.8
13072,2011-03-18 08:12:00,2011-03-18 08:12:00,1,177.15,174,174,177.15
13075,2011-08-02 10:19:00,2011-08-02 10:19:00,1,919.61,37,37,919.61
13077,2010-12-08 14:59:00,2011-02-22 16:19:00,3,576.19,274,198,192.06
13078,2010-12-08 09:07:00,2011-08-25 10:16:00,15,6917.15,274,14,461.14
13079,2011-07-22 14:41:00,2011-07-22 14:41:00,1,23.8,48,48,23.8
13080,2011-06-13 14:59:00,2011-06-13 14:59:00,1,58.08,87,87,58.08
13081,2010-12-03 17:20:00,2011-07-19 11:47:00,8,18870.12,279,51,2358.76
13082,2011-01-05 15:42:00,2011-08-05 16:16:00,9,3613.63,246,34,401.51
13085,2011-02-17 13:57:00,2011-07-05 12:11:00,2,416.08,203,65,208.04
13089,2010-12-05 10:27:00,2011-09-01 11:33:00,71,43260.74,277,7,609.31
13090,2010-12-02 07:48:00,2011-07-26 14:51:00,8,4897.02,280,44,612.13
13092,2010-12-15 12:27:00,2011-05-12 10:22:00,4,439.75,267,119,109.94
13093,2010-12-01 15:00:00,2011-03-09 12:14:00,8,7832.47,281,183,979.06
13094,2010-12-06 10:34:00,2011-08-02 12:35:00,10,1545.72,276,37,154.57
13097,2010-12-14 15:13:00,2011-08-09 12:07:00,8,4636.51,268,30,579.56
13098,2011-01-26 13:46:00,2011-09-06 15:34:00,18,15169.46,225,2,842.75
13099,2011-09-01 17:40:00,2011-09-01 17:40:00,1,207.36,7,7,207.36
13101,2011-04-19 14:37:00,2011-04-19 14:37:00,1,101.19,142,142,101.19
13102,2010-12-09 13:38:00,2011-07-29 12:03:00,19,4961.7,273,41,261.14
13104,2010-12-20 11:58:00,2011-07-29 15:25:00,3,376.44,262,41,125.48
13106,2011-07-29 15:12:00,2011-07-29 15:12:00,1,76.5,41,41,76.5
13107,2011-01-10 12:28:00,2011-06-17 08:57:00,2,935.22,241,83,467.61
13108,2010-12-02 10:35:00,2010-12-02 10:35:00,1,350.06,280,280,350.06
13109,2011-07-05 14:56:00,2011-07-05 14:56:00,1,369.85,65,65,369.85
13110,2011-02-01 15:24:00,2011-07-25 16:20:00,5,1042.24,219,45,208.45
13113,2010-12-08 13:21:00,2011-08-18 10:10:00,20,10787.06,274,21,539.35
13115,2011-06-08 16:15:00,2011-06-08 16:15:00,1,878.55,92,92,878.55
13116,2011-07-24 14:33:00,2011-07-24 14:33:00,1,501.14,46,46,501.14
13117,2010-12-02 13:11:00,2011-08-10 10:09:00,7,841.77,280,29,120.25
13118,2011-02-24 12:32:00,2011-05-15 13:22:00,3,799.7,196,116,266.57
13120,2011-04-15 10:19:00,2011-04-15 10:19:00,1,30.6,146,146,30.6
13121,2011-03-15 16:47:00,2011-03-15 16:47:00,1,283.73,177,177,283.73
13122,2011-04-13 14:12:00,2011-09-06 15:53:00,2,922.39,148,2,461.2
13124,2010-12-15 15:00:00,2011-04-01 14:58:00,2,2516.47,267,160,1258.23
13126,2010-12-08 11:42:00,2011-03-31 16:40:00,5,1077.42,274,161,215.48
13130,2011-09-06 15:30:00,2011-09-06 15:30:00,1,64.0,2,2,64.0
13131,2011-06-05 10:54:00,2011-06-05 10:54:00,1,324.9,95,95,324.9
13132,2011-03-23 12:44:00,2011-03-23 12:44:00,1,77.3,169,169,77.3
13133,2011-02-08 15:48:00,2011-03-11 10:31:00,2,109.8,212,181,54.9
13134,2011-04-13 12:57:00,2011-06-09 11:37:00,3,885.74,148,91,295.25
13135,2011-05-27 10:52:00,2011-05-27 10:52:00,1,3096.0,104,104,3096.0
13136,2011-05-11 12:47:00,2011-07-20 12:01:00,3,1226.68,120,50,408.89
13137,2011-02-04 11:54:00,2011-09-08 12:42:00,5,1888.32,216,0,377.66
13138,2010-12-02 15:03:00,2011-07-29 13:34:00,3,489.45,280,41,163.15
13139,2011-03-25 11:57:00,2011-08-22 10:04:00,3,1710.94,167,17,570.31
13140,2010-12-08 15:12:00,2011-08-23 15:33:00,3,422.47,274,16,140.82
13141,2011-01-28 13:04:00,2011-05-09 15:33:00,4,1401.03,223,122,350.26
13144,2011-01-11 11:15:00,2011-01-11 11:15:00,1,110.95,240,240,110.95
13145,2010-12-02 18:06:00,2011-08-04 19:06:00,2,413.8,280,35,206.9
13147,2011-09-01 12:28:00,2011-09-01 12:28:00,1,118.8,7,7,118.8
13148,2010-12-10 13:06:00,2011-07-29 08:30:00,10,2766.01,272,41,276.6
13149,2011-02-23 13:57:00,2011-08-25 13:40:00,3,1132.62,197,14,377.54
13151,2011-02-17 12:29:00,2011-02-17 12:29:00,1,1257.87,203,203,1257.87
13155,2010-12-06 12:44:00,2011-01-17 11:21:00,2,569.2,276,234,284.6
13157,2011-02-14 14:03:00,2011-07-21 14:34:00,3,873.2,206,49,291.07
13158,2011-01-25 09:58:00,2011-09-06 11:58:00,4,1201.06,226,2,300.26
13159,2011-08-16 11:44:00,2011-08-25 15:12:00,2,843.09,23,14,421.54
13161,2011-01-30 14:03:00,2011-01-30 14:03:00,1,112.75,221,221,112.75
13162,2011-01-09 10:43:00,2011-08-09 15:59:00,4,1688.29,242,30,422.07
13165,2010-12-23 14:06:00,2010-12-23 14:06:00,1,354.64,259,259,354.64
13166,2011-03-01 15:16:00,2011-03-01 15:16:00,1,417.2,191,191,417.2
13167,2011-07-19 12:13:00,2011-08-01 12:12:00,2,417.55,51,38,208.78
13168,2011-01-25 13:55:00,2011-05-24 13:56:00,3,953.06,226,107,317.69
13169,2011-04-01 14:24:00,2011-04-01 14:24:00,1,505.2,160,160,505.2
13171,2011-02-13 14:16:00,2011-02-13 14:16:00,1,140.35,207,207,140.35
13173,2010-12-07 14:30:00,2010-12-07 14:30:00,1,165.94,275,275,165.94
13174,2010-12-05 16:24:00,2011-01-27 15:36:00,2,2030.06,277,224,1015.03
13178,2010-12-14 12:22:00,2011-07-29 13:37:00,8,4391.73,268,41,548.97
13183,2011-01-09 10:50:00,2011-08-30 16:53:00,6,2394.98,242,9,399.16
13184,2011-02-22 17:25:00,2011-08-01 11:12:00,9,1471.1,198,38,163.46
13185,2011-03-17 11:56:00,2011-03-17 11:56:00,1,71.4,175,175,71.4
13186,2011-08-03 09:09:00,2011-09-07 11:46:00,2,1301.94,36,1,650.97
13187,2011-01-06 18:57:00,2011-01-06 18:57:00,1,236.02,245,245,236.02
13189,2011-08-16 13:12:00,2011-08-16 13:12:00,1,127.0,23,23,127.0
13192,2011-05-18 14:57:00,2011-09-05 14:13:00,2,911.94,113,3,455.97
13194,2011-07-27 09:01:00,2011-07-27 09:01:00,1,60.7,43,43,60.7
13196,2011-03-22 14:24:00,2011-03-22 14:24:00,1,512.13,170,170,512.13
13198,2010-12-13 09:29:00,2011-08-11 12:48:00,5,3009.18,269,28,601.84
13199,2010-12-08 10:51:00,2011-09-08 14:53:00,21,4725.16,274,0,225.01
13200,2011-08-05 14:50:00,2011-08-05 14:50:00,1,319.32,34,34,319.32
13203,2011-04-11 14:40:00,2011-08-11 10:29:00,2,309.86,150,28,154.93
13207,2011-07-12 11:35:00,2011-07-12 11:35:00,1,197.52,58,58,197.52
13208,2011-02-03 19:32:00,2011-07-07 14:18:00,4,828.82,217,63,207.2
13209,2010-12-13 10:31:00,2011-08-03 12:10:00,5,4156.08,269,36,831.22
13210,2011-09-07 08:18:00,2011-09-07 08:18:00,1,353.48,1,1,353.48
13211,2010-12-13 16:17:00,2011-09-05 17:36:00,2,784.64,269,3,392.32
13213,2011-05-24 12:22:00,2011-08-03 13:06:00,4,963.88,107,36,240.97
13216,2011-03-17 12:18:00,2011-03-17 12:18:00,1,333.74,175,175,333.74
13217,2011-07-06 12:08:00,2011-08-09 15:32:00,3,533.98,64,30,177.99
13218,2011-08-04 16:59:00,2011-08-04 16:59:00,1,62.64,35,35,62.64
13220,2011-04-17 10:59:00,2011-06-07 11:10:00,3,726.49,144,93,242.16
13221,2010-12-15 13:24:00,2011-04-13 16:58:00,2,844.86,267,148,422.43
13223,2011-04-21 15:16:00,2011-05-23 13:03:00,2,163.2,140,108,81.6
13224,2011-07-11 14:10:00,2011-07-11 14:10:00,1,1212.26,59,59,1212.26
13225,2010-12-13 09:49:00,2011-07-19 16:36:00,5,4299.56,269,51,859.91
13226,2011-03-11 14:35:00,2011-03-11 14:35:00,1,108.21,181,181,108.21
13227,2011-05-22 11:47:00,2011-05-22 11:47:00,1,257.7,109,109,257.7
13229,2011-04-28 12:07:00,2011-04-28 12:07:00,1,160.95,133,133,160.95
13230,2010-12-09 19:28:00,2011-07-24 16:18:00,12,2195.23,273,46,182.94
13232,2011-04-10 13:48:00,2011-09-02 13:18:00,5,1018.45,151,6,203.69
13233,2011-01-07 14:49:00,2011-01-07 14:49:00,1,304.24,244,244,304.24
13235,2011-05-11 17:13:00,2011-05-11 17:13:00,1,1031.07,120,120,1031.07
13236,2011-08-25 08:58:00,2011-08-25 08:58:00,1,439.23,14,14,439.23
13238,2010-12-14 14:37:00,2011-06-29 12:12:00,2,318.85,268,71,159.43
13239,2011-03-23 10:25:00,2011-03-23 10:25:00,1,329.56,169,169,329.56
13240,2010-12-09 12:49:00,2011-09-04 14:08:00,4,648.7,273,4,162.18
13242,2011-05-10 12:26:00,2011-08-19 12:53:00,3,270.4,121,20,90.13
13243,2011-05-20 13:14:00,2011-05-20 13:14:00,1,585.12,111,111,585.12
13244,2011-09-08 11:46:00,2011-09-08 11:46:00,1,121.74,1,0,121.74
13246,2011-01-13 13:36:00,2011-06-16 12:51:00,5,1838.51,238,84,367.7
13248,2011-06-03 13:05:00,2011-08-07 12:40:00,2,465.68,97,32,232.84
13249,2011-03-23 15:26:00,2011-09-08 13:26:00,3,711.41,169,0,237.14
13253,2011-01-04 15:43:00,2011-07-06 10:09:00,2,1030.4,247,64,515.2
13255,2010-12-01 11:58:00,2010-12-01 11:58:00,1,225.7,281,281,225.7
13258,2011-05-18 13:11:00,2011-05-18 13:11:00,1,198.87,113,113,198.87
13261,2011-02-27 10:41:00,2011-03-16 12:22:00,2,944.1,193,176,472.05
13262,2011-03-21 15:06:00,2011-03-21 15:06:00,1,200.29,171,171,200.29
13263,2011-01-18 16:31:00,2011-08-23 17:31:00,23,4844.57,233,16,210.63
13265,2011-03-11 09:54:00,2011-06-09 09:28:00,3,1450.66,181,91,483.55
13266,2011-03-28 10:14:00,2011-08-19 09:35:00,8,2535.58,164,20,316.95
13267,2010-12-08 09:20:00,2011-09-08 15:36:00,15,3119.34,274,0,207.96
13268,2011-03-17 13:20:00,2011-06-23 11:38:00,6,2117.81,175,77,352.97
13269,2010-12-05 11:51:00,2011-08-22 12:10:00,8,2978.5,277,17,372.31
13270,2010-12-08 14:53:00,2010-12-08 14:53:00,1,590.0,274,274,590.0
13273,2011-08-18 14:02:00,2011-08-18 14:02:00,1,138.98,21,21,138.98
13276,2011-09-01 10:03:00,2011-09-01 10:03:00,1,137.38,7,7,137.38
13277,2011-07-29 10:06:00,2011-08-15 14:50:00,2,125.9,41,24,62.95
13280,2011-01-06 17:10:00,2011-08-09 13:14:00,3,798.46,245,30,266.15
13282,2011-05-03 12:03:00,2011-06-30 13:17:00,2,773.1,128,70,386.55
13283,2011-06-07 12:39:00,2011-06-07 12:39:00,1,25.5,93,93,25.5
13284,2011-01-13 09:23:00,2011-01-13 09:23:00,1,201.19,238,238,201.19
13285,2011-02-22 17:13:00,2011-07-01 14:53:00,3,1970.1,198,69,656.7
13291,2011-07-07 10:36:00,2011-07-07 10:36:00,1,361.11,63,63,361.11
13292,2011-02-28 15:00:00,2011-02-28 15:00:00,1,249.57,192,192,249.57
13294,2011-04-04 12:37:00,2011-06-03 08:54:00,2,873.74,157,97,436.87
13295,2010-12-15 11:21:00,2010-12-15 11:21:00,1,201.2,267,267,201.2
13296,2011-07-25 13:46:00,2011-07-25 13:46:00,1,87.4,45,45,87.4
13299,2011-03-16 12:55:00,2011-03-16 12:55:00,1,142.5,176,176,142.5
13300,2011-06-23 13:09:00,2011-06-23 13:09:00,1,371.89,77,77,371.89
13301,2011-02-20 13:13:00,2011-08-28 11:25:00,4,600.19,200,11,150.05
13302,2011-07-07 17:56:00,2011-07-07 17:56:00,1,63.75,63,63,63.75
13304,2010-12-23 14:35:00,2010-12-23 14:35:00,1,300.42,259,259,300.42
13305,2010-12-02 12:10:00,2011-09-08 10:02:00,8,1471.25,280,0,183.91
13307,2011-08-11 17:14:00,2011-08-11 17:14:00,1,15.0,28,28,15.0
13308,2011-05-20 13:13:00,2011-05-20 13:13:00,1,814.95,111,111,814.95
13309,2011-02-04 12:29:00,2011-05-17 12:44:00,2,546.64,216,114,273.32
13310,2011-01-19 14:50:00,2011-05-17 13:26:00,2,817.65,232,114,408.82
13311,2011-07-12 14:26:00,2011-07-12 14:26:00,1,490.11,58,58,490.11
13313,2011-01-04 10:00:00,2011-07-21 18:19:00,3,918.34,247,49,306.11
13316,2011-03-30 13:01:00,2011-07-31 11:48:00,2,3535.18,162,39,1767.59
13317,2010-12-16 09:22:00,2011-05-25 10:35:00,5,1313.98,266,106,262.8
13319,2010-12-09 10:04:00,2011-08-18 16:43:00,18,6897.07,273,21,383.17
13320,2011-05-10 10:29:00,2011-08-25 12:10:00,3,981.15,121,14,327.05
13324,2010-12-14 09:50:00,2011-05-20 14:06:00,7,3798.99,268,111,542.71
13327,2010-12-09 15:32:00,2011-08-19 11:55:00,7,2738.75,273,20,391.25
13328,2011-01-27 15:22:00,2011-01-27 15:22:00,1,1308.48,224,224,1308.48
13329,2010-12-08 10:11:00,2010-12-08 10:11:00,1,304.2,274,274,304.2
13330,2011-01-28 10:08:00,2011-09-08 12:27:00,3,1140.93,223,0,380.31
13334,2011-02-07 11:42:00,2011-06-02 11:33:00,2,2708.59,213,98,1354.3
13338,2011-07-05 09:06:00,2011-07-05 09:06:00,1,437.02,65,65,437.02
13339,2011-05-23 08:31:00,2011-05-23 08:31:00,1,860.12,108,108,860.12
13340,2011-03-08 11:39:00,2011-08-26 09:55:00,5,9229.54,184,13,1845.91
13341,2011-03-24 09:50:00,2011-03-24 09:50:00,1,775.85,168,168,775.85
13343,2011-06-15 12:24:00,2011-06-15 12:24:00,1,303.43,85,85,303.43
13344,2011-03-07 10:28:00,2011-03-07 10:28:00,1,1656.15,185,185,1656.15
13345,2011-02-25 09:01:00,2011-02-25 09:01:00,1,339.5,195,195,339.5
13355,2011-08-09 14:48:00,2011-08-09 14:48:00,1,674.7,30,30,674.7
13357,2011-03-27 13:56:00,2011-03-27 13:56:00,1,609.4,165,165,609.4
13358,2011-03-16 11:52:00,2011-03-16 11:52:00,1,389.03,176,176,389.03
13362,2011-02-25 11:33:00,2011-04-08 08:21:00,2,1581.53,195,153,790.76
13365,2011-05-06 12:00:00,2011-05-06 12:00:00,1,700.6,125,125,700.6
13368,2011-01-06 12:32:00,2011-03-28 09:59:00,2,573.4,245,164,286.7
13369,2010-12-09 11:30:00,2010-12-09 11:30:00,1,258.28,273,273,258.28
13370,2010-12-03 10:26:00,2010-12-03 10:26:00,1,754.87,279,279,754.87
13373,2011-03-08 14:35:00,2011-07-04 12:19:00,2,2055.58,184,66,1027.79
13376,2011-04-19 13:03:00,2011-09-01 16:16:00,3,869.76,142,7,289.92
13379,2011-07-26 12:26:00,2011-07-26 12:26:00,1,136.29,44,44,136.29
13381,2011-02-14 10:10:00,2011-08-18 13:47:00,4,2461.33,206,21,615.33
13382,2011-03-04 10:03:00,2011-03-04 10:03:00,1,222.99,188,188,222.99
13384,2011-06-14 12:47:00,2011-08-03 09:40:00,2,1755.84,86,36,877.92
13385,2011-01-14 09:52:00,2011-01-14 09:52:00,1,534.57,237,237,534.57
13388,2011-07-31 12:52:00,2011-07-31 12:52:00,2,677.1,39,39,338.55
13389,2011-04-21 12:12:00,2011-04-21 12:12:00,1,257.89,140,140,257.89
13391,2011-05-20 10:50:00,2011-05-20 10:50:00,1,59.8,111,111,59.8
13394,2011-02-03 10:39:00,2011-08-16 09:25:00,5,1543.45,217,23,308.69
13395,2011-06-07 15:04:00,2011-06-07 15:04:00,1,307.72,93,93,307.72
13396,2011-01-24 13:37:00,2011-01-24 13:37:00,1,387.27,227,227,387.27
13397,2011-01-04 13:50:00,2011-08-21 11:29:00,4,1228.19,247,18,307.05
13398,2011-05-31 13:17:00,2011-05-31 13:17:00,1,457.34,100,100,457.34
13402,2010-12-02 17:12:00,2011-08-04 15:51:00,2,621.23,280,35,310.62
13404,2011-05-11 11:57:00,2011-05-11 11:57:00,1,217.81,120,120,217.81
13405,2011-01-26 09:27:00,2011-05-19 16:31:00,2,557.45,225,112,278.73
13408,2010-12-01 10:39:00,2011-09-01 10:38:00,41,17836.68,281,7,435.04
13410,2011-02-21 14:38:00,2011-06-05 15:52:00,3,545.04,199,95,181.68
13411,2011-08-24 13:57:00,2011-08-24 13:57:00,1,213.55,15,15,213.55
13414,2011-02-16 12:13:00,2011-07-29 11:45:00,3,1390.5,204,41,463.5
13417,2011-05-18 16:26:00,2011-05-18 16:26:00,1,236.0,113,113,236.0
13418,2010-12-02 10:45:00,2011-09-02 09:43:00,15,4744.13,280,6,316.28
13420,2011-06-22 11:35:00,2011-07-13 08:48:00,2,159.85,78,57,79.92
13421,2011-02-22 15:46:00,2011-02-22 15:46:00,1,814.54,198,198,814.54
13425,2011-02-18 08:34:00,2011-08-23 17:13:00,3,1624.21,202,16,541.4
13426,2010-12-15 12:43:00,2011-06-10 09:23:00,5,1558.68,267,90,311.74
13427,2011-05-08 15:58:00,2011-08-11 12:53:00,2,464.86,123,28,232.43
13434,2011-09-04 10:35:00,2011-09-04 10:35:00,1,72.84,4,4,72.84
13435,2011-06-03 17:07:00,2011-08-21 13:43:00,3,1088.12,97,18,362.71
13437,2011-06-02 14:30:00,2011-09-01 18:20:00,4,2173.6,98,7,543.4
13439,2011-03-29 14:20:00,2011-03-29 14:20:00,1,283.71,163,163,283.71
13448,2010-12-01 10:52:00,2011-05-05 11:53:00,4,1423.26,281,126,355.82
13450,2011-05-05 19:48:00,2011-08-07 10:24:00,4,1421.46,126,32,355.36
13451,2011-01-09 15:35:00,2011-08-05 16:43:00,4,2385.5,242,34,596.38
13452,2011-03-14 11:38:00,2011-03-25 14:19:00,2,590.0,178,167,295.0
13453,2011-02-23 09:44:00,2011-06-27 09:34:00,2,356.98,197,73,178.49
13455,2010-12-08 13:11:00,2010-12-08 13:11:00,1,692.94,274,274,692.94
13456,2011-05-16 15:34:00,2011-07-07 13:52:00,3,855.06,115,63,285.02
13458,2010-12-15 12:05:00,2011-09-01 12:46:00,10,7678.42,267,7,767.84
13461,2011-06-29 10:23:00,2011-07-24 11:32:00,2,884.2,71,46,442.1
13462,2011-04-01 11:20:00,2011-04-01 11:20:00,1,151.5,160,160,151.5
13466,2011-06-08 16:39:00,2011-06-08 16:39:00,1,307.9,92,92,307.9
13468,2010-12-01 15:08:00,2011-09-08 10:52:00,29,4739.02,281,0,163.41
13470,2011-08-16 17:06:00,2011-09-01 14:57:00,2,165.0,23,7,82.5
13473,2011-01-11 08:45:00,2011-01-11 08:45:00,1,241.26,240,240,241.26
13474,2011-04-17 13:53:00,2011-04-17 13:53:00,1,226.84,144,144,226.84
13475,2011-02-14 12:36:00,2011-06-01 13:52:00,4,1431.78,206,99,357.94
13476,2011-03-03 14:43:00,2011-06-14 12:00:00,2,1238.47,189,86,619.24
13477,2011-02-21 12:29:00,2011-07-24 13:17:00,4,899.55,199,46,224.89
13479,2011-04-19 11:27:00,2011-05-23 10:45:00,2,300.95,142,108,150.48
13481,2011-03-28 09:07:00,2011-08-23 13:28:00,4,1361.33,164,16,340.33
13482,2011-04-21 17:03:00,2011-04-21 17:03:00,1,184.64,140,140,184.64
13484,2011-04-12 16:30:00,2011-04-12 16:30:00,1,313.8,149,149,313.8
13485,2011-04-20 13:58:00,2011-04-20 13:58:00,1,454.24,141,141,454.24
13486,2011-07-07 17:19:00,2011-08-03 13:10:00,2,819.61,63,36,409.8
13487,2010-12-21 14:54:00,2011-05-10 16:19:00,2,408.8,261,121,204.4
13488,2010-12-07 13:01:00,2011-08-11 10:29:00,9,6596.38,275,28,732.93
13489,2011-02-18 10:42:00,2011-08-26 13:16:00,4,449.52,202,13,112.38
13491,2010-12-02 14:30:00,2011-07-15 09:00:00,9,1088.45,280,55,120.94
13492,2011-05-09 10:06:00,2011-07-26 14:25:00,3,1269.84,122,44,423.28
13493,2011-02-25 16:42:00,2011-03-09 15:35:00,2,498.63,195,183,249.32
13494,2011-02-01 11:58:00,2011-02-01 11:58:00,1,316.26,219,219,316.26
13495,2010-12-06 15:14:00,2011-04-21 15:15:00,3,1072.43,276,140,357.48
13496,2010-12-15 10:17:00,2010-12-15 10:17:00,1,501.01,267,267,501.01
13497,2010-12-06 11:37:00,2011-03-02 09:04:00,2,348.05,276,190,174.02
13499,2011-03-15 08:52:00,2011-04-28 14:59:00,2,463.79,177,133,231.9
13500,2011-08-09 12:20:00,2011-08-09 12:20:00,1,326.4,30,30,326.4
13501,2011-02-24 18:59:00,2011-02-24 18:59:00,1,1340.32,196,196,1340.32
13502,2011-01-20 09:03:00,2011-03-10 08:40:00,2,189.16,231,182,94.58
13505,2011-04-21 12:07:00,2011-06-26 12:36:00,3,2143.12,140,74,714.37
13506,2010-12-05 12:15:00,2011-01-27 13:53:00,2,458.52,277,224,229.26
13507,2011-07-17 11:50:00,2011-09-02 15:45:00,3,2022.79,53,6,674.26
13508,2011-04-10 11:58:00,2011-04-10 11:58:00,1,110.97,151,151,110.97
13509,2011-02-28 13:27:00,2011-09-01 08:25:00,4,690.02,192,7,172.5
13510,2011-06-09 09:32:00,2011-09-05 14:11:00,2,897.81,91,3,448.9
13512,2011-03-24 10:03:00,2011-03-24 10:03:00,1,251.21,168,168,251.21
13513,2011-08-05 11:50:00,2011-08-05 11:50:00,1,205.1,34,34,205.1
13515,2011-04-06 10:33:00,2011-08-14 13:21:00,3,523.96,155,25,174.65
13516,2011-04-15 11:06:00,2011-04-15 11:06:00,1,146.0,146,146,146.0
13517,2011-06-13 08:44:00,2011-08-25 11:40:00,2,1612.18,87,14,806.09
13520,2010-12-03 10:36:00,2011-07-25 12:22:00,5,2387.98,279,45,477.6
13523,2010-12-08 14:22:00,2011-05-24 08:51:00,3,2369.24,274,107,789.75
13524,2011-05-04 12:26:00,2011-08-30 12:45:00,3,408.86,127,9,136.29
13525,2011-04-05 15:36:00,2011-04-05 15:36:00,1,282.88,156,156,282.88
13527,2011-01-17 11:17:00,2011-08-26 13:22:00,4,1362.52,234,13,340.63
13529,2011-05-19 11:50:00,2011-05-19 11:50:00,1,181.1,112,112,181.1
13531,2010-12-08 15:03:00,2011-05-18 16:56:00,2,483.8,274,113,241.9
13533,2011-03-17 12:47:00,2011-06-10 11:54:00,3,269.09,175,90,89.7
13534,2010-12-16 15:23:00,2011-08-24 10:36:00,21,4371.53,266,15,208.17
13538,2011-01-28 10:40:00,2011-09-06 13:11:00,6,990.75,223,2,165.12
13539,2011-02-03 15:23:00,2011-04-13 13:45:00,2,315.65,217,148,157.82
13544,2011-04-13 12:09:00,2011-04-13 12:09:00,1,113.01,148,148,113.01
13546,2011-05-23 12:14:00,2011-05-23 12:14:00,1,182.26,108,108,182.26
13548,2011-04-10 11:35:00,2011-09-04 14:50:00,2,678.16,151,4,339.08
13549,2011-04-11 13:42:00,2011-07-20 13:21:00,5,762.05,150,50,152.41
13551,2011-01-24 14:46:00,2011-01-24 14:46:00,1,91.8,227,227,91.8
13552,2011-01-28 10:10:00,2011-08-08 11:28:00,9,2762.91,223,31,306.99
13555,2011-05-22 11:06:00,2011-05-22 11:24:00,2,1590.05,109,109,795.02
13557,2011-03-04 12:14:00,2011-03-04 12:14:00,1,240.68,188,188,240.68
13561,2011-05-08 12:39:00,2011-05-08 12:39:00,1,141.86,123,123,141.86
13562,2011-04-08 12:42:00,2011-07-21 15:12:00,2,1209.73,153,49,604.86
13563,2011-07-22 17:21:00,2011-07-22 17:21:00,1,310.88,48,48,310.88
13564,2010-12-06 17:26:00,2010-12-20 16:50:00,2,1174.03,276,262,587.02
13565,2011-01-09 14:28:00,2011-01-09 14:28:00,1,110.18,242,242,110.18
13568,2011-06-19 14:42:00,2011-06-19 14:42:00,1,187.05,81,81,187.05
13569,2010-12-07 12:29:00,2010-12-07 12:29:00,1,109.82,275,275,109.82
13570,2011-04-10 13:36:00,2011-04-10 13:36:00,1,239.49,151,151,239.49
13571,2011-03-31 12:43:00,2011-09-08 11:27:00,7,1083.83,161,0,154.83
13572,2011-05-18 11:59:00,2011-05-18 11:59:00,1,1384.25,113,113,1384.25
13573,2011-03-31 14:47:00,2011-03-31 14:47:00,1,31.77,161,161,31.77
13575,2011-06-16 14:24:00,2011-07-29 11:28:00,2,218.75,84,41,109.38
13576,2010-12-01 17:24:00,2011-09-04 12:07:00,13,4840.94,281,4,372.38
13577,2011-04-12 10:33:00,2011-09-08 11:44:00,3,1193.8,149,0,397.93
13579,2010-12-05 16:10:00,2010-12-05 16:10:00,1,164.7,277,277,164.7
13581,2011-02-03 14:41:00,2011-02-03 14:41:00,1,118.0,217,217,118.0
13583,2011-07-07 10:40:00,2011-07-07 10:40:00,1,781.03,63,63,781.03
13584,2011-02-06 12:49:00,2011-02-06 12:49:00,1,142.4,214,214,142.4
13588,2011-03-29 15:53:00,2011-09-01 11:15:00,4,1420.72,163,7,355.18
13589,2011-06-13 12:44:00,2011-06-13 12:44:00,1,147.0,87,87,147.0
13590,2011-02-09 13:25:00,2011-07-12 10:46:00,4,1116.38,211,58,279.1
13591,2011-03-18 12:18:00,2011-05-19 13:58:00,2,776.23,174,112,388.12
13592,2011-03-20 14:01:00,2011-05-18 09:13:00,3,205.51,172,113,68.5
13593,2011-01-07 16:32:00,2011-08-23 13:35:00,5,2011.88,244,16,402.38
13599,2010-12-08 10:11:00,2011-07-06 12:18:00,8,2313.84,274,64,289.23
13600,2011-01-31 15:27:00,2011-01-31 15:27:00,1,219.52,220,220,219.52
13601,2011-05-12 16:52:00,2011-05-12 16:52:00,1,373.2,119,119,373.2
13606,2011-02-01 11:42:00,2011-04-10 12:52:00,2,246.63,219,151,123.32
13610,2011-02-27 14:44:00,2011-08-21 14:42:00,5,764.76,193,18,152.95
13611,2010-12-15 10:31:00,2011-06-22 12:25:00,2,636.72,267,78,318.36
13614,2011-01-13 12:37:00,2011-06-28 14:58:00,2,778.88,238,72,389.44
13615,2011-01-25 08:21:00,2011-01-25 08:21:00,1,417.69,226,226,417.69
13617,2011-06-12 12:55:00,2011-08-18 13:17:00,2,365.7,88,21,182.85
13618,2011-06-19 11:09:00,2011-06-19 11:09:00,1,177.34,81,81,177.34
13621,2011-08-15 08:26:00,2011-08-15 08:26:00,1,213.85,24,24,213.85
13623,2011-02-15 13:08:00,2011-05-13 16:12:00,4,539.17,205,118,134.79
13626,2011-04-01 10:05:00,2011-04-01 10:05:00,1,257.23,160,160,257.23
13627,2010-12-17 09:52:00,2011-06-16 13:50:00,3,1027.0,265,84,342.33
13629,2011-01-05 12:09:00,2011-09-01 18:54:00,8,5718.36,246,7,714.8
13630,2011-02-27 12:49:00,2011-08-26 10:32:00,5,1361.46,193,13,272.29
13631,2011-03-17 17:13:00,2011-09-01 09:57:00,11,3070.42,175,7,279.13
13632,2011-04-10 15:07:00,2011-06-19 12:23:00,3,812.26,151,81,270.75
13634,2011-01-16 15:30:00,2011-08-25 13:46:00,3,755.97,235,14,251.99
13636,2011-02-27 14:29:00,2011-08-09 14:56:00,4,646.55,193,30,161.64
13637,2011-04-27 13:06:00,2011-06-05 13:24:00,2,677.4,134,95,338.7
13642,2011-05-08 12:34:00,2011-05-08 12:34:00,1,312.28,123,123,312.28
13643,2011-06-07 11:40:00,2011-09-02 10:42:00,2,259.4,93,6,129.7
13644,2011-08-26 11:53:00,2011-08-26 11:53:00,1,851.09,13,13,851.09
13645,2011-08-11 16:11:00,2011-08-11 16:11:00,1,252.1,28,28,252.1
13647,2011-04-19 09:49:00,2011-06-17 13:17:00,2,803.86,142,83,401.93
13649,2010-12-08 14:46:00,2011-03-28 11:51:00,2,346.6,274,164,173.3
13650,2011-03-17 12:37:00,2011-05-16 14:19:00,2,745.52,175,115,372.76
13652,2010-12-06 09:21:00,2011-03-28 09:21:00,2,638.24,276,164,319.12
13654,2011-03-11 12:54:00,2011-07-17 13:29:00,4,1714.27,181,53,428.57
13655,2011-04-12 09:53:00,2011-08-17 14:25:00,2,932.97,149,22,466.48
13656,2011-01-06 15:42:00,2011-06-28 10:31:00,2,379.65,245,72,189.82
13657,2011-05-22 12:35:00,2011-05-22 12:35:00,1,152.34,109,109,152.34
13658,2011-05-19 17:15:00,2011-05-19 17:15:00,1,933.3,112,112,933.3
13659,2011-01-23 12:08:00,2011-05-18 12:37:00,2,1563.0,228,113,781.5
13662,2011-03-25 13:23:00,2011-05-11 13:23:00,2,516.44,167,120,258.22
13663,2011-06-13 15:44:00,2011-06-13 15:44:00,1,189.47,87,87,189.47
13666,2011-02-25 13:05:00,2011-02-25 13:08:00,2,64.05,195,195,32.02
13667,2011-07-13 15:42:00,2011-07-13 15:42:00,1,299.05,57,57,299.05
13668,2010-12-12 12:35:00,2011-08-18 12:53:00,16,4900.97,270,21,306.31
13669,2011-07-13 11:44:00,2011-07-13 11:44:00,1,48.15,57,57,48.15
13672,2011-01-11 13:54:00,2011-02-11 13:53:00,2,186.39,240,209,93.2
13675,2011-02-28 12:14:00,2011-07-11 12:57:00,2,486.82,192,59,243.41
13678,2011-07-11 10:14:00,2011-07-11 10:14:00,1,232.6,59,59,232.6
13680,2011-01-04 14:12:00,2011-01-06 12:11:00,2,2391.59,247,245,1195.8
13681,2011-07-07 15:21:00,2011-07-07 15:21:00,1,203.46,63,63,203.46
13682,2011-06-05 14:06:00,2011-06-05 14:06:00,1,59.5,95,95,59.5
13684,2011-02-27 10:13:00,2011-02-27 10:13:00,1,65.13,193,193,65.13
13686,2011-06-10 09:10:00,2011-06-10 09:10:00,1,72.0,90,90,72.0
13692,2011-04-17 12:57:00,2011-05-10 10:11:00,2,871.58,144,121,435.79
13694,2010-12-01 12:12:00,2011-08-24 13:27:00,39,45911.64,281,15,1177.22
13695,2011-03-25 11:31:00,2011-09-02 14:09:00,12,1767.07,167,6,147.26
13699,2011-07-07 16:51:00,2011-07-07 16:51:00,1,308.58,63,63,308.58
13700,2011-01-16 13:18:00,2011-09-08 12:05:00,8,1634.77,235,0,204.35
13703,2011-01-25 13:10:00,2011-01-25 13:10:00,1,99.5,226,226,99.5
13705,2010-12-01 10:29:00,2011-07-18 09:15:00,2,522.68,281,52,261.34
13706,2011-02-10 09:21:00,2011-02-10 09:21:00,1,330.79,210,210,330.79
13707,2011-01-28 13:27:00,2011-03-17 18:03:00,2,806.41,223,175,403.2
13708,2011-03-13 13:46:00,2011-03-13 13:46:00,1,283.33,179,179,283.33
13709,2011-01-28 14:57:00,2011-08-30 10:20:00,5,2918.81,223,9,583.76
13711,2011-05-05 10:29:00,2011-05-05 10:31:00,2,252.06,126,126,126.03
13712,2011-04-07 12:33:00,2011-04-07 12:33:00,1,228.84,154,154,228.84
13715,2010-12-02 08:52:00,2011-03-03 19:21:00,5,1077.39,280,189,215.48
13716,2011-03-15 13:49:00,2011-03-15 13:49:00,1,138.28,177,177,138.28
13717,2011-02-14 13:21:00,2011-08-03 08:21:00,4,955.99,206,36,239.0
13718,2011-02-17 11:58:00,2011-04-07 13:24:00,2,306.55,203,154,153.28
13719,2011-04-19 13:56:00,2011-05-18 12:52:00,2,338.74,142,113,169.37
13720,2011-03-30 09:17:00,2011-08-15 12:46:00,4,799.9,162,24,199.98
13722,2011-03-02 11:43:00,2011-07-31 12:44:00,3,2375.41,190,39,791.8
13723,2011-05-06 17:04:00,2011-05-06 17:04:00,1,199.85,125,125,199.85
13725,2011-02-04 12:18:00,2011-06-23 16:02:00,7,1865.7,216,77,266.53
13726,2011-08-31 11:06:00,2011-08-31 11:06:00,1,292.68,8,8,292.68
13728,2011-02-02 12:09:00,2011-08-24 12:54:00,5,797.02,218,15,159.4
13730,2011-07-01 12:47:00,2011-07-27 08:35:00,2,752.6,69,43,376.3
13731,2011-04-07 10:10:00,2011-05-04 14:33:00,2,610.59,154,127,305.3
13735,2011-04-19 13:49:00,2011-06-17 11:07:00,2,1409.69,142,83,704.84
13736,2011-03-24 13:04:00,2011-03-24 13:04:00,1,357.53,168,168,357.53
13737,2011-05-23 16:32:00,2011-05-23 16:32:00,1,339.6,108,108,339.6
13740,2011-04-13 10:32:00,2011-04-13 10:32:00,1,350.75,148,148,350.75
13741,2011-05-06 13:43:00,2011-06-09 07:53:00,2,363.13,125,91,181.56
13742,2011-01-23 14:59:00,2011-06-30 13:25:00,10,2632.57,228,70,263.26
13743,2011-03-25 14:46:00,2011-08-24 10:20:00,5,912.12,167,15,182.42
13744,2011-02-20 14:08:00,2011-09-05 15:19:00,2,1080.52,200,3,540.26
13745,2011-06-30 16:43:00,2011-06-30 16:43:00,1,300.04,70,70,300.04
13747,2010-12-01 10:37:00,2010-12-01 10:37:00,1,79.6,281,281,79.6
13748,2010-12-01 09:00:00,2011-09-05 09:45:00,5,948.25,281,3,189.65
13750,2011-01-07 11:49:00,2011-07-22 14:39:00,4,1316.63,244,48,329.16
13751,2011-02-24 15:56:00,2011-02-24 15:56:00,1,296.25,196,196,296.25
13752,2011-04-07 12:04:00,2011-08-07 14:16:00,6,1175.38,154,32,195.9
13753,2011-02-25 12:48:00,2011-02-25 12:48:00,1,741.26,195,195,741.26
13754,2011-01-26 14:58:00,2011-07-11 11:51:00,2,282.6,225,59,141.3
13756,2010-12-07 11:41:00,2011-09-07 13:19:00,8,2972.33,275,1,371.54
13758,2010-12-01 12:08:00,2011-05-22 15:12:00,5,2351.52,281,109,470.3
13760,2011-03-28 12:52:00,2011-03-28 12:52:00,1,135.09,164,164,135.09
13761,2011-06-13 08:43:00,2011-06-13 08:43:00,1,491.71,87,87,491.71
13762,2011-05-05 09:15:00,2011-05-05 09:15:00,1,306.72,126,126,306.72
13764,2011-01-06 14:53:00,2011-07-18 17:15:00,2,943.29,245,52,471.64
13767,2010-12-01 10:47:00,2011-08-23 10:24:00,28,9676.37,281,16,345.58
13769,2010-12-07 13:28:00,2011-09-08 13:55:00,8,2176.62,275,0,272.08
13771,2011-04-06 15:47:00,2011-05-24 12:57:00,2,1464.85,155,107,732.42
13772,2011-04-14 12:31:00,2011-09-04 11:22:00,2,682.97,147,4,341.48
13777,2010-12-01 16:01:00,2011-08-02 12:59:00,24,12360.24,281,37,515.01
13778,2011-08-28 15:25:00,2011-08-28 15:25:00,1,178.7,11,11,178.7
13780,2011-06-22 11:43:00,2011-06-22 11:43:00,1,116.28,78,78,116.28
13781,2011-04-03 12:08:00,2011-04-03 12:08:00,1,127.84,158,158,127.84
13782,2011-01-16 11:08:00,2011-08-07 12:21:00,3,484.79,235,32,161.6
13784,2011-01-11 14:38:00,2011-09-06 12:27:00,9,2124.15,240,2,236.02
13786,2010-12-07 13:53:00,2010-12-07 13:53:00,1,230.4,275,275,230.4
13787,2010-12-10 14:45:00,2010-12-10 14:45:00,1,106.4,272,272,106.4
13791,2011-06-24 16:38:00,2011-08-04 11:44:00,2,1516.0,76,35,758.0
13792,2011-02-25 14:03:00,2011-02-25 14:03:00,1,74.6,195,195,74.6
13798,2010-12-02 17:24:00,2011-09-07 15:34:00,42,29161.14,280,1,694.31
13799,2011-02-18 14:18:00,2011-08-15 12:07:00,2,688.86,202,24,344.43
13800,2011-02-03 12:27:00,2011-02-03 12:27:00,1,558.32,217,217,558.32
13802,2011-02-01 12:03:00,2011-07-24 10:54:00,3,4599.42,219,46,1533.14
13803,2011-03-29 12:57:00,2011-03-29 12:57:00,1,277.07,163,163,277.07
13804,2011-02-23 09:09:00,2011-09-04 10:59:00,4,1526.01,197,4,381.5
13805,2011-08-02 15:29:00,2011-08-02 15:29:00,1,500.24,37,37,500.24
13807,2010-12-07 15:48:00,2010-12-07 15:48:00,1,112.6,275,275,112.6
13808,2011-09-04 12:07:00,2011-09-07 12:10:00,2,723.1,4,1,361.55
13809,2011-02-07 13:15:00,2011-02-07 13:15:00,1,155.05,213,213,155.05
13811,2011-04-14 18:40:00,2011-06-09 09:54:00,2,519.75,147,91,259.88
13812,2011-08-26 12:54:00,2011-08-26 12:54:00,1,260.74,13,13,260.74
13813,2011-07-28 10:33:00,2011-07-28 10:33:00,1,331.14,42,42,331.14
13814,2011-07-25 13:54:00,2011-09-08 13:48:00,2,1579.12,45,0,789.56
13815,2011-01-25 12:16:00,2011-06-20 13:08:00,2,2689.75,226,80,1344.88
13817,2010-12-23 11:46:00,2010-12-23 11:46:00,1,110.7,259,259,110.7
13819,2011-01-24 10:38:00,2011-02-11 10:38:00,3,1140.35,227,209,380.12
13821,2011-03-23 11:30:00,2011-07-18 09:49:00,2,385.64,169,52,192.82
13824,2011-02-02 13:07:00,2011-07-27 09:22:00,4,1429.84,218,43,357.46
13826,2011-06-16 13:48:00,2011-06-16 13:48:00,1,189.5,84,84,189.5
13827,2011-07-19 15:38:00,2011-07-29 11:45:00,2,300.76,51,41,150.38
13831,2010-12-05 12:13:00,2011-07-24 12:26:00,4,1450.85,277,46,362.71
13833,2011-07-03 13:27:00,2011-07-03 13:27:00,1,383.85,67,67,383.85
13835,2011-05-08 15:22:00,2011-07-07 15:16:00,2,537.34,123,63,268.67
13837,2011-01-26 12:15:00,2011-05-12 12:10:00,2,266.59,225,119,133.29
13838,2010-12-05 10:45:00,2011-08-14 10:52:00,3,467.54,277,25,155.85
13841,2011-04-01 12:10:00,2011-04-01 12:10:00,1,85.0,160,160,85.0
13842,2010-12-08 10:39:00,2011-07-07 12:41:00,7,2165.27,274,63,309.32
13846,2010-12-14 16:07:00,2011-04-11 15:03:00,2,663.93,268,150,331.96
13848,2010-12-08 15:10:00,2011-09-08 12:58:00,3,1255.0,274,0,418.33
13849,2011-06-22 10:11:00,2011-06-22 10:11:00,1,593.58,78,78,593.58
13850,2011-08-02 14:04:00,2011-08-02 14:04:00,1,1595.48,37,37,1595.48
13851,2011-02-24 17:18:00,2011-09-05 12:36:00,3,2651.46,196,3,883.82
13854,2010-12-09 10:48:00,2011-09-08 14:35:00,20,6469.16,273,0,323.46
13856,2011-05-20 13:13:00,2011-06-24 10:03:00,3,388.5,111,76,129.5
13859,2011-01-17 16:14:00,2011-01-17 16:14:00,1,201.16,234,234,201.16
13862,2011-01-11 15:13:00,2011-08-23 14:53:00,6,1781.3,240,16,296.88
13863,2011-04-06 10:20:00,2011-04-06 10:20:00,1,305.78,155,155,305.78
13865,2011-02-23 12:04:00,2011-07-26 11:24:00,3,383.34,197,44,127.78
13867,2011-05-05 17:28:00,2011-05-05 17:28:00,1,138.85,126,126,138.85
13869,2010-12-17 15:14:00,2011-08-08 13:53:00,4,3083.65,265,31,770.91
13870,2011-02-25 09:09:00,2011-08-30 11:32:00,5,2179.47,195,9,435.89
13871,2011-02-04 09:30:00,2011-09-08 12:51:00,9,4612.64,216,0,512.52
13873,2011-02-03 09:37:00,2011-08-12 10:08:00,3,389.6,217,27,129.87
13874,2010-12-16 18:20:00,2010-12-16 18:20:00,1,540.45,266,266,540.45
13875,2011-02-11 15:39:00,2011-07-29 09:11:00,4,1424.8,209,41,356.2
13880,2010-12-07 14:00:00,2011-07-17 14:07:00,8,1680.76,275,53,210.1
13881,2011-02-01 10:14:00,2011-09-05 11:43:00,11,9398.68,219,3,854.43
13883,2011-03-31 17:17:00,2011-05-05 12:39:00,4,1742.78,161,126,435.7
13884,2011-03-01 13:40:00,2011-03-07 12:53:00,3,196.25,191,185,65.42
13885,2011-05-23 08:52:00,2011-06-03 15:07:00,2,506.8,108,97,253.4
13887,2011-05-19 17:22:00,2011-05-19 17:22:00,1,349.55,112,112,349.55
13888,2011-05-05 14:41:00,2011-08-12 10:13:00,2,595.67,126,27,297.83
13889,2011-09-08 09:13:00,2011-09-08 09:13:00,1,416.9,1,0,416.9
13890,2010-12-16 09:31:00,2011-08-24 13:12:00,2,501.11,266,15,250.56
13892,2011-04-07 12:04:00,2011-04-07 12:04:00,1,54.52,154,154,54.52
13893,2011-02-15 11:30:00,2011-02-15 11:30:00,1,821.1,205,205,821.1
13894,2011-02-02 12:54:00,2011-02-02 12:54:00,1,160.85,218,218,160.85
13895,2011-06-28 10:17:00,2011-07-19 14:03:00,2,937.3,72,51,468.65
13898,2011-01-18 10:28:00,2011-01-18 10:28:00,1,155.93,233,233,155.93
13899,2011-03-10 09:30:00,2011-03-10 09:30:00,1,298.5,182,182,298.5
13900,2011-03-22 10:13:00,2011-06-09 19:26:00,3,740.95,170,91,246.98
13901,2011-01-25 09:01:00,2011-08-24 12:36:00,4,2652.28,226,15,663.07
13904,2011-02-18 11:18:00,2011-02-18 11:18:00,1,201.12,202,202,201.12
13908,2011-03-08 12:04:00,2011-08-05 11:46:00,3,1411.61,184,34,470.54
13911,2011-02-04 14:46:00,2011-07-18 13:30:00,8,2437.63,216,52,304.7
13917,2011-06-01 12:46:00,2011-06-01 12:46:00,1,65.38,99,99,65.38
13918,2011-03-31 18:05:00,2011-03-31 18:05:00,1,198.2,161,161,198.2
13919,2011-08-10 10:15:00,2011-08-10 10:15:00,1,195.15,29,29,195.15
13922,2010-12-23 10:38:00,2010-12-23 10:38:00,1,172.25,259,259,172.25
13925,2011-07-28 12:09:00,2011-09-08 12:47:00,4,678.25,42,0,169.56
13928,2011-07-29 15:59:00,2011-08-25 12:13:00,2,225.45,41,14,112.72
13929,2011-01-17 15:11:00,2011-06-23 15:26:00,2,842.65,234,77,421.32
13930,2011-07-26 11:00:00,2011-07-26 11:00:00,1,210.0,44,44,210.0
13931,2011-03-04 08:43:00,2011-09-05 10:12:00,2,1237.53,188,3,618.76
13932,2011-02-18 12:02:00,2011-02-18 12:02:00,1,307.4,202,202,307.4
13933,2011-07-14 13:35:00,2011-08-22 14:03:00,2,608.79,56,17,304.4
13934,2011-03-21 08:39:00,2011-03-21 08:39:00,1,922.1,171,171,922.1
13936,2011-06-13 08:47:00,2011-06-13 08:47:00,1,376.58,87,87,376.58
13937,2011-06-23 16:35:00,2011-06-23 16:35:00,1,158.85,77,77,158.85
13939,2011-02-01 11:30:00,2011-08-23 11:53:00,2,390.21,219,16,195.1
13940,2011-07-18 16:05:00,2011-08-15 12:47:00,2,391.06,52,24,195.53
13941,2010-12-02 10:17:00,2011-06-21 09:44:00,3,2831.26,280,79,943.75
13946,2011-03-17 10:02:00,2011-05-22 12:03:00,2,485.97,175,109,242.98
13948,2010-12-14 10:18:00,2010-12-14 10:18:00,1,102.0,268,268,102.0
13949,2011-09-06 11:55:00,2011-09-06 11:55:00,1,537.9,2,2,537.9
13950,2011-04-07 11:29:00,2011-04-07 11:29:00,1,179.31,154,154,179.31
13951,2011-02-18 15:21:00,2011-06-16 16:43:00,3,674.45,202,84,224.82
13952,2011-04-15 09:27:00,2011-05-06 09:00:00,2,3251.07,146,125,1625.54
13953,2010-12-22 10:29:00,2011-08-16 10:03:00,5,2604.36,260,23,520.87
13955,2011-02-07 12:24:00,2011-07-08 17:19:00,2,322.96,213,62,161.48
13956,2011-03-13 12:51:00,2011-07-24 16:12:00,3,676.07,179,46,225.36
13959,2010-12-12 13:56:00,2011-03-03 18:16:00,2,337.44,270,189,168.72
13962,2011-04-08 11:21:00,2011-04-08 11:21:00,1,117.6,153,153,117.6
13963,2010-12-07 09:21:00,2011-02-04 14:43:00,4,664.54,275,216,166.14
13967,2011-07-17 12:02:00,2011-07-17 12:02:00,1,80.7,53,53,80.7
13969,2010-12-09 19:32:00,2011-08-24 15:47:00,11,3883.23,273,15,353.02
13971,2011-02-27 12:27:00,2011-08-25 14:23:00,6,1985.9,193,14,330.98
13972,2011-05-22 11:34:00,2011-05-22 11:34:00,1,145.9,109,109,145.9
13973,2011-02-25 15:21:00,2011-02-25 15:21:00,1,264.7,195,195,264.7
13975,2011-03-08 12:19:00,2011-08-03 13:39:00,4,1466.67,184,36,366.67
13976,2011-05-17 09:13:00,2011-05-17 09:13:00,1,357.98,114,114,357.98
13982,2010-12-09 13:57:00,2011-06-29 15:11:00,3,1230.14,273,71,410.05
13983,2010-12-08 10:38:00,2011-06-05 16:05:00,8,1681.06,274,95,210.13
13984,2010-12-08 15:58:00,2011-08-05 14:30:00,4,819.33,274,34,204.83
13985,2011-03-20 13:48:00,2011-08-24 13:11:00,7,2773.04,172,15,396.15
13988,2011-03-30 11:48:00,2011-06-30 11:54:00,3,1923.5,162,70,641.17
13989,2011-04-14 15:39:00,2011-04-14 15:39:00,1,896.67,147,147,896.67
13990,2011-05-10 15:19:00,2011-05-10 15:19:00,1,311.3,121,121,311.3
13991,2011-07-19 12:58:00,2011-07-19 12:58:00,1,126.35,51,51,126.35
13993,2011-01-13 10:43:00,2011-08-31 12:31:00,6,2247.41,238,8,374.57
13994,2011-07-14 18:28:00,2011-08-26 11:35:00,2,419.56,56,13,209.78
13995,2011-04-08 08:20:00,2011-08-16 09:00:00,3,871.9,153,23,290.63
13999,2010-12-13 11:23:00,2011-09-05 11:19:00,9,2868.97,269,3,318.77
14000,2011-05-12 16:50:00,2011-05-12 16:50:00,1,635.66,119,119,635.66
14001,2010-12-01 12:58:00,2011-04-21 09:26:00,2,1309.14,281,140,654.57
14002,2011-07-06 14:59:00,2011-07-28 15:55:00,2,529.73,64,42,264.86
14004,2011-02-24 09:28:00,2011-09-02 13:50:00,5,3203.26,196,6,640.65
14005,2011-05-08 10:33:00,2011-07-29 10:00:00,3,696.56,123,41,232.19
14006,2011-01-31 15:11:00,2011-08-16 09:39:00,3,962.19,220,23,320.73
14009,2011-05-18 13:00:00,2011-05-25 15:47:00,2,695.61,113,106,347.8
14012,2011-03-07 12:26:00,2011-03-07 12:26:00,1,328.8,185,185,328.8
14013,2011-03-09 08:59:00,2011-08-21 15:01:00,3,473.02,183,18,157.67
14016,2010-12-17 14:21:00,2011-07-01 11:29:00,4,4291.21,265,69,1072.8
14019,2011-07-24 15:39:00,2011-09-02 12:51:00,2,800.53,46,6,400.26
14021,2011-03-28 15:10:00,2011-07-07 15:46:00,3,631.9,164,63,210.63
14022,2011-04-28 14:39:00,2011-04-28 14:39:00,1,440.0,133,133,440.0
14023,2011-04-03 15:50:00,2011-04-03 15:50:00,1,273.14,158,158,273.14
14024,2011-08-07 13:31:00,2011-08-10 11:30:00,2,327.7,32,29,163.85
14029,2011-07-18 16:57:00,2011-07-18 16:57:00,1,165.2,52,52,165.2
14030,2010-12-08 16:11:00,2011-08-10 16:19:00,6,1657.5,274,29,276.25
14031,2010-12-02 16:34:00,2011-08-05 14:49:00,13,9627.03,280,34,740.54
14032,2010-12-08 10:53:00,2011-06-24 11:08:00,6,1845.37,274,76,307.56
14034,2011-07-05 13:06:00,2011-07-05 13:15:00,2,473.91,65,65,236.96
14035,2011-02-15 12:48:00,2011-08-24 13:15:00,3,837.26,205,15,279.09
14036,2011-02-28 09:26:00,2011-02-28 09:26:00,1,626.65,192,192,626.65
14037,2010-12-10 11:39:00,2011-06-16 13:57:00,2,147.2,272,84,73.6
14038,2011-05-16 14:05:00,2011-07-18 15:15:00,2,1086.42,115,52,543.21
14040,2011-01-12 14:57:00,2011-09-06 14:29:00,10,2734.46,239,2,273.45
14041,2011-03-18 13:25:00,2011-03-18 13:25:00,1,141.41,174,174,141.41
14044,2011-02-03 11:39:00,2011-08-28 14:39:00,3,535.71,217,11,178.57
14045,2010-12-01 11:32:00,2011-08-22 15:27:00,4,1659.75,281,17,414.94
14046,2011-02-28 14:48:00,2011-02-28 14:48:00,1,151.59,192,192,151.59
14047,2010-12-02 10:09:00,2011-05-24 11:35:00,3,635.92,280,107,211.97
14048,2011-02-07 14:53:00,2011-02-07 14:53:00,1,409.93,213,213,409.93
14049,2011-01-26 11:27:00,2011-07-04 11:47:00,3,3244.74,225,66,1081.58
14050,2011-08-25 13:46:00,2011-08-25 13:46:00,1,485.98,14,14,485.98
14051,2010-12-08 12:49:00,2011-08-18 17:39:00,15,8687.44,274,21,579.16
14053,2011-07-03 12:21:00,2011-08-07 14:27:00,2,260.25,67,32,130.12
14055,2011-08-25 15:04:00,2011-08-25 15:04:00,1,725.64,14,14,725.64
14056,2011-02-28 15:19:00,2011-08-24 16:02:00,17,5333.97,192,15,313.76
14057,2010-12-14 12:11:00,2011-08-31 09:55:00,13,4805.68,268,8,369.67
14059,2011-03-18 10:06:00,2011-03-18 10:06:00,1,183.6,174,174,183.6
14060,2010-12-02 12:11:00,2011-08-23 16:49:00,14,4102.78,280,16,293.06
14062,2010-12-10 15:56:00,2011-08-19 11:56:00,9,7801.79,272,20,866.87
14064,2011-03-10 12:59:00,2011-08-18 18:11:00,4,1097.03,182,21,274.26
14066,2011-03-18 12:21:00,2011-03-18 12:21:00,1,152.55,174,174,152.55
14067,2011-09-04 12:00:00,2011-09-04 12:00:00,1,224.67,4,4,224.67
14068,2011-01-23 16:02:00,2011-01-23 16:02:00,1,265.85,228,228,265.85
14071,2011-03-20 11:33:00,2011-03-24 13:28:00,2,356.81,172,168,178.4
14075,2011-03-23 16:35:00,2011-03-23 16:35:00,1,307.92,169,169,307.92
14076,2011-08-02 15:19:00,2011-08-02 15:19:00,1,118.67,37,37,118.67
14077,2011-03-10 15:52:00,2011-06-10 14:31:00,3,310.4,182,90,103.47
14078,2010-12-01 12:54:00,2011-08-30 12:16:00,6,1049.37,281,9,174.9
14079,2011-08-07 12:10:00,2011-08-07 12:10:00,1,375.1,32,32,375.1
14081,2010-12-05 15:47:00,2011-02-10 16:17:00,2,921.62,277,210,460.81
14082,2010-12-10 11:02:00,2010-12-10 11:02:00,1,182.25,272,272,182.25
14083,2010-12-03 12:24:00,2011-08-05 14:31:00,7,533.39,279,34,76.2
14085,2010-12-06 12:39:00,2011-07-21 13:48:00,12,3220.94,276,49,268.41
14088,2011-01-21 13:07:00,2011-08-03 11:21:00,7,25507.89,230,36,3643.98
14090,2011-01-19 10:51:00,2011-01-19 10:51:00,1,76.32,232,232,76.32
14092,2010-12-16 15:47:00,2011-09-01 10:36:00,10,2745.42,266,7,274.54
14096,2011-08-30 10:49:00,2011-09-02 15:45:00,2,97.43,9,6,48.72
14099,2010-12-20 11:14:00,2011-08-11 15:34:00,8,2309.92,262,28,288.74
14100,2011-07-25 11:01:00,2011-07-25 11:01:00,1,191.95,45,45,191.95
14101,2011-01-17 13:09:00,2011-07-20 12:08:00,5,4944.39,234,50,988.88
14104,2011-06-27 12:49:00,2011-07-08 12:50:00,2,216.21,73,62,108.1
14105,2011-04-14 17:58:00,2011-04-14 17:58:00,1,1266.23,147,147,1266.23
14107,2010-12-10 13:29:00,2011-09-04 15:20:00,6,2461.94,272,4,410.32
14108,2011-08-30 11:32:00,2011-08-30 11:32:00,1,291.33,9,9,291.33
14110,2011-03-18 09:59:00,2011-08-12 14:47:00,5,3259.62,174,27,651.92
14111,2011-04-12 11:36:00,2011-09-05 12:21:00,3,295.5,149,3,98.5
14112,2011-03-09 11:28:00,2011-08-01 12:16:00,4,1900.82,183,38,475.2
14113,2010-12-20 12:14:00,2010-12-20 12:14:00,1,433.5,262,262,433.5
14114,2011-01-13 11:05:00,2011-03-11 09:42:00,2,386.53,238,181,193.26
14116,2011-08-10 12:44:00,2011-09-08 09:51:00,2,628.87,29,0,314.44
14117,2011-07-19 09:49:00,2011-07-19 09:49:00,1,90.0,51,51,90.0
14127,2011-02-02 12:26:00,2011-08-09 10:49:00,3,709.71,218,30,236.57
14128,2011-03-29 10:49:00,2011-03-29 10:49:00,1,305.54,163,163,305.54
14129,2011-03-24 08:44:00,2011-09-05 09:49:00,3,726.23,168,3,242.08
14130,2011-01-24 16:05:00,2011-01-24 16:05:00,1,480.91,227,227,480.91
14132,2011-06-09 12:04:00,2011-08-18 11:59:00,5,1552.46,91,21,310.49
14133,2011-01-28 11:27:00,2011-08-02 11:34:00,3,605.64,223,37,201.88
14135,2010-12-02 10:27:00,2011-08-26 14:44:00,10,3190.32,280,13,319.03
14141,2011-08-26 14:40:00,2011-08-26 14:40:00,1,285.16,13,13,285.16
14142,2010-12-01 16:33:00,2010-12-01 16:33:00,1,311.81,281,281,311.81
14143,2011-07-29 09:48:00,2011-07-29 09:48:00,1,115.8,41,41,115.8
14145,2011-05-06 13:01:00,2011-07-06 11:52:00,3,2851.2,125,64,950.4
14146,2010-12-17 15:52:00,2011-03-30 11:04:00,2,1903.73,265,162,951.86
14147,2011-02-27 11:42:00,2011-02-27 11:42:00,1,182.8,193,193,182.8
14148,2011-04-20 12:02:00,2011-04-20 12:02:00,1,157.2,141,141,157.2
14149,2011-05-03 09:44:00,2011-05-03 09:44:00,1,446.62,128,128,446.62
14150,2010-12-15 10:04:00,2010-12-15 10:04:00,1,306.18,267,267,306.18
14152,2011-04-19 15:46:00,2011-04-19 15:46:00,1,314.51,142,142,314.51
14154,2011-04-14 15:58:00,2011-04-14 16:26:00,2,1345.62,147,147,672.81
14155,2011-03-18 14:13:00,2011-03-18 14:13:00,1,118.75,174,174,118.75
14156,2010-12-03 11:48:00,2011-09-07 16:00:00,41,98238.79,279,1,2396.07
14157,2011-02-27 13:04:00,2011-02-27 13:04:00,1,269.18,193,193,269.18
14159,2010-12-12 11:17:00,2011-09-05 12:00:00,7,2732.73,270,3,390.39
14161,2010-12-05 13:18:00,2011-05-08 11:41:00,3,1097.62,277,123,365.87
14162,2011-02-20 12:32:00,2011-06-19 11:36:00,2,289.36,200,81,144.68
14163,2011-04-14 17:33:00,2011-07-10 14:49:00,3,1659.39,147,60,553.13
14165,2011-03-09 12:39:00,2011-03-09 12:39:00,1,120.44,183,183,120.44
14167,2011-01-12 15:44:00,2011-06-27 16:46:00,3,389.85,239,73,129.95
14171,2011-09-02 16:43:00,2011-09-02 16:43:00,1,363.79,6,6,363.79
14173,2011-05-04 14:03:00,2011-05-04 14:03:00,1,114.04,127,127,114.04
14175,2011-01-14 12:22:00,2011-06-21 14:29:00,2,1205.99,237,79,603.0
14176,2010-12-07 11:45:00,2011-02-15 13:12:00,4,576.9,275,205,144.22
14177,2011-06-13 11:10:00,2011-09-05 12:24:00,3,299.46,87,3,99.82
14178,2011-06-10 12:51:00,2011-09-02 14:42:00,3,477.29,90,6,159.1
14180,2010-12-02 13:08:00,2011-08-25 12:46:00,21,4110.12,280,14,195.72
14185,2011-01-12 13:52:00,2011-01-12 13:52:00,1,197.65,239,239,197.65
14188,2011-02-02 13:46:00,2011-08-22 13:42:00,4,1383.46,218,17,345.86
14189,2010-12-06 11:42:00,2011-09-04 13:45:00,11,3267.92,276,4,297.08
14191,2011-05-03 10:30:00,2011-08-23 14:25:00,7,2258.26,128,16,322.61
14193,2011-03-15 11:38:00,2011-03-15 11:38:00,1,422.54,177,177,422.54
14194,2011-02-04 14:51:00,2011-08-25 14:42:00,12,5666.45,216,14,472.2
14195,2011-04-01 16:50:00,2011-05-22 10:29:00,2,1012.0,160,109,506.0
14196,2011-08-25 10:25:00,2011-08-25 10:25:00,1,335.52,14,14,335.52
14198,2011-04-14 14:54:00,2011-07-17 15:47:00,2,356.95,147,53,178.48
14199,2011-05-05 13:44:00,2011-05-05 13:44:00,1,185.4,126,126,185.4
14201,2010-12-15 13:25:00,2011-07-13 15:18:00,5,521.24,267,57,104.25
14205,2011-03-20 15:07:00,2011-03-20 15:07:00,1,222.9,172,172,222.9
14206,2011-04-14 16:38:00,2011-04-14 16:38:00,1,328.16,147,147,328.16
14208,2011-09-06 12:48:00,2011-09-06 12:48:00,1,151.74,2,2,151.74
14209,2011-01-11 12:56:00,2011-08-10 16:01:00,5,1876.33,240,29,375.27
14210,2010-12-03 12:43:00,2011-08-26 12:36:00,6,1905.84,279,13,317.64
14211,2011-02-17 15:50:00,2011-09-04 10:51:00,6,1129.93,203,4,188.32
14214,2011-03-07 12:26:00,2011-07-06 15:02:00,3,899.16,185,64,299.72
14215,2010-12-06 15:34:00,2011-06-06 10:04:00,4,1098.27,276,94,274.57
14217,2010-12-08 13:28:00,2011-09-01 12:16:00,10,1211.5,274,7,121.15
14220,2010-12-16 18:18:00,2011-04-06 13:23:00,2,632.4,266,155,316.2
14221,2011-01-04 15:33:00,2011-08-18 17:43:00,7,2617.01,247,21,373.86
14222,2011-06-15 16:42:00,2011-06-15 16:42:00,1,683.17,85,85,683.17
14223,2011-03-20 16:02:00,2011-09-08 13:38:00,3,991.13,172,0,330.38
14224,2011-01-23 13:58:00,2011-08-21 13:24:00,4,1009.73,228,18,252.43
14226,2011-03-15 15:36:00,2011-05-13 14:16:00,2,1692.0,177,118,846.0
14227,2011-02-28 12:27:00,2011-05-27 14:50:00,7,2399.52,192,104,342.79
14229,2011-01-10 12:03:00,2011-02-21 09:45:00,2,762.13,241,199,381.06
14231,2011-02-24 11:55:00,2011-06-09 11:05:00,3,925.71,196,91,308.57
14232,2011-03-20 12:44:00,2011-08-16 12:52:00,4,1573.33,172,23,393.33
14233,2011-01-26 12:43:00,2011-05-12 10:45:00,3,959.1,225,119,319.7
14235,2011-03-24 13:23:00,2011-07-05 10:58:00,4,2802.86,168,65,700.72
14236,2010-12-02 18:49:00,2010-12-02 18:49:00,1,189.3,280,280,189.3
14237,2010-12-01 13:20:00,2010-12-01 13:20:00,1,161.0,281,281,161.0
14238,2011-01-17 14:40:00,2011-01-17 14:40:00,1,146.85,234,234,146.85
14239,2011-01-27 14:45:00,2011-09-06 12:38:00,9,1880.89,224,2,208.99
14240,2011-04-28 11:40:00,2011-04-28 11:40:00,1,226.85,133,133,226.85
14241,2011-06-09 11:46:00,2011-06-09 11:46:00,1,213.7,91,91,213.7
14242,2011-01-18 08:53:00,2011-04-19 11:46:00,2,280.55,233,142,140.28
14243,2010-12-09 08:34:00,2011-09-05 13:10:00,8,2305.95,273,3,288.24
14245,2011-03-21 10:41:00,2011-05-04 08:40:00,2,1693.45,171,127,846.72
14246,2011-04-08 08:25:00,2011-08-21 11:50:00,3,1474.06,153,18,491.35
14247,2011-03-06 15:21:00,2011-03-06 15:21:00,1,136.77,186,186,136.77
14248,2011-01-25 14:45:00,2011-01-25 14:45:00,1,302.58,226,226,302.58
14256,2010-12-10 11:44:00,2011-03-24 13:17:00,2,969.06,272,168,484.53
14257,2011-01-25 10:49:00,2011-08-08 15:35:00,4,2725.84,226,31,681.46
14258,2011-01-06 12:18:00,2011-07-11 10:12:00,7,9386.32,245,59,1340.9
14259,2011-07-21 10:44:00,2011-07-21 10:44:00,1,120.0,49,49,120.0
14262,2011-04-13 12:23:00,2011-08-24 15:04:00,3,855.0,148,15,285.0
14264,2011-04-08 12:20:00,2011-07-08 10:20:00,2,333.97,153,62,166.98
14265,2011-07-14 09:10:00,2011-08-22 13:32:00,2,530.18,56,17,265.09
14267,2011-03-24 11:38:00,2011-06-30 10:09:00,3,1516.24,168,70,505.41
14270,2011-01-12 09:33:00,2011-01-12 09:33:00,1,492.65,239,239,492.65
14271,2011-04-28 12:47:00,2011-04-28 12:47:00,1,112.32,133,133,112.32
14272,2011-03-30 13:57:00,2011-03-30 13:57:00,1,132.09,162,162,132.09
14273,2011-04-11 13:24:00,2011-07-26 14:56:00,3,450.05,150,44,150.02
14276,2011-02-23 09:38:00,2011-09-02 09:45:00,3,1119.74,197,6,373.25
14277,2011-05-11 13:20:00,2011-05-11 13:20:00,1,1629.03,120,120,1629.03
14280,2011-05-27 10:37:00,2011-05-27 10:37:00,1,134.04,104,104,134.04
14282,2010-12-07 12:21:00,2011-08-22 11:03:00,9,2467.54,275,17,274.17
14285,2011-06-16 12:36:00,2011-06-16 12:36:00,1,5.9,84,84,5.9
14286,2011-04-11 08:16:00,2011-04-11 08:16:00,1,2050.08,150,150,2050.08
14287,2011-05-25 11:41:00,2011-05-25 11:44:00,2,83.28,106,106,41.64
14288,2011-05-10 13:22:00,2011-05-10 13:22:00,1,426.6,121,121,426.6
14289,2011-02-23 12:33:00,2011-07-28 10:24:00,5,832.78,197,42,166.56
14290,2010-12-13 10:24:00,2010-12-13 10:24:00,1,777.56,269,269,777.56
14291,2011-03-09 15:20:00,2011-08-11 10:55:00,7,2355.54,183,28,336.51
14292,2011-03-02 08:26:00,2011-07-17 12:18:00,4,2590.21,190,53,647.55
14293,2010-12-06 10:18:00,2011-07-15 15:28:00,3,739.41,276,55,246.47
14297,2011-03-10 08:31:00,2011-03-10 08:31:00,1,232.6,182,182,232.6
14298,2010-12-14 12:59:00,2011-09-01 14:26:00,37,41182.51,268,7,1113.04
14299,2010-12-09 10:30:00,2011-08-24 11:54:00,5,2437.14,273,15,487.43
14301,2011-08-14 15:33:00,2011-08-14 15:33:00,1,640.14,25,25,640.14
14304,2011-05-01 11:50:00,2011-05-01 11:50:00,1,383.45,130,130,383.45
14305,2011-07-27 14:14:00,2011-08-18 06:20:00,2,1048.45,43,21,524.22
14307,2010-12-01 11:41:00,2011-07-28 09:45:00,4,2307.89,281,42,576.97
14309,2010-12-16 13:05:00,2011-09-07 12:50:00,7,1633.7,266,1,233.39
14311,2011-04-11 10:14:00,2011-04-11 10:14:00,1,310.26,150,150,310.26
14312,2011-01-06 16:35:00,2011-06-06 09:01:00,4,854.59,245,94,213.65
14314,2011-08-25 10:39:00,2011-08-25 10:39:00,1,120.0,14,14,120.0
14315,2011-03-18 12:59:00,2011-08-02 13:31:00,5,1550.15,174,37,310.03
14320,2011-01-11 09:12:00,2011-05-17 09:24:00,2,477.79,240,114,238.9
14321,2011-01-10 11:35:00,2011-08-15 09:57:00,3,900.65,241,24,300.22
14323,2011-04-15 11:44:00,2011-08-17 11:37:00,2,605.06,146,22,302.53
14326,2011-04-11 15:04:00,2011-04-11 15:04:00,1,183.85,150,150,183.85
14327,2011-06-29 13:58:00,2011-06-29 13:58:00,1,311.65,71,71,311.65
14329,2011-01-14 13:42:00,2011-08-23 12:18:00,4,3485.03,237,16,871.26
14331,2011-07-27 15:14:00,2011-08-07 13:17:00,2,462.66,43,32,231.33
14332,2011-07-15 10:33:00,2011-07-15 10:33:00,1,119.04,55,55,119.04
14334,2010-12-16 17:37:00,2011-09-07 10:55:00,7,2328.71,266,1,332.67
14335,2011-09-04 13:07:00,2011-09-04 13:07:00,1,347.5,4,4,347.5
14336,2011-03-08 16:48:00,2011-05-25 14:44:00,3,1114.39,184,106,371.46
14338,2011-05-27 13:30:00,2011-07-01 14:08:00,2,588.22,104,69,294.11
14339,2011-04-11 11:06:00,2011-04-11 11:06:00,1,309.52,150,150,309.52
14340,2011-05-05 09:44:00,2011-05-05 09:44:00,1,134.7,126,126,134.7
14341,2011-01-25 13:55:00,2011-08-01 14:05:00,6,1139.52,226,38,189.92
14342,2011-05-13 13:50:00,2011-07-25 14:35:00,2,419.74,118,45,209.87
14344,2010-12-06 11:58:00,2011-08-04 13:51:00,8,889.93,276,35,111.24
14346,2011-02-15 13:52:00,2011-08-11 09:47:00,2,1021.58,205,28,510.79
14348,2011-03-24 16:23:00,2011-03-24 16:23:00,1,409.57,168,168,409.57
14350,2011-03-10 14:14:00,2011-03-10 14:14:00,1,282.93,182,182,282.93
14351,2011-06-28 11:56:00,2011-06-28 11:56:00,1,51.0,72,72,51.0
14352,2011-03-11 14:58:00,2011-07-05 15:41:00,4,1078.96,181,65,269.74
14353,2011-05-08 16:06:00,2011-05-08 16:06:00,1,90.6,123,123,90.6
14355,2010-12-09 12:16:00,2010-12-09 12:16:00,1,174.4,273,273,174.4
14360,2011-09-06 11:58:00,2011-09-06 11:58:00,1,1124.49,2,2,1124.49
14364,2011-05-12 12:56:00,2011-08-23 11:01:00,8,3717.35,119,16,464.67
14367,2011-03-08 14:12:00,2011-07-25 09:26:00,10,5419.7,184,45,541.97
14368,2011-01-24 09:52:00,2011-01-24 09:52:00,1,155.0,227,227,155.0
14371,2011-02-17 16:35:00,2011-02-17 16:35:00,1,100.5,203,203,100.5
14373,2010-12-16 15:40:00,2010-12-16 15:40:00,1,76.55,266,266,76.55
14375,2011-06-07 13:44:00,2011-06-07 13:44:00,1,235.56,93,93,235.56
14377,2011-03-22 13:38:00,2011-06-01 13:32:00,2,617.05,170,99,308.52
14379,2011-02-17 15:03:00,2011-02-17 15:03:00,1,110.98,203,203,110.98
14383,2011-06-29 10:18:00,2011-06-29 10:18:00,1,242.09,71,71,242.09
14386,2011-02-16 09:45:00,2011-02-16 09:45:00,1,142.4,204,204,142.4
14387,2011-08-22 14:13:00,2011-08-22 14:13:00,1,440.76,17,17,440.76
14388,2010-12-02 11:02:00,2011-08-10 11:58:00,5,1835.11,280,29,367.02
14389,2011-06-02 12:04:00,2011-06-02 12:04:00,1,311.14,98,98,311.14
14390,2010-12-02 11:57:00,2011-07-18 13:35:00,4,1590.71,280,52,397.68
14393,2011-05-05 18:16:00,2011-05-05 18:16:00,1,67.95,126,126,67.95
14395,2010-12-02 18:15:00,2011-06-15 12:21:00,6,1952.32,280,85,325.39
14396,2010-12-03 15:19:00,2010-12-03 15:19:00,1,110.35,279,279,110.35
14397,2011-05-10 12:25:00,2011-09-07 09:37:00,10,1036.12,121,1,103.61
14400,2011-07-13 15:50:00,2011-07-13 15:50:00,1,574.7,57,57,574.7
14401,2010-12-15 09:07:00,2011-09-05 11:51:00,10,3079.38,267,3,307.94
14403,2011-04-06 14:23:00,2011-08-01 12:57:00,4,1475.81,155,38,368.95
14404,2010-12-05 16:00:00,2011-08-23 11:16:00,5,1322.52,277,16,264.5
14406,2011-08-12 16:54:00,2011-08-12 16:54:00,1,156.75,27,27,156.75
14407,2011-03-08 11:59:00,2011-08-24 14:02:00,5,2142.73,184,15,428.55
14408,2011-03-20 14:41:00,2011-09-06 11:29:00,6,2290.81,172,2,381.8
14409,2010-12-06 15:03:00,2011-08-09 10:52:00,5,1943.73,276,30,388.75
14410,2011-02-07 09:36:00,2011-09-08 15:08:00,9,1099.27,213,0,122.14
14411,2011-02-02 10:56:00,2011-02-02 10:56:00,1,1063.0,218,218,1063.0
14413,2010-12-12 13:37:00,2010-12-12 13:37:00,1,121.05,270,270,121.05
14414,2010-12-16 11:11:00,2011-09-01 14:13:00,6,1311.14,266,7,218.52
14415,2010-12-14 13:31:00,2011-09-02 15:56:00,9,3766.13,268,6,418.46
14418,2011-08-23 17:18:00,2011-08-23 17:18:00,1,150.44,16,16,150.44
14419,2010-12-10 10:56:00,2011-04-01 11:47:00,2,307.14,272,160,153.57
14420,2011-09-01 18:07:00,2011-09-01 18:07:00,1,387.52,7,7,387.52
14421,2011-05-12 10:49:00,2011-05-12 10:49:00,1,455.18,119,119,455.18
14422,2011-03-17 17:26:00,2011-06-22 15:07:00,2,1032.15,175,78,516.08
14423,2011-05-05 15:12:00,2011-05-05 15:12:00,1,265.2,126,126,265.2
14426,2011-01-31 09:51:00,2011-07-22 11:56:00,6,2885.58,220,48,480.93
14428,2011-01-18 16:39:00,2011-04-14 09:43:00,2,330.62,233,147,165.31
14431,2011-02-10 10:40:00,2011-02-10 10:40:00,1,470.36,210,210,470.36
14436,2011-09-02 10:13:00,2011-09-02 10:13:00,1,89.06,6,6,89.06
14437,2010-12-09 09:27:00,2010-12-09 09:27:00,1,63.0,273,273,63.0
14438,2011-02-06 14:56:00,2011-02-06 14:56:00,1,131.9,214,214,131.9
14439,2011-01-24 11:39:00,2011-01-24 11:39:00,1,2661.24,227,227,2661.24
14440,2010-12-09 12:49:00,2011-01-27 10:30:00,2,1185.71,273,224,592.86
14441,2011-03-29 12:01:00,2011-09-06 09:45:00,2,697.4,163,2,348.7
14442,2011-01-27 09:33:00,2011-05-19 11:36:00,2,1589.82,224,112,794.91
14443,2010-12-06 11:03:00,2011-07-24 11:40:00,3,991.52,276,46,330.51
14446,2011-04-07 12:10:00,2011-04-07 12:10:00,1,303.04,154,154,303.04
14447,2011-03-04 10:49:00,2011-05-27 14:29:00,2,601.03,188,104,300.52
14448,2010-12-10 17:26:00,2010-12-10 17:26:00,1,102.35,272,272,102.35
14449,2010-12-02 14:09:00,2011-04-07 12:16:00,2,399.91,280,154,199.96
14450,2011-01-23 11:53:00,2011-06-12 10:46:00,3,483.25,228,88,161.08
14451,2011-05-29 12:35:00,2011-05-29 12:35:00,1,360.0,102,102,360.0
14452,2011-09-07 11:32:00,2011-09-07 11:32:00,1,127.37,1,1,127.37
14453,2011-06-02 14:15:00,2011-06-02 14:15:00,1,119.93,98,98,119.93
14456,2011-07-20 13:06:00,2011-07-31 15:00:00,3,633.69,50,39,211.23
14457,2011-02-02 09:39:00,2011-02-02 09:39:00,1,113.64,218,218,113.64
14459,2011-07-07 13:35:00,2011-07-07 13:35:00,1,1837.92,63,63,1837.92
14460,2011-02-02 11:55:00,2011-08-21 14:19:00,3,434.34,218,18,144.78
14461,2011-03-23 12:15:00,2011-07-14 17:11:00,3,2102.67,169,56,700.89
14462,2011-01-04 12:45:00,2011-08-11 09:57:00,9,1505.65,247,28,167.29
14463,2011-05-18 14:42:00,2011-09-02 15:20:00,3,529.62,113,6,176.54
14465,2011-02-10 12:13:00,2011-04-07 12:38:00,3,1038.44,210,154,346.15
14466,2010-12-02 13:36:00,2011-08-16 08:39:00,5,1580.45,280,23,316.09
14467,2011-01-31 12:35:00,2011-01-31 12:35:00,1,131.7,220,220,131.7
14470,2011-02-25 11:56:00,2011-02-25 11:56:00,1,297.64,195,195,297.64
14472,2010-12-19 14:03:00,2011-08-28 11:01:00,8,1852.67,263,11,231.58
14473,2011-03-02 13:56:00,2011-03-02 13:56:00,1,85.0,190,190,85.0
14475,2011-02-08 10:12:00,2011-06-06 13:06:00,2,622.17,212,94,311.08
14476,2011-03-27 15:39:00,2011-03-27 15:39:00,1,193.0,165,165,193.0
14477,2011-02-15 15:44:00,2011-06-08 13:33:00,2,523.0,205,92,261.5
14479,2010-12-09 12:59:00,2011-03-31 09:07:00,2,316.25,273,161,158.12
14481,2011-02-25 13:53:00,2011-06-28 10:38:00,2,636.51,195,72,318.26
14482,2011-04-14 16:41:00,2011-09-01 16:44:00,2,465.95,147,7,232.98
14483,2011-03-03 10:26:00,2011-03-03 10:26:00,1,137.1,189,189,137.1
14487,2010-12-06 13:22:00,2010-12-06 13:22:00,1,125.1,276,276,125.1
14489,2011-05-16 14:51:00,2011-05-16 14:51:00,1,463.38,115,115,463.38
14491,2010-12-02 12:10:00,2011-06-17 15:22:00,2,340.93,280,83,170.46
14493,2011-07-07 16:59:00,2011-07-07 16:59:00,1,611.22,63,63,611.22
14495,2011-08-10 14:13:00,2011-08-10 14:13:00,1,40.6,29,29,40.6
14496,2010-12-01 15:35:00,2011-02-01 09:01:00,2,538.81,281,219,269.4
14497,2011-02-03 17:01:00,2011-02-03 17:01:00,1,475.37,217,217,475.37
14498,2010-12-13 11:29:00,2011-08-15 14:10:00,4,1281.79,269,24,320.45
14499,2011-03-06 11:55:00,2011-07-29 11:49:00,2,367.81,186,41,183.9
14500,2011-06-03 10:08:00,2011-08-19 17:02:00,2,335.85,97,20,167.92
14501,2011-01-24 10:43:00,2011-06-09 12:02:00,2,251.21,227,91,125.6
14502,2011-01-30 15:52:00,2011-07-13 13:14:00,7,1163.22,221,57,166.17
14503,2011-06-14 10:00:00,2011-06-14 10:00:00,1,597.07,86,86,597.07
14504,2011-03-06 14:38:00,2011-04-10 16:01:00,3,542.71,186,151,180.9
14505,2010-12-12 16:14:00,2011-08-22 14:38:00,6,4222.74,270,17,703.79
14506,2010-12-05 14:25:00,2011-06-30 19:27:00,3,818.96,277,70,272.99
14507,2011-03-08 17:23:00,2011-08-30 15:16:00,4,924.69,184,9,231.17
14511,2011-07-29 12:13:00,2011-09-08 13:26:00,2,329.89,41,0,164.94
14512,2011-04-21 19:05:00,2011-06-05 12:39:00,2,275.28,140,95,137.64
14513,2011-02-24 09:36:00,2011-08-31 11:25:00,3,455.59,196,8,151.86
14514,2011-01-12 15:22:00,2011-05-22 15:12:00,2,403.11,239,109,201.56
14515,2011-05-05 12:13:00,2011-06-01 12:54:00,2,765.65,126,99,382.82
14517,2011-07-21 11:42:00,2011-07-21 11:42:00,1,252.45,49,49,252.45
14520,2011-02-22 09:15:00,2011-02-22 09:15:00,1,165.0,198,198,165.0
14522,2011-05-25 16:01:00,2011-09-08 15:39:00,2,760.7,106,0,380.35
14523,2011-08-23 13:13:00,2011-08-23 13:13:00,1,241.09,16,16,241.09
14524,2010-12-14 11:01:00,2011-06-14 12:46:00,5,1028.87,268,86,205.77
14525,2010-12-13 17:40:00,2011-08-31 14:28:00,7,2820.29,269,8,402.9
14527,2010-12-05 13:17:00,2011-09-02 12:37:00,40,5280.42,277,6,132.01
14529,2011-08-21 14:10:00,2011-08-21 14:10:00,1,135.24,18,18,135.24
14530,2011-02-16 10:47:00,2011-09-07 12:55:00,5,2482.32,204,1,496.46
14532,2010-12-22 13:48:00,2011-04-17 13:05:00,4,932.85,260,144,233.21
14533,2010-12-22 11:07:00,2011-08-19 12:06:00,2,734.98,260,20,367.49
14534,2011-01-25 12:33:00,2011-09-05 12:20:00,14,3029.74,226,3,216.41
14535,2011-04-05 12:50:00,2011-08-04 15:04:00,2,1652.81,156,35,826.4
14536,2011-03-25 12:21:00,2011-03-25 12:21:00,1,170.95,167,167,170.95
14538,2011-03-28 14:57:00,2011-03-28 14:57:00,1,106.5,164,164,106.5
14540,2011-02-03 15:02:00,2011-02-03 15:02:00,1,195.9,217,217,195.9
14541,2011-01-24 14:16:00,2011-06-24 10:31:00,7,1307.35,227,76,186.76
14542,2011-06-07 08:19:00,2011-06-07 08:19:00,1,103.25,93,93,103.25
14543,2010-12-10 11:51:00,2011-08-23 12:26:00,13,3199.85,272,16,246.14
14544,2010-12-13 12:50:00,2010-12-13 12:50:00,1,1101.77,269,269,1101.77
14546,2011-04-05 12:37:00,2011-05-22 11:41:00,2,874.88,156,109,437.44
14548,2011-01-26 08:38:00,2011-07-12 12:19:00,2,652.8,225,58,326.4
14549,2011-02-01 13:47:00,2011-02-01 13:47:00,1,289.24,219,219,289.24
14551,2011-05-19 18:21:00,2011-05-19 18:21:00,1,125.43,112,112,125.43
14552,2011-07-11 12:49:00,2011-07-11 12:49:00,1,164.22,59,59,164.22
14553,2011-01-04 15:40:00,2011-05-05 11:08:00,2,312.32,247,126,156.16
14555,2011-02-10 17:19:00,2011-02-10 17:19:00,1,186.34,210,210,186.34
14560,2010-12-17 09:22:00,2011-09-06 10:27:00,15,1565.2,265,2,104.35
14561,2011-06-08 13:26:00,2011-06-30 13:43:00,2,566.99,92,70,283.5
14562,2011-02-08 14:45:00,2011-09-08 19:58:00,7,2309.38,212,0,329.91
14565,2010-12-13 13:25:00,2011-09-05 09:07:00,4,2949.12,269,3,737.28
14566,2011-08-21 11:05:00,2011-08-21 11:05:00,1,1432.0,18,18,1432.0
14567,2011-08-01 13:48:00,2011-08-01 13:48:00,1,800.76,38,38,800.76
14570,2011-03-04 10:39:00,2011-03-04 10:58:00,2,217.21,188,188,108.6
14572,2011-01-19 17:23:00,2011-08-21 13:46:00,5,2063.24,232,18,412.65
14573,2010-12-02 19:59:00,2011-06-13 11:15:00,9,1639.82,280,87,182.2
14576,2010-12-02 17:51:00,2010-12-02 17:51:00,1,35.4,280,280,35.4
14577,2010-12-12 11:26:00,2011-06-29 11:46:00,3,646.64,270,71,215.55
14583,2011-05-18 11:28:00,2011-07-18 12:53:00,4,741.72,113,52,185.43
14584,2011-05-25 17:31:00,2011-06-23 18:33:00,4,1033.06,106,77,258.26
14586,2011-03-08 10:04:00,2011-03-08 10:04:00,1,237.36,184,184,237.36
14587,2011-01-12 13:16:00,2011-06-08 14:09:00,8,1452.68,239,92,181.58
14589,2010-12-03 11:42:00,2010-12-03 11:42:00,1,39.75,279,279,39.75
14591,2011-05-10 14:09:00,2011-05-10 14:09:00,1,204.02,121,121,204.02
14593,2011-05-25 11:14:00,2011-05-25 11:21:00,2,339.59,106,106,169.8
14594,2010-12-01 13:54:00,2010-12-01 13:54:00,1,255.0,281,281,255.0
14595,2011-01-30 13:36:00,2011-01-30 13:36:00,1,163.8,221,221,163.8
14597,2011-06-01 12:33:00,2011-06-01 12:33:00,1,165.1,99,99,165.1
14600,2011-02-07 09:48:00,2011-02-07 09:48:00,1,393.33,213,213,393.33
14603,2011-03-10 10:27:00,2011-03-10 10:27:00,1,660.0,182,182,660.0
14606,2010-12-01 16:57:00,2011-09-07 12:41:00,68,9358.91,281,1,137.63
14607,2011-03-23 15:22:00,2011-03-23 15:22:00,1,495.0,169,169,495.0
14608,2010-12-12 14:49:00,2010-12-12 14:49:00,1,204.0,270,270,204.0
14609,2011-02-16 12:10:00,2011-07-19 17:04:00,3,486.36,204,51,162.12
14616,2011-01-26 12:42:00,2011-04-11 09:54:00,3,406.08,225,150,135.36
14618,2011-01-06 11:59:00,2011-01-06 11:59:00,1,211.8,245,245,211.8
14619,2011-04-08 07:37:00,2011-04-08 07:37:00,1,394.44,153,153,394.44
14620,2011-03-01 08:30:00,2011-05-18 11:58:00,2,412.78,191,113,206.39
14621,2010-12-16 13:00:00,2011-07-06 12:31:00,3,1002.91,266,64,334.3
14622,2011-06-08 12:42:00,2011-06-08 12:42:00,1,320.58,92,92,320.58
14623,2011-04-18 13:54:00,2011-08-15 13:51:00,3,601.48,143,24,200.49
14625,2010-12-13 15:36:00,2011-05-27 15:32:00,2,899.63,269,104,449.82
14626,2011-04-20 13:18:00,2011-08-09 10:20:00,2,1571.29,141,30,785.64
14628,2011-04-11 14:43:00,2011-04-11 14:43:00,1,331.58,150,150,331.58
14631,2011-02-14 09:31:00,2011-04-18 16:49:00,2,630.08,206,143,315.04
14632,2011-03-22 08:49:00,2011-03-22 08:49:00,1,114.56,170,170,114.56
14633,2011-03-18 17:07:00,2011-03-18 17:07:00,1,344.9,174,174,344.9
14636,2011-03-16 09:52:00,2011-03-16 09:52:00,1,300.19,176,176,300.19
14639,2010-12-13 13:50:00,2011-08-11 13:41:00,4,1989.23,269,28,497.31
14640,2011-04-26 12:31:00,2011-08-04 11:38:00,4,1483.36,135,35,370.84
14643,2010-12-16 17:53:00,2011-06-22 14:41:00,2,693.81,266,78,346.9
14644,2011-02-14 14:14:00,2011-02-14 14:14:00,1,187.5,206,206,187.5
14645,2011-03-09 09:52:00,2011-07-06 09:15:00,2,597.09,183,64,298.54
14646,2010-12-20 10:09:00,2011-09-08 11:28:00,42,177729.62,262,0,4231.66
14647,2011-05-22 13:40:00,2011-05-22 13:40:00,1,236.04,109,109,236.04
14649,2011-05-11 14:37:00,2011-05-11 14:42:00,2,582.12,120,120,291.06
14651,2011-05-12 16:29:00,2011-05-12 16:29:00,1,415.47,119,119,415.47
14653,2011-01-05 13:40:00,2011-01-05 13:41:00,1,344.81,246,246,344.81
14655,2011-05-01 14:59:00,2011-05-01 14:59:00,1,810.56,130,130,810.56
14656,2011-03-01 13:19:00,2011-06-23 13:51:00,2,291.05,191,77,145.52
14657,2011-01-17 15:19:00,2011-07-07 19:54:00,3,638.94,234,63,212.98
14658,2011-08-14 15:42:00,2011-08-14 15:42:00,1,123.14,25,25,123.14
14659,2011-01-28 12:43:00,2011-07-17 12:31:00,6,1641.55,223,53,273.59
14660,2011-08-31 10:40:00,2011-08-31 10:40:00,1,128.95,8,8,128.95
14662,2011-01-27 17:41:00,2011-04-19 12:26:00,3,512.28,224,142,170.76
14665,2011-02-02 09:08:00,2011-02-16 10:34:00,3,731.66,218,204,243.89
14667,2010-12-06 13:13:00,2011-09-06 12:30:00,18,6007.21,276,2,333.73
14669,2011-01-11 12:30:00,2011-04-12 11:43:00,3,1259.24,240,149,419.75
14670,2011-03-04 13:58:00,2011-03-04 14:13:00,2,392.86,188,188,196.43
14672,2011-01-07 15:48:00,2011-04-19 10:19:00,2,765.55,244,142,382.78
14673,2010-12-07 12:49:00,2010-12-07 12:49:00,1,373.49,275,275,373.49
14676,2011-03-01 14:26:00,2011-07-15 11:50:00,4,1690.92,191,55,422.73
14680,2010-12-03 12:05:00,2011-09-05 15:49:00,14,25422.56,279,3,1815.9
14681,2011-05-12 10:45:00,2011-05-12 10:45:00,1,393.95,119,119,393.95
14682,2011-05-22 12:51:00,2011-06-05 12:12:00,2,52.0,109,95,26.0
14684,2010-12-12 12:44:00,2011-05-08 12:58:00,2,493.44,270,123,246.72
14687,2011-08-25 11:59:00,2011-08-25 11:59:00,1,628.38,14,14,628.38
14688,2010-12-01 09:37:00,2011-09-08 12:16:00,16,4186.45,281,0,261.65
14689,2011-05-15 11:22:00,2011-05-15 11:22:00,1,112.8,116,116,112.8
14690,2011-07-11 11:58:00,2011-07-11 11:58:00,1,212.56,59,59,212.56
14691,2011-05-11 09:55:00,2011-09-04 11:17:00,2,1274.68,120,4,637.34
14692,2011-01-21 13:47:00,2011-07-25 15:08:00,4,591.55,230,45,147.89
14693,2011-03-20 12:50:00,2011-03-20 12:50:00,1,172.9,172,172,172.9
14696,2010-12-01 15:37:00,2011-08-12 12:37:00,5,1458.54,281,27,291.71
14697,2011-05-05 15:29:00,2011-05-05 15:39:00,2,188.61,126,126,94.3
14699,2011-05-09 14:54:00,2011-05-09 14:54:00,1,109.13,122,122,109.13
14700,2011-04-15 13:16:00,2011-06-03 11:59:00,2,1541.1,146,97,770.55
14701,2011-01-27 12:40:00,2011-06-20 11:36:00,7,1941.43,224,80,277.35
14702,2010-12-09 19:23:00,2011-08-15 11:30:00,9,1651.25,273,24,183.47
14704,2011-06-12 13:59:00,2011-07-20 12:01:00,2,207.5,88,50,103.75
14705,2011-05-25 12:39:00,2011-05-25 12:39:00,1,179.0,106,106,179.0
14708,2010-12-06 12:23:00,2011-07-08 16:08:00,2,701.18,276,62,350.59
14709,2010-12-16 13:43:00,2011-09-07 12:21:00,9,3952.74,266,1,439.19
14711,2011-03-22 13:32:00,2011-08-22 15:42:00,8,2056.73,170,17,257.09
14712,2011-08-19 13:33:00,2011-08-19 13:33:00,1,115.72,20,20,115.72
14713,2010-12-09 18:58:00,2011-09-01 19:11:00,9,2029.61,273,7,225.51
14715,2011-01-12 13:27:00,2011-09-06 12:02:00,3,594.75,239,2,198.25
14716,2011-07-14 12:42:00,2011-07-14 12:42:00,1,181.72,56,56,181.72
14719,2011-04-04 14:17:00,2011-06-13 12:52:00,2,488.12,157,87,244.06
14720,2011-08-05 12:06:00,2011-08-05 12:06:00,1,155.8,34,34,155.8
14722,2011-07-15 14:58:00,2011-07-15 14:58:00,1,180.42,55,55,180.42
14723,2010-12-03 14:18:00,2010-12-16 19:19:00,3,453.95,279,266,151.32
14727,2011-03-10 14:45:00,2011-03-10 14:45:00,1,268.58,182,182,268.58
14729,2010-12-01 12:43:00,2010-12-01 12:43:00,1,313.49,281,281,313.49
14730,2011-03-08 12:49:00,2011-08-24 13:07:00,5,872.13,184,15,174.43
14731,2011-05-11 13:06:00,2011-05-18 11:02:00,2,251.02,120,113,125.51
14732,2011-01-04 14:40:00,2011-07-19 09:31:00,5,1618.3,247,51,323.66
14733,2010-12-07 11:30:00,2011-08-21 11:57:00,11,9044.2,275,18,822.2
14735,2010-12-16 16:05:00,2011-09-01 16:45:00,23,3595.71,266,7,156.34
14737,2010-12-21 13:49:00,2011-08-03 10:04:00,2,1081.75,261,36,540.88
14738,2011-01-27 14:10:00,2011-07-29 10:34:00,5,757.65,224,41,151.53
14739,2010-12-07 14:58:00,2011-09-06 14:09:00,4,2247.58,275,2,561.9
14740,2011-03-01 08:35:00,2011-05-26 18:17:00,3,1448.21,191,105,482.74
14741,2010-12-02 08:43:00,2011-08-18 13:16:00,4,864.96,280,21,216.24
14744,2010-12-08 10:21:00,2011-02-15 11:33:00,5,928.03,274,205,185.61
14745,2011-02-27 15:25:00,2011-08-19 10:05:00,5,1220.26,193,20,244.05
14747,2011-04-04 14:09:00,2011-04-04 14:09:00,1,328.2,157,157,328.2
14748,2010-12-06 10:19:00,2011-08-08 12:28:00,4,1118.77,276,31,279.69
14754,2011-02-17 12:21:00,2011-02-17 12:21:00,1,228.27,203,203,228.27
14755,2011-01-09 14:02:00,2011-08-19 12:49:00,7,2867.68,242,20,409.67
14758,2011-03-25 12:10:00,2011-07-18 08:21:00,4,1484.06,167,52,371.02
14759,2011-04-21 10:55:00,2011-08-19 08:57:00,2,870.85,140,20,435.42
14760,2011-02-15 16:27:00,2011-02-15 16:27:00,1,89.2,205,205,89.2
14761,2011-01-09 12:03:00,2011-01-09 12:03:00,1,97.5,242,242,97.5
14762,2011-03-21 08:20:00,2011-03-21 08:20:00,1,300.52,171,171,300.52
14765,2011-06-16 19:49:00,2011-08-19 15:06:00,2,95.5,84,20,47.75
14766,2010-12-08 15:33:00,2011-06-24 15:00:00,4,1531.32,274,76,382.83
14768,2011-08-04 13:25:00,2011-08-04 13:25:00,1,133.2,35,35,133.2
14769,2010-12-17 11:40:00,2011-08-23 15:34:00,6,6284.84,265,16,1047.47
14770,2011-01-20 15:00:00,2011-04-21 14:21:00,2,876.42,231,140,438.21
14772,2011-08-19 15:04:00,2011-08-19 15:04:00,1,139.26,20,20,139.26
14775,2010-12-02 16:38:00,2011-07-25 12:12:00,2,701.46,280,45,350.73
14776,2011-01-31 13:17:00,2011-08-26 14:23:00,8,1862.22,220,13,232.78
14778,2011-02-04 11:43:00,2011-08-04 15:23:00,2,730.86,216,35,365.43
14779,2011-01-20 12:04:00,2011-03-04 12:42:00,3,386.15,231,188,128.72
14782,2011-01-24 11:12:00,2011-01-24 11:12:00,1,200.1,227,227,200.1
14784,2011-01-20 09:25:00,2011-01-20 09:25:00,1,114.68,231,231,114.68
14790,2011-03-31 11:49:00,2011-08-12 12:15:00,2,364.04,161,27,182.02
14794,2011-01-09 16:11:00,2011-05-20 11:53:00,4,679.54,242,111,169.88
14795,2011-06-26 13:04:00,2011-06-26 13:04:00,1,131.45,74,74,131.45
14796,2010-12-08 10:40:00,2011-09-06 10:42:00,14,6579.62,274,2,469.97
14798,2011-02-02 15:26:00,2011-07-18 14:40:00,2,97.4,218,52,48.7
14800,2010-12-05 11:10:00,2011-08-22 12:26:00,9,3832.49,277,17,425.83
14803,2011-02-20 13:21:00,2011-06-30 13:58:00,3,845.55,200,70,281.85
14805,2011-01-30 10:43:00,2011-01-30 10:43:00,1,109.25,221,221,109.25
14808,2011-06-20 12:53:00,2011-07-18 13:33:00,6,1833.82,80,52,305.64
14810,2010-12-05 12:08:00,2011-08-28 11:02:00,10,1866.78,277,11,186.68
14813,2010-12-05 11:54:00,2010-12-05 11:57:00,2,152.88,277,277,76.44
14816,2011-05-26 13:16:00,2011-05-26 13:16:00,1,271.85,105,105,271.85
14817,2011-03-07 13:51:00,2011-05-23 13:35:00,2,1010.34,185,108,505.17
14818,2011-03-31 12:28:00,2011-06-23 14:13:00,2,409.63,161,77,204.82
14819,2011-05-31 13:50:00,2011-05-31 13:50:00,1,84.72,100,100,84.72
14820,2011-06-19 14:56:00,2011-06-19 14:56:00,1,139.77,81,81,139.77
14821,2010-12-08 08:43:00,2010-12-08 08:43:00,1,48.8,274,274,48.8
14823,2011-05-29 12:48:00,2011-06-12 13:12:00,3,321.43,102,88,107.14
14825,2010-12-06 12:30:00,2011-08-04 11:16:00,7,1333.47,276,35,190.5
14828,2011-01-07 09:50:00,2011-05-27 10:16:00,3,2139.76,244,104,713.25
14829,2010-12-02 16:12:00,2011-06-08 14:29:00,3,531.63,280,92,177.21
14834,2011-04-13 15:00:00,2011-08-11 14:36:00,2,429.3,148,28,214.65
14837,2011-05-22 12:49:00,2011-08-26 13:00:00,3,1345.56,109,13,448.52
14840,2011-03-17 12:00:00,2011-03-17 12:00:00,1,62.85,175,175,62.85
14841,2010-12-16 10:28:00,2011-06-13 14:55:00,4,2375.57,266,87,593.89
14842,2011-02-04 15:32:00,2011-09-05 14:30:00,3,1901.52,216,3,633.84
14844,2011-04-12 13:10:00,2011-08-08 13:34:00,3,2257.68,149,31,752.56
14847,2011-07-14 10:52:00,2011-07-14 10:52:00,1,309.4,56,56,309.4
14849,2010-12-01 12:22:00,2011-09-05 14:57:00,17,5784.53,281,3,340.27
14850,2011-02-01 11:21:00,2011-02-01 11:21:00,1,325.75,219,219,325.75
14851,2011-03-28 14:59:00,2011-03-28 14:59:00,1,206.13,164,164,206.13
14852,2011-04-01 13:22:00,2011-09-04 13:56:00,5,2188.42,160,4,437.68
14853,2011-05-12 15:17:00,2011-05-12 15:17:00,1,214.5,119,119,214.5
14854,2011-03-10 12:22:00,2011-07-29 15:40:00,6,2281.83,182,41,380.3
14855,2011-07-28 12:06:00,2011-08-12 14:02:00,2,645.65,42,27,322.82
14857,2011-07-14 15:03:00,2011-07-14 15:03:00,1,522.52,56,56,522.52
14859,2011-05-19 14:42:00,2011-05-19 14:42:00,1,296.86,112,112,296.86
14862,2011-07-14 11:20:00,2011-07-14 11:20:00,1,304.1,56,56,304.1
14865,2010-12-02 18:23:00,2010-12-02 18:23:00,1,37.2,280,280,37.2
14866,2010-12-08 14:58:00,2011-08-26 11:48:00,3,1127.4,274,13,375.8
14867,2011-01-07 16:34:00,2011-06-07 11:39:00,3,710.28,244,93,236.76
14868,2011-04-20 13:36:00,2011-08-11 14:55:00,4,1297.07,141,28,324.27
14869,2011-08-28 16:09:00,2011-08-28 16:09:00,1,387.06,11,11,387.06
14870,2011-03-23 10:51:00,2011-03-23 10:51:00,1,327.25,169,169,327.25
14871,2010-12-14 12:18:00,2011-06-14 13:04:00,3,335.3,268,86,111.77
14873,2011-05-13 13:52:00,2011-05-13 13:52:00,1,519.68,118,118,519.68
14875,2011-03-22 11:53:00,2011-08-24 12:20:00,2,1465.32,170,15,732.66
14878,2010-12-16 12:11:00,2011-06-19 11:14:00,6,1083.02,266,81,180.5
14880,2011-02-24 12:27:00,2011-06-07 13:27:00,2,347.67,196,93,173.84
14883,2011-05-12 09:49:00,2011-06-29 09:32:00,2,358.48,119,71,179.24
14885,2011-07-31 12:05:00,2011-07-31 12:05:00,1,765.32,39,39,765.32
14886,2011-04-01 08:56:00,2011-04-01 08:56:00,1,364.8,160,160,364.8
14888,2011-05-16 14:58:00,2011-05-16 14:58:00,1,369.2,115,115,369.2
14889,2011-01-07 15:19:00,2011-01-07 15:19:00,1,135.9,244,244,135.9
14890,2011-03-31 11:57:00,2011-03-31 11:57:00,1,125.65,161,161,125.65
14891,2011-06-05 10:58:00,2011-07-14 18:08:00,2,554.38,95,56,277.19
14895,2011-02-22 13:08:00,2011-08-21 15:50:00,10,6081.71,198,18,608.17
14896,2010-12-09 12:24:00,2011-05-19 10:20:00,2,468.77,273,112,234.38
14897,2011-02-16 08:37:00,2011-02-16 08:37:00,1,175.5,204,204,175.5
14898,2010-12-03 15:25:00,2011-07-28 14:03:00,5,991.18,279,42,198.24
14901,2010-12-02 11:20:00,2011-08-30 12:00:00,5,822.12,280,9,164.42
14903,2011-03-06 11:50:00,2011-08-07 12:42:00,4,2398.62,186,32,599.66
14905,2011-04-20 10:48:00,2011-07-05 12:41:00,2,616.15,141,65,308.08
14907,2010-12-07 10:14:00,2011-09-01 16:41:00,5,2608.18,275,7,521.64
14911,2010-12-01 14:05:00,2011-09-07 14:13:00,109,76104.45,281,1,698.21
14912,2011-04-07 11:06:00,2011-04-07 11:06:00,1,482.79,154,154,482.79
14913,2010-12-15 14:35:00,2011-06-09 14:14:00,3,917.15,267,91,305.72
14915,2011-03-07 09:39:00,2011-03-07 09:39:00,1,142.28,185,185,142.28
14916,2011-01-19 15:30:00,2011-09-07 10:07:00,3,967.76,232,1,322.59
14918,2011-07-08 12:50:00,2011-08-16 11:50:00,2,1610.15,62,23,805.08
14920,2011-05-11 10:31:00,2011-05-11 10:32:00,2,977.77,120,120,488.88
14921,2011-05-22 12:51:00,2011-05-22 12:51:00,1,903.01,109,109,903.01
14924,2011-04-08 09:25:00,2011-04-08 09:25:00,1,310.05,153,153,310.05
14930,2011-03-10 14:42:00,2011-08-23 10:31:00,3,2362.96,182,16,787.65
14931,2011-04-13 09:32:00,2011-04-13 09:32:00,1,243.0,148,148,243.0
14932,2010-12-09 11:48:00,2010-12-09 11:48:00,1,313.53,273,273,313.53
14934,2011-03-02 11:48:00,2011-03-02 11:48:00,1,828.84,190,190,828.84
14935,2011-02-15 14:44:00,2011-02-15 14:44:00,1,1784.71,205,205,1784.71
14936,2011-03-09 11:53:00,2011-08-23 12:30:00,3,5072.88,183,16,1690.96
14937,2011-08-01 14:16:00,2011-08-01 14:16:00,1,759.56,38,38,759.56
14944,2011-02-16 12:47:00,2011-09-06 09:23:00,7,3164.19,204,2,452.03
14947,2011-08-01 09:31:00,2011-08-01 09:31:00,1,178.5,38,38,178.5
14948,2011-05-04 14:52:00,2011-09-02 14:39:00,4,639.23,127,6,159.81
14952,2010-12-10 12:48:00,2011-05-17 08:38:00,7,3534.61,272,114,504.94
14957,2011-03-31 17:59:00,2011-03-31 17:59:00,1,58.49,161,161,58.49
14958,2011-04-08 11:28:00,2011-07-15 14:20:00,3,483.73,153,55,161.24
14959,2011-02-16 13:00:00,2011-08-22 09:28:00,3,537.32,204,17,179.11
14960,2011-06-21 13:38:00,2011-06-21 13:38:00,1,88.3,79,79,88.3
14961,2010-12-14 11:38:00,2011-07-08 15:29:00,6,3906.98,268,62,651.16
14962,2011-03-14 09:42:00,2011-03-14 09:42:00,1,126.7,178,178,126.7
14963,2011-06-09 12:30:00,2011-06-09 12:30:00,1,294.2,91,91,294.2
14964,2011-04-06 14:13:00,2011-04-06 14:13:00,1,206.21,155,155,206.21
14965,2011-09-04 13:15:00,2011-09-04 13:20:00,2,596.09,4,4,298.04
14970,2011-01-27 12:23:00,2011-07-25 14:45:00,3,1119.75,224,45,373.25
14972,2011-08-03 14:54:00,2011-08-03 14:54:00,1,114.77,36,36,114.77
14973,2011-04-28 12:22:00,2011-08-24 15:51:00,3,1314.45,133,15,438.15
14976,2011-01-17 11:09:00,2011-08-30 17:23:00,4,559.96,234,9,139.99
14978,2011-01-13 12:03:00,2011-04-18 10:55:00,4,1527.23,238,143,381.81
14981,2011-04-07 13:45:00,2011-04-07 13:45:00,1,102.12,154,154,102.12
14984,2011-06-12 11:04:00,2011-06-12 11:04:00,1,102.23,88,88,102.23
14985,2010-12-16 19:51:00,2011-05-25 14:29:00,2,292.01,266,106,146.0
14987,2010-12-09 12:13:00,2010-12-09 12:13:00,1,163.2,273,273,163.2
14988,2011-05-12 12:05:00,2011-05-12 12:05:00,1,334.54,119,119,334.54
14995,2011-03-04 13:14:00,2011-03-04 13:14:00,1,119.31,188,188,119.31
14997,2011-06-14 16:52:00,2011-06-14 16:52:00,1,155.28,86,86,155.28
14998,2011-04-12 16:28:00,2011-06-22 17:30:00,2,414.87,149,78,207.44
15002,2010-12-07 13:16:00,2011-08-16 10:44:00,4,1641.76,275,23,410.44
15004,2011-07-15 14:05:00,2011-07-15 14:05:00,1,1220.38,55,55,1220.38
15005,2010-12-08 14:36:00,2011-09-05 11:18:00,20,4505.85,274,3,225.29
15007,2011-07-03 16:00:00,2011-07-03 16:00:00,1,156.91,67,67,156.91
15012,2010-12-01 12:49:00,2010-12-01 12:49:00,1,188.56,281,281,188.56
15014,2011-06-16 19:40:00,2011-06-16 19:40:00,1,117.73,84,84,117.73
15016,2011-06-20 12:06:00,2011-06-20 12:06:00,1,170.04,80,80,170.04
15018,2010-12-07 10:47:00,2011-04-01 09:56:00,2,291.34,275,160,145.67
15019,2011-03-18 12:35:00,2011-03-18 12:35:00,1,252.81,174,174,252.81
15021,2010-12-08 12:17:00,2011-07-06 11:52:00,5,1080.23,274,64,216.05
15023,2010-12-05 13:49:00,2011-08-15 15:06:00,8,5009.07,277,24,626.13
15024,2010-12-07 13:20:00,2011-08-18 19:13:00,5,830.62,275,21,166.12
15026,2011-03-07 13:45:00,2011-04-13 14:25:00,2,230.78,185,148,115.39
15027,2011-04-15 14:14:00,2011-06-24 14:33:00,3,966.97,146,76,322.32
15028,2010-12-06 12:47:00,2010-12-06 12:47:00,1,185.97,276,276,185.97
15030,2011-03-16 15:34:00,2011-03-16 15:34:00,1,152.76,176,176,152.76
15031,2011-03-02 14:46:00,2011-08-21 15:35:00,2,261.79,190,18,130.9
15032,2010-12-08 12:57:00,2011-03-28 15:03:00,3,4959.1,274,164,1653.03
15033,2011-01-14 13:28:00,2011-08-22 13:40:00,6,1605.65,237,17,267.61
15034,2010-12-21 09:47:00,2011-04-21 11:03:00,5,2640.38,261,140,528.08
15036,2011-06-13 12:19:00,2011-06-15 13:35:00,2,212.49,87,85,106.24
15038,2010-12-05 10:54:00,2011-06-05 11:14:00,4,497.7,277,95,124.42
15039,2010-12-06 11:26:00,2011-09-01 11:33:00,37,18062.28,276,7,488.17
15041,2011-06-22 16:16:00,2011-06-22 16:16:00,1,179.93,78,78,179.93
15042,2011-05-24 16:25:00,2011-05-24 16:25:00,1,135.93,107,107,135.93
15044,2010-12-12 14:27:00,2011-07-26 13:57:00,13,5152.68,270,44,396.36
15045,2011-03-27 11:44:00,2011-07-11 11:33:00,2,735.66,165,59,367.83
15046,2011-01-05 15:30:00,2011-09-04 11:54:00,11,3924.73,246,4,356.79
15047,2011-03-15 10:49:00,2011-03-15 10:49:00,1,343.62,177,177,343.62
15048,2010-12-06 12:15:00,2011-08-15 10:02:00,3,321.48,276,24,107.16
15049,2011-03-11 12:13:00,2011-03-11 12:13:00,1,121.17,181,181,121.17
15051,2011-07-12 15:29:00,2011-07-12 15:29:00,1,377.74,58,58,377.74
15052,2011-01-24 15:52:00,2011-01-24 15:52:00,1,207.73,227,227,207.73
15053,2011-03-03 12:06:00,2011-07-06 13:06:00,2,478.6,189,64,239.3
15057,2011-01-28 09:09:00,2011-03-09 15:17:00,2,1489.5,223,183,744.75
15058,2011-01-31 15:35:00,2011-08-07 10:43:00,7,1234.76,220,32,176.39
15059,2011-01-09 11:54:00,2011-08-24 13:22:00,7,1008.6,242,15,144.09
15061,2010-12-02 15:19:00,2011-08-04 10:45:00,37,36575.0,280,35,988.51
15062,2010-12-15 15:37:00,2011-05-06 10:19:00,3,814.04,267,125,271.35
15063,2011-05-10 13:25:00,2011-05-10 13:25:00,1,370.8,121,121,370.8
15065,2011-02-21 12:54:00,2011-06-28 11:44:00,3,2858.75,199,72,952.92
15067,2011-03-02 12:10:00,2011-03-02 12:10:00,1,848.05,190,190,848.05
15068,2011-03-28 14:27:00,2011-03-28 14:27:00,1,239.96,164,164,239.96
15069,2011-06-13 14:16:00,2011-06-13 14:16:00,1,1109.53,87,87,1109.53
15070,2010-12-02 11:23:00,2010-12-02 11:23:00,1,106.2,280,280,106.2
15071,2011-03-09 10:19:00,2011-09-07 11:43:00,2,982.07,183,1,491.04
15073,2011-06-06 09:59:00,2011-06-07 12:00:00,2,861.96,94,93,430.98
15074,2011-08-26 14:45:00,2011-08-26 14:45:00,1,735.67,13,13,735.67
15076,2011-06-20 08:23:00,2011-06-20 08:23:00,1,880.85,80,80,880.85
15078,2010-12-06 12:38:00,2011-08-26 11:19:00,22,6702.59,276,13,304.66
15079,2010-12-09 09:25:00,2011-05-11 12:45:00,4,895.61,273,120,223.9
15081,2010-12-07 16:20:00,2011-05-15 13:31:00,2,248.05,275,116,124.02
15083,2011-03-28 12:18:00,2011-03-28 12:18:00,1,88.2,164,164,88.2
15087,2011-03-03 10:34:00,2011-03-03 10:34:00,1,306.94,189,189,306.94
15089,2011-08-03 14:14:00,2011-09-06 16:02:00,3,2036.28,36,2,678.76
15090,2011-02-04 14:03:00,2011-02-04 14:03:00,1,381.32,216,216,381.32
15092,2011-03-01 12:24:00,2011-05-08 14:10:00,2,457.81,191,123,228.9
15093,2010-12-02 18:25:00,2011-08-15 09:59:00,5,4027.1,280,24,805.42
15095,2011-05-20 14:27:00,2011-08-28 12:01:00,4,1370.6,111,11,342.65
15098,2011-06-10 15:22:00,2011-06-10 15:33:00,3,39916.5,90,90,13305.5
15100,2010-12-01 09:09:00,2011-01-10 10:35:00,3,876.0,281,241,292.0
15101,2010-12-15 12:54:00,2010-12-15 12:54:00,1,102.28,267,267,102.28
15104,2011-03-02 14:16:00,2011-05-27 12:29:00,2,993.54,190,104,496.77
15105,2011-07-28 10:09:00,2011-07-28 10:09:00,1,532.98,42,42,532.98
15106,2011-03-15 12:52:00,2011-07-21 17:02:00,3,1032.83,177,49,344.28
15107,2010-12-02 13:45:00,2011-02-01 14:46:00,6,319.5,280,219,53.25
15108,2011-04-26 10:54:00,2011-07-21 10:24:00,3,1159.25,135,49,386.42
15109,2011-04-08 09:58:00,2011-04-08 09:58:00,1,484.95,153,153,484.95
15110,2011-01-25 11:41:00,2011-08-05 09:25:00,2,376.55,226,34,188.28
15111,2010-12-02 11:45:00,2010-12-02 11:45:00,1,288.5,280,280,288.5
15114,2011-02-11 08:45:00,2011-09-07 13:30:00,7,1678.97,209,1,239.85
15116,2011-05-19 08:50:00,2011-07-28 09:48:00,2,790.97,112,42,395.48
15117,2011-05-08 12:38:00,2011-08-11 11:51:00,2,675.73,123,28,337.86
15118,2011-07-28 14:54:00,2011-07-28 14:54:00,1,244.8,42,42,244.8
15119,2011-04-08 09:08:00,2011-04-08 09:08:00,1,266.4,153,153,266.4
15120,2011-07-29 09:48:00,2011-07-29 09:48:00,1,358.82,41,41,358.82
15121,2011-02-24 12:41:00,2011-02-24 12:41:00,1,295.15,196,196,295.15
15122,2011-02-15 09:59:00,2011-08-17 16:48:00,3,1633.78,205,22,544.59
15123,2011-05-17 14:57:00,2011-05-17 14:57:00,1,1069.47,114,114,1069.47
15124,2011-06-01 09:06:00,2011-06-01 09:06:00,1,90.75,99,99,90.75
15125,2011-03-14 09:59:00,2011-08-18 17:50:00,12,10795.48,178,21,899.62
15128,2011-05-04 12:32:00,2011-08-05 10:31:00,3,1170.24,127,34,390.08
15129,2011-02-21 09:09:00,2011-08-25 10:45:00,10,2796.73,199,14,279.67
15130,2011-06-23 10:15:00,2011-06-23 10:15:00,1,330.11,77,77,330.11
15132,2011-03-22 12:02:00,2011-08-26 11:47:00,3,842.23,170,13,280.74
15133,2011-02-11 10:38:00,2011-08-04 10:44:00,3,982.42,209,35,327.47
15134,2011-04-13 11:05:00,2011-08-04 15:17:00,4,614.86,148,35,153.72
15135,2011-04-14 19:16:00,2011-04-14 19:16:00,1,139.05,147,147,139.05
15136,2011-09-04 16:05:00,2011-09-04 16:05:00,1,582.9,4,4,582.9
15139,2011-01-07 12:44:00,2011-04-14 11:39:00,2,178.96,244,147,89.48
15140,2011-03-20 14:37:00,2011-08-16 11:38:00,5,1728.11,172,23,345.62
15143,2011-04-28 12:03:00,2011-04-28 12:03:00,1,259.45,133,133,259.45
15144,2011-01-31 13:17:00,2011-09-08 12:20:00,10,3560.84,220,0,356.08
15145,2011-04-05 15:20:00,2011-04-26 16:40:00,2,724.03,156,135,362.02
15146,2011-02-21 13:07:00,2011-06-28 12:09:00,2,1327.16,199,72,663.58
15147,2011-04-13 15:57:00,2011-04-13 15:57:00,1,623.5,148,148,623.5
15149,2011-07-29 10:58:00,2011-07-29 10:58:00,1,520.8,41,41,520.8
15150,2011-03-15 14:21:00,2011-08-22 15:05:00,5,3569.62,177,17,713.92
15152,2011-06-05 15:36:00,2011-08-18 12:53:00,6,2383.21,95,21,397.2
15157,2010-12-16 13:44:00,2011-07-08 13:26:00,2,1505.37,266,62,752.68
15159,2010-12-13 15:44:00,2011-08-19 09:38:00,18,8969.97,269,20,498.33
15160,2010-12-17 14:15:00,2010-12-17 14:15:00,1,158.16,265,265,158.16
15163,2011-05-31 15:22:00,2011-05-31 15:22:00,1,155.0,100,100,155.0
15164,2011-01-04 14:21:00,2011-05-15 13:14:00,2,363.23,247,116,181.62
15165,2010-12-01 14:03:00,2010-12-01 14:03:00,1,487.75,281,281,487.75
15167,2011-01-23 12:41:00,2011-01-23 12:41:00,1,158.8,228,228,158.8
15171,2011-01-12 15:36:00,2011-01-12 15:36:00,1,1289.5,239,239,1289.5
15172,2011-04-17 11:56:00,2011-07-27 11:29:00,3,886.74,144,43,295.58
15174,2011-01-21 09:06:00,2011-01-21 09:06:00,1,135.75,230,230,135.75
15178,2011-03-24 15:12:00,2011-03-24 15:12:00,1,40.5,168,168,40.5
15179,2011-01-24 13:48:00,2011-04-20 09:03:00,3,1455.12,227,141,485.04
15180,2010-12-07 14:57:00,2010-12-07 14:57:00,1,87.5,275,275,87.5
15181,2011-03-15 12:03:00,2011-06-17 13:57:00,2,435.0,177,83,217.5
15182,2011-03-16 12:42:00,2011-07-08 13:37:00,2,622.85,176,62,311.42
15184,2011-06-02 12:06:00,2011-06-02 12:06:00,1,235.23,98,98,235.23
15186,2011-06-24 14:54:00,2011-06-24 14:54:00,1,229.26,76,76,229.26
15187,2011-05-11 13:49:00,2011-09-04 15:52:00,5,1868.88,120,4,373.78
15189,2011-01-11 12:29:00,2011-09-07 15:13:00,32,12537.67,240,1,391.8
15192,2010-12-09 14:56:00,2011-08-12 11:41:00,3,1044.32,273,27,348.11
15194,2010-12-06 15:00:00,2011-08-05 10:39:00,11,4469.53,276,34,406.32
15197,2010-12-16 18:01:00,2011-04-01 11:50:00,2,773.25,266,160,386.62
15198,2011-08-07 15:16:00,2011-09-08 14:42:00,2,193.64,32,0,96.82
15199,2011-02-04 14:04:00,2011-09-06 10:12:00,3,967.75,216,2,322.58
15201,2011-04-06 14:02:00,2011-08-05 14:05:00,4,933.26,155,34,233.32
15203,2011-02-01 12:29:00,2011-08-26 09:58:00,4,1328.32,219,13,332.08
15204,2010-12-17 13:49:00,2010-12-17 13:49:00,1,316.58,265,265,316.58
15205,2011-08-04 16:07:00,2011-08-04 16:07:00,1,476.3,35,35,476.3
15206,2011-03-09 08:59:00,2011-09-01 11:41:00,3,236.7,183,7,78.9
15208,2010-12-21 13:03:00,2011-06-29 13:51:00,2,323.52,261,71,161.76
15210,2011-04-28 16:11:00,2011-04-28 16:11:00,1,331.18,133,133,331.18
15211,2010-12-09 16:08:00,2010-12-09 16:08:00,1,383.07,273,273,383.07
15212,2011-04-12 13:45:00,2011-04-12 13:45:00,1,101.8,149,149,101.8
15213,2011-01-14 11:05:00,2011-01-25 12:21:00,2,328.35,237,226,164.18
15214,2011-04-11 09:46:00,2011-06-09 09:44:00,2,651.63,150,91,325.82
15215,2011-09-04 12:24:00,2011-09-04 12:24:00,1,300.04,4,4,300.04
15218,2011-01-25 11:20:00,2011-08-15 12:06:00,8,3865.35,226,24,483.17
15219,2011-06-16 16:57:00,2011-06-16 16:57:00,1,305.75,84,84,305.75
15220,2011-03-04 10:24:00,2011-08-16 14:28:00,5,1284.05,188,23,256.81
15221,2010-12-08 13:08:00,2010-12-08 13:08:00,1,403.25,274,274,403.25
15222,2011-01-25 08:03:00,2011-01-25 08:03:00,1,585.0,226,226,585.0
15223,2011-04-04 12:17:00,2011-04-28 11:31:00,2,755.75,157,133,377.88
15224,2010-12-12 12:34:00,2010-12-16 15:02:00,2,322.08,270,266,161.04
15225,2011-04-19 14:51:00,2011-04-19 14:51:00,1,409.4,142,142,409.4
15226,2011-02-02 11:41:00,2011-02-02 11:41:00,1,154.41,218,218,154.41
15227,2011-01-26 15:31:00,2011-05-08 10:11:00,3,876.82,225,123,292.27
15228,2011-02-18 09:04:00,2011-08-02 12:27:00,3,2224.03,202,37,741.34
15230,2011-04-13 11:04:00,2011-04-14 14:39:00,2,429.6,148,147,214.8
15232,2011-07-22 12:21:00,2011-08-18 16:27:00,2,612.06,48,21,306.03
15234,2011-03-08 08:53:00,2011-03-08 08:53:00,1,197.0,184,184,197.0
15235,2010-12-01 17:22:00,2011-05-06 09:44:00,12,2247.51,281,125,187.29
15236,2011-02-14 10:52:00,2011-02-14 10:52:00,1,321.05,206,206,321.05
15237,2011-04-26 15:04:00,2011-05-20 14:47:00,2,1093.65,135,111,546.83
15238,2011-06-08 16:00:00,2011-09-05 15:26:00,2,772.78,92,3,386.39
15240,2011-02-01 08:23:00,2011-06-01 11:27:00,3,1045.38,219,99,348.46
15241,2011-03-01 11:02:00,2011-08-04 16:41:00,6,1344.86,191,35,224.14
15244,2011-04-05 15:12:00,2011-04-05 15:12:00,1,297.94,156,156,297.94
15245,2011-03-23 13:42:00,2011-07-28 18:56:00,3,2515.84,169,42,838.61
15246,2010-12-16 09:46:00,2011-04-15 14:45:00,2,514.15,266,146,257.08
15247,2011-08-09 12:52:00,2011-08-09 12:52:00,1,356.0,30,30,356.0
15249,2011-03-28 12:49:00,2011-08-24 10:19:00,10,5357.03,164,15,535.7
15251,2011-04-12 10:38:00,2011-08-25 10:49:00,7,7452.12,149,14,1064.59
15252,2011-06-09 14:15:00,2011-06-09 14:15:00,1,300.55,91,91,300.55
15253,2011-06-23 12:19:00,2011-06-23 12:19:00,1,173.85,77,77,173.85
15254,2011-08-04 15:04:00,2011-08-04 15:04:00,1,300.36,35,35,300.36
15256,2011-07-14 11:47:00,2011-07-14 11:47:00,1,98.45,56,56,98.45
15257,2011-03-01 12:58:00,2011-03-01 12:58:00,1,317.15,191,191,317.15
15258,2011-05-06 14:16:00,2011-06-24 12:30:00,2,623.16,125,76,311.58
15260,2010-12-02 12:09:00,2011-08-31 13:55:00,7,1810.77,280,8,258.68
15261,2011-07-27 15:20:00,2011-07-27 15:20:00,1,254.82,43,43,254.82
15262,2011-01-20 12:16:00,2011-01-20 12:16:00,1,178.95,231,231,178.95
15263,2011-08-25 10:26:00,2011-08-25 10:26:00,1,156.51,14,14,156.51
15265,2011-04-18 12:16:00,2011-07-11 14:46:00,2,1506.12,143,59,753.06
15266,2011-01-05 13:40:00,2011-01-05 13:40:00,1,119.3,246,246,119.3
15267,2011-06-10 10:24:00,2011-07-07 11:36:00,2,1407.76,90,63,703.88
15270,2011-02-02 13:25:00,2011-08-14 10:38:00,5,1850.29,218,25,370.06
15271,2010-12-09 13:47:00,2011-09-06 09:49:00,10,1592.58,273,2,159.26
15279,2010-12-20 10:48:00,2010-12-20 10:48:00,1,290.51,262,262,290.51
15280,2011-06-20 17:14:00,2011-06-20 17:14:00,1,113.12,80,80,113.12
15281,2011-01-10 15:51:00,2011-07-26 09:23:00,8,2191.78,241,44,273.97
15288,2010-12-09 13:59:00,2011-07-07 10:28:00,4,2006.36,273,63,501.59
15289,2011-04-04 12:44:00,2011-07-25 11:01:00,2,697.98,157,45,348.99
15290,2010-12-15 16:03:00,2011-08-28 10:54:00,12,3392.59,267,11,282.72
15291,2010-12-01 09:32:00,2011-09-06 09:15:00,11,3640.02,281,2,330.91
15292,2011-05-22 15:00:00,2011-05-22 15:00:00,1,178.39,109,109,178.39
15296,2011-01-17 11:57:00,2011-08-22 14:20:00,5,2599.49,234,17,519.9
15298,2010-12-08 13:55:00,2011-09-08 08:56:00,7,3358.22,274,0,479.75
15299,2010-12-02 16:48:00,2011-03-21 12:06:00,4,2435.01,280,171,608.75
15301,2010-12-06 12:21:00,2011-08-18 09:45:00,9,3727.4,276,21,414.16
15303,2011-02-22 13:59:00,2011-02-22 13:59:00,1,574.02,198,198,574.02
15304,2010-12-06 11:42:00,2011-06-28 08:19:00,6,491.9,276,72,81.98
15306,2011-07-14 15:22:00,2011-09-08 12:47:00,2,657.07,56,0,328.54
15307,2011-09-05 11:38:00,2011-09-05 11:38:00,1,205.3,3,3,205.3
15308,2011-03-10 13:08:00,2011-03-10 13:08:00,1,310.47,182,182,310.47
15311,2010-12-01 09:41:00,2011-09-06 14:38:00,65,46020.75,281,2,708.01
15312,2010-12-20 12:51:00,2011-08-28 14:00:00,3,794.8,262,11,264.93
15313,2011-08-21 16:02:00,2011-08-21 16:02:00,1,52.0,18,18,52.0
15314,2011-05-24 14:39:00,2011-05-24 14:39:00,1,327.97,107,107,327.97
15315,2011-08-15 15:17:00,2011-08-15 15:17:00,1,233.54,24,24,233.54
15316,2011-01-17 11:34:00,2011-01-17 11:34:00,1,165.0,234,234,165.0
15319,2011-03-01 12:48:00,2011-03-01 12:48:00,1,204.5,191,191,204.5
15321,2011-02-21 11:10:00,2011-02-21 11:10:00,1,1159.47,199,199,1159.47
15325,2011-08-28 11:55:00,2011-08-28 11:55:00,1,161.74,11,11,161.74
15326,2011-01-10 11:38:00,2011-01-10 11:38:00,1,311.71,241,241,311.71
15329,2011-06-21 10:37:00,2011-07-28 15:31:00,2,754.0,79,42,377.0
15332,2010-12-05 12:00:00,2010-12-08 14:43:00,4,1661.06,277,274,415.26
15333,2011-05-15 13:27:00,2011-05-15 13:27:00,1,1028.56,116,116,1028.56
15334,2011-06-19 13:51:00,2011-07-06 11:22:00,3,347.87,81,64,115.96
15339,2011-01-25 13:15:00,2011-01-25 13:15:00,1,257.9,226,226,257.9
15342,2011-08-02 10:19:00,2011-08-02 10:19:00,1,406.09,37,37,406.09
15346,2011-01-11 11:18:00,2011-01-11 11:18:00,1,252.42,240,240,252.42
15347,2010-12-08 15:25:00,2010-12-08 15:25:00,1,201.6,274,274,201.6
15349,2011-06-05 15:46:00,2011-07-04 16:06:00,2,463.91,95,66,231.96
15350,2010-12-01 13:33:00,2010-12-01 13:33:00,1,115.65,281,281,115.65
15351,2010-12-05 11:49:00,2010-12-05 11:49:00,1,274.67,277,277,274.67
15353,2010-12-07 11:49:00,2011-03-30 12:15:00,2,770.12,275,162,385.06
15356,2010-12-06 14:05:00,2011-08-26 13:25:00,8,2231.17,276,13,278.9
15358,2010-12-09 10:04:00,2011-08-11 12:44:00,15,5639.81,273,28,375.99
15361,2010-12-13 09:52:00,2010-12-13 09:52:00,1,418.92,269,269,418.92
15363,2010-12-02 12:28:00,2010-12-02 12:28:00,1,326.0,280,280,326.0
15364,2011-03-30 13:39:00,2011-09-05 09:46:00,2,913.19,162,3,456.6
15365,2011-01-28 13:08:00,2011-09-04 15:37:00,2,961.28,223,4,480.64
15366,2010-12-16 15:59:00,2010-12-16 15:59:00,1,105.54,266,266,105.54
15367,2011-03-09 13:53:00,2011-04-08 11:50:00,2,1416.18,183,153,708.09
15370,2011-01-11 11:32:00,2011-07-21 18:36:00,4,1513.46,240,49,378.36
15372,2011-07-25 16:39:00,2011-07-25 16:39:00,1,2007.4,45,45,2007.4
15373,2010-12-03 14:40:00,2011-08-16 08:52:00,9,1686.9,279,23,187.43
15374,2011-08-03 09:59:00,2011-08-03 09:59:00,1,168.0,36,36,168.0
15376,2011-05-01 13:45:00,2011-08-14 15:39:00,2,977.22,130,25,488.61
15379,2010-12-16 13:02:00,2011-06-23 13:13:00,7,3703.29,266,77,529.04
15380,2010-12-09 15:01:00,2011-07-21 16:33:00,2,582.56,273,49,291.28
15381,2011-03-16 13:44:00,2011-05-10 11:55:00,2,596.85,176,121,298.42
15382,2011-02-17 12:01:00,2011-06-08 11:57:00,4,2127.12,203,92,531.78
15384,2010-12-15 11:34:00,2011-06-23 10:57:00,2,642.41,267,77,321.2
15386,2011-06-06 13:47:00,2011-06-06 13:47:00,1,394.14,94,94,394.14
15388,2011-03-14 13:53:00,2011-03-14 13:53:00,1,140.54,178,178,140.54
15389,2011-06-20 16:18:00,2011-06-20 16:18:00,1,500.0,80,80,500.0
15392,2010-12-14 15:50:00,2010-12-14 15:50:00,1,338.98,268,268,338.98
15393,2011-03-03 16:58:00,2011-03-03 16:58:00,1,124.1,189,189,124.1
15394,2010-12-16 12:46:00,2011-05-19 14:27:00,2,1436.44,266,112,718.22
15395,2011-01-18 12:40:00,2011-01-18 12:40:00,1,107.45,233,233,107.45
15396,2011-08-19 10:56:00,2011-08-19 10:56:00,1,288.18,20,20,288.18
15397,2011-02-23 09:25:00,2011-02-23 09:25:00,1,94.0,197,197,94.0
15400,2011-03-06 11:27:00,2011-09-08 13:57:00,5,716.2,186,0,143.24
15402,2011-05-27 13:32:00,2011-07-14 12:17:00,2,626.35,104,56,313.18
15405,2011-06-03 14:44:00,2011-06-03 14:44:00,1,349.1,97,97,349.1
15406,2011-02-11 16:19:00,2011-02-11 16:20:00,1,252.29,209,209,252.29
15407,2011-02-07 13:18:00,2011-06-09 11:32:00,3,740.73,213,91,246.91
15408,2011-03-20 15:02:00,2011-03-20 15:02:00,1,267.18,172,172,267.18
15410,2011-03-23 10:15:00,2011-09-01 19:08:00,7,3089.41,169,7,441.34
15411,2011-06-10 12:30:00,2011-08-07 12:54:00,2,382.21,90,32,191.1
15412,2011-06-21 15:24:00,2011-06-21 15:24:00,1,190.53,79,79,190.53
15414,2011-04-11 13:45:00,2011-04-11 13:45:00,1,36.2,150,150,36.2
15415,2011-01-30 14:13:00,2011-01-30 14:13:00,1,559.61,221,221,559.61
15416,2011-03-02 08:41:00,2011-07-07 18:29:00,3,3144.33,190,63,1048.11
15421,2011-02-02 14:36:00,2011-05-08 14:02:00,3,739.36,218,123,246.45
15422,2011-01-20 14:17:00,2011-01-20 16:17:00,2,97.7,231,231,48.85
15424,2011-03-30 13:00:00,2011-03-30 13:02:00,2,383.34,162,162,191.67
15426,2010-12-05 13:55:00,2011-03-27 16:05:00,2,634.13,277,165,317.06
15433,2011-03-17 14:12:00,2011-05-10 10:45:00,2,533.3,175,121,266.65
15434,2011-05-23 14:18:00,2011-08-24 16:24:00,3,587.28,108,15,195.76
15436,2011-04-19 16:52:00,2011-04-19 16:52:00,1,484.1,142,142,484.1
15437,2011-03-22 13:11:00,2011-03-22 13:11:00,1,200.16,170,170,200.16
15438,2011-07-31 14:19:00,2011-07-31 14:19:00,1,156.58,39,39,156.58
15440,2011-05-15 11:30:00,2011-07-26 14:27:00,2,237.66,116,44,118.83
15442,2011-04-05 12:24:00,2011-04-05 12:24:00,1,594.0,156,156,594.0
15443,2011-01-23 13:25:00,2011-08-22 12:52:00,2,684.8,228,17,342.4
15445,2011-03-20 15:06:00,2011-03-20 15:06:00,1,113.5,172,172,113.5
15447,2011-01-13 11:26:00,2011-01-13 11:26:00,1,155.17,238,238,155.17
15448,2011-01-31 10:42:00,2011-01-31 10:42:00,1,494.64,220,220,494.64
15449,2011-03-23 10:43:00,2011-06-07 16:42:00,2,647.7,169,93,323.85
15452,2011-03-20 15:21:00,2011-03-20 15:21:00,1,237.0,172,172,237.0
15453,2011-06-05 12:37:00,2011-09-08 15:05:00,4,701.2,95,0,175.3
15454,2010-12-12 14:21:00,2010-12-12 14:21:00,1,179.1,270,270,179.1
15456,2010-12-15 15:34:00,2011-03-01 13:51:00,3,434.59,267,191,144.86
15457,2011-03-22 15:31:00,2011-03-22 15:31:00,1,237.07,170,170,237.07
15460,2010-12-20 16:08:00,2010-12-20 16:08:00,1,214.26,262,262,214.26
15462,2011-06-05 15:36:00,2011-09-06 13:11:00,3,234.6,95,2,78.2
15464,2011-01-05 15:56:00,2011-01-05 15:56:00,1,1044.65,246,246,1044.65
15465,2010-12-05 10:12:00,2011-07-24 10:03:00,15,5992.13,277,46,399.48
15467,2011-07-10 14:42:00,2011-07-17 15:24:00,2,402.56,60,53,201.28
15469,2011-08-11 16:54:00,2011-08-11 16:54:00,1,304.3,28,28,304.3
15472,2011-08-18 15:17:00,2011-08-18 15:17:00,1,371.56,21,21,371.56
15480,2011-08-15 14:32:00,2011-08-15 14:32:00,1,905.5,24,24,905.5
15482,2010-12-16 10:08:00,2011-06-27 10:29:00,4,1928.3,266,73,482.08
15483,2011-03-18 12:26:00,2011-07-01 13:07:00,4,225.26,174,69,56.32
15485,2010-12-01 13:23:00,2011-01-07 17:18:00,2,1268.13,281,244,634.07
15488,2011-09-08 10:11:00,2011-09-08 10:11:00,1,91.32,1,0,91.32
15489,2011-05-12 12:54:00,2011-05-12 12:54:00,1,348.26,119,119,348.26
15491,2011-04-18 10:04:00,2011-09-05 15:56:00,6,3100.09,143,3,516.68
15493,2011-03-14 11:44:00,2011-07-13 11:19:00,3,1286.95,178,57,428.98
15494,2011-08-10 15:29:00,2011-08-10 15:29:00,1,1119.88,29,29,1119.88
15497,2011-01-24 10:01:00,2011-01-24 10:01:00,1,970.6,227,227,970.6
15498,2010-12-08 12:29:00,2011-08-11 08:39:00,19,9126.37,274,28,480.34
15502,2010-12-05 15:40:00,2011-08-08 11:45:00,5,5955.53,277,31,1191.11
15503,2010-12-12 10:57:00,2010-12-12 10:57:00,1,141.04,270,270,141.04
15505,2011-07-07 13:33:00,2011-08-18 10:57:00,3,2091.14,63,21,697.05
15506,2011-07-24 11:45:00,2011-07-24 11:45:00,1,208.77,46,46,208.77
15507,2011-06-21 11:19:00,2011-06-21 11:19:00,1,475.86,79,79,475.86
15508,2011-04-18 15:31:00,2011-06-03 15:43:00,6,1000.27,143,97,166.71
15510,2011-01-13 12:10:00,2011-01-13 12:10:00,1,250.0,238,238,250.0
15512,2010-12-15 12:01:00,2011-07-07 10:20:00,2,121.0,267,63,60.5
15513,2010-12-01 11:22:00,2011-09-06 09:53:00,17,11352.14,281,2,667.77
15514,2010-12-10 13:50:00,2011-04-28 12:06:00,6,2501.94,272,133,416.99
15517,2011-04-20 14:02:00,2011-04-20 14:02:00,1,267.03,141,141,267.03
15518,2011-01-11 12:55:00,2011-08-07 13:08:00,7,1603.86,240,32,229.12
15521,2011-03-30 09:15:00,2011-09-06 10:04:00,7,2326.78,162,2,332.4
15525,2010-12-01 13:17:00,2010-12-01 13:17:00,1,274.93,281,281,274.93
15527,2010-12-20 14:15:00,2011-07-18 11:42:00,5,1330.79,262,52,266.16
15528,2011-03-30 16:14:00,2011-03-30 16:14:00,1,229.33,162,162,229.33
15529,2010-12-08 12:24:00,2011-07-20 11:38:00,8,2384.68,274,50,298.08
15530,2011-04-07 11:16:00,2011-07-13 12:15:00,3,1163.69,154,57,387.9
15532,2010-12-16 16:45:00,2011-07-31 13:13:00,3,1204.59,266,39,401.53
15535,2011-01-16 12:35:00,2011-06-19 16:02:00,4,502.9,235,81,125.72
15537,2011-06-29 13:10:00,2011-06-29 13:10:00,1,110.92,71,71,110.92
15541,2011-08-17 14:58:00,2011-08-17 14:58:00,1,85.13,22,22,85.13
15543,2011-02-24 15:26:00,2011-02-24 15:26:00,1,127.86,196,196,127.86
15544,2010-12-02 12:47:00,2011-08-12 09:10:00,7,2772.37,280,27,396.05
15545,2010-12-03 17:28:00,2010-12-03 17:28:00,1,135.33,279,279,135.33
15547,2010-12-12 13:26:00,2011-08-21 16:24:00,8,2745.16,270,18,343.14
15549,2011-01-27 15:38:00,2011-07-05 12:47:00,2,1619.88,224,65,809.94
15550,2011-02-11 12:49:00,2011-08-25 15:18:00,3,433.28,209,14,144.43
15552,2011-05-06 14:47:00,2011-05-06 14:47:00,1,90.12,125,125,90.12
15554,2011-03-07 09:00:00,2011-03-07 09:00:00,1,217.2,185,185,217.2
15555,2010-12-05 14:45:00,2011-08-28 12:16:00,10,2808.38,277,11,280.84
15561,2011-05-08 11:38:00,2011-07-13 11:20:00,3,449.67,123,57,149.89
15562,2010-12-23 09:55:00,2010-12-23 09:55:00,1,134.55,259,259,134.55
15563,2010-12-16 11:27:00,2011-05-23 11:44:00,2,735.62,266,108,367.81
15569,2011-01-11 13:26:00,2011-08-28 10:15:00,5,1375.71,240,11,275.14
15570,2010-12-05 12:57:00,2011-07-21 12:29:00,9,2809.98,277,49,312.22
15572,2011-03-06 14:44:00,2011-08-22 10:44:00,4,1552.79,186,17,388.2
15574,2010-12-02 15:46:00,2011-06-15 12:01:00,4,675.64,280,85,168.91
15577,2011-02-07 13:32:00,2011-07-11 17:03:00,3,258.88,213,59,86.29
15578,2011-06-30 13:03:00,2011-06-30 13:03:00,1,127.1,70,70,127.1
15579,2011-01-30 12:09:00,2011-01-30 12:09:00,1,195.35,221,221,195.35
15581,2010-12-08 14:38:00,2011-07-06 14:04:00,10,717.43,274,64,71.74
15582,2011-05-03 13:36:00,2011-08-31 14:52:00,2,541.51,128,8,270.76
15584,2011-06-30 16:39:00,2011-06-30 16:39:00,1,150.4,70,70,150.4
15585,2011-06-16 08:38:00,2011-06-16 08:38:00,1,455.3,84,84,455.3
15587,2010-12-23 09:59:00,2011-07-20 11:00:00,2,456.84,259,50,228.42
15589,2011-02-02 10:46:00,2011-03-29 09:54:00,3,478.53,218,163,159.51
15594,2011-04-19 10:08:00,2011-09-07 10:51:00,2,788.22,142,1,394.11
15596,2010-12-09 16:10:00,2011-08-31 10:55:00,5,1406.59,273,8,281.32
15599,2011-05-19 13:05:00,2011-05-19 13:05:00,1,448.83,112,112,448.83
15601,2010-12-02 10:39:00,2011-08-09 09:26:00,11,5585.46,280,30,507.77
15602,2010-12-06 15:35:00,2011-05-23 12:35:00,5,542.95,276,108,108.59
15605,2010-12-01 13:38:00,2011-04-01 13:47:00,3,690.18,281,160,230.06
15606,2011-01-19 12:07:00,2011-08-12 15:00:00,8,2439.38,232,27,304.92
15607,2011-01-07 12:44:00,2011-01-07 12:44:00,1,104.76,244,244,104.76
15608,2011-08-11 09:56:00,2011-08-11 09:56:00,1,285.68,28,28,285.68
15609,2011-06-08 13:00:00,2011-06-08 13:00:00,1,298.48,92,92,298.48
15611,2011-01-09 11:32:00,2011-08-28 10:40:00,7,932.14,242,11,133.16
15615,2010-12-15 16:21:00,2011-08-26 12:41:00,19,7367.85,267,13,387.78
15618,2011-07-26 10:13:00,2011-09-08 12:57:00,3,419.04,44,0,139.68
15620,2010-12-16 14:34:00,2011-05-03 11:22:00,2,875.01,266,128,437.5
15622,2011-03-02 13:42:00,2011-05-26 14:09:00,5,2602.0,190,105,520.4
15623,2011-07-21 17:26:00,2011-07-21 17:26:00,1,301.03,49,49,301.03
15624,2011-03-28 13:32:00,2011-08-15 11:38:00,4,588.13,164,24,147.03
15625,2011-04-18 14:01:00,2011-08-28 10:21:00,4,1534.26,143,11,383.56
15626,2011-01-14 10:10:00,2011-01-14 10:10:00,1,281.88,237,237,281.88
15628,2010-12-08 09:51:00,2011-09-02 12:52:00,5,1625.4,274,6,325.08
15630,2011-05-19 10:16:00,2011-05-19 10:16:00,1,396.86,112,112,396.86
15632,2011-03-10 08:29:00,2011-08-10 10:57:00,6,2351.84,182,29,391.97
15636,2011-03-02 14:50:00,2011-03-02 14:50:00,1,306.7,190,190,306.7
15639,2011-07-28 14:30:00,2011-07-28 14:30:00,1,425.32,42,42,425.32
15640,2010-12-02 15:40:00,2011-08-10 10:45:00,11,8836.74,280,29,803.34
15641,2010-12-15 14:45:00,2011-08-26 14:04:00,4,1887.2,267,13,471.8
15643,2011-03-02 14:34:00,2011-06-01 07:38:00,3,664.0,190,99,221.33
15644,2011-03-23 15:37:00,2011-06-26 14:54:00,4,803.54,169,74,200.88
15646,2010-12-02 16:59:00,2011-07-05 09:53:00,3,447.64,280,65,149.21
15648,2011-03-17 18:59:00,2011-05-19 15:53:00,2,639.5,175,112,319.75
15649,2010-12-07 10:06:00,2011-01-07 13:34:00,2,816.0,275,244,408.0
15651,2011-03-24 08:56:00,2011-03-24 08:56:00,1,227.32,168,168,227.32
15653,2011-08-16 09:50:00,2011-09-08 10:49:00,2,877.44,23,0,438.72
15655,2011-04-10 15:25:00,2011-04-10 15:25:00,1,560.67,151,151,560.67
15656,2011-02-28 15:32:00,2011-06-14 13:48:00,3,563.63,192,86,187.88
15658,2010-12-02 10:53:00,2011-06-02 15:22:00,5,1024.1,280,98,204.82
15660,2010-12-09 09:49:00,2011-07-27 09:14:00,6,884.34,273,43,147.39
15661,2011-01-05 12:32:00,2011-01-26 13:56:00,2,309.8,246,225,154.9
15663,2011-08-25 15:50:00,2011-08-25 15:50:00,1,138.14,14,14,138.14
15665,2011-04-10 15:09:00,2011-06-24 14:57:00,2,2222.21,151,76,1111.1
15668,2011-05-06 10:39:00,2011-05-06 10:39:00,1,76.32,125,125,76.32
15669,2011-03-21 09:13:00,2011-08-28 11:19:00,3,565.54,171,11,188.51
15670,2011-02-16 10:50:00,2011-02-16 10:50:00,1,173.05,204,204,173.05
15671,2011-03-14 09:37:00,2011-09-06 10:53:00,5,1972.89,178,2,394.58
15673,2011-01-16 16:25:00,2011-07-06 10:15:00,3,2014.7,235,64,671.57
15674,2011-03-30 09:19:00,2011-05-08 16:11:00,3,1044.95,162,123,348.32
15675,2011-03-04 14:21:00,2011-07-07 19:14:00,2,225.39,188,63,112.7
15676,2011-03-01 10:19:00,2011-03-01 10:19:00,1,897.8,191,191,897.8
15679,2011-06-10 08:24:00,2011-07-08 13:31:00,2,260.26,90,62,130.13
15680,2010-12-08 14:43:00,2010-12-08 14:43:00,1,478.89,274,274,478.89
15681,2011-03-04 13:46:00,2011-06-09 16:34:00,3,703.22,188,91,234.41
15683,2011-08-14 12:56:00,2011-08-14 12:56:00,1,193.75,25,25,193.75
15687,2011-01-13 15:13:00,2011-06-06 09:13:00,5,1679.45,238,94,335.89
15689,2010-12-13 09:57:00,2011-08-12 09:37:00,2,254.1,269,27,127.05
15690,2011-08-31 11:40:00,2011-08-31 11:40:00,1,111.0,8,8,111.0
15691,2011-04-01 15:13:00,2011-04-01 15:13:00,1,136.8,160,160,136.8
15694,2010-12-02 07:49:00,2011-06-16 16:06:00,8,3290.78,280,84,411.35
15695,2011-03-18 08:31:00,2011-03-18 08:32:00,2,409.98,174,174,204.99
15696,2011-01-17 11:24:00,2011-05-03 11:34:00,6,1629.95,234,128,271.66
15700,2011-06-19 15:36:00,2011-06-20 16:53:00,2,696.68,81,80,348.34
15701,2011-08-21 12:36:00,2011-08-21 12:36:00,1,853.9,18,18,853.9
15703,2011-03-20 10:51:00,2011-03-20 10:51:00,1,211.5,172,172,211.5
15704,2011-05-08 12:42:00,2011-07-22 13:35:00,4,2293.62,123,48,573.4
15705,2011-05-22 15:37:00,2011-05-22 15:37:00,1,143.1,109,109,143.1
15706,2011-08-15 14:32:00,2011-08-15 14:32:00,1,450.05,24,24,450.05
15708,2010-12-05 11:12:00,2011-07-24 12:20:00,6,2589.34,277,46,431.56
15709,2011-03-01 10:38:00,2011-03-01 10:38:00,1,133.25,191,191,133.25
15712,2011-02-25 11:32:00,2011-08-22 11:44:00,3,766.31,195,17,255.44
15713,2010-12-08 15:16:00,2011-07-19 13:34:00,2,356.7,274,51,178.35
15716,2010-12-05 12:26:00,2011-07-17 11:59:00,4,1101.11,277,53,275.28
15717,2011-04-19 13:21:00,2011-04-19 13:21:00,1,150.3,142,142,150.3
15719,2011-01-06 12:31:00,2011-09-01 12:41:00,11,4060.32,245,7,369.12
15722,2011-02-22 12:24:00,2011-08-23 11:30:00,3,1413.45,198,16,471.15
15723,2010-12-10 11:12:00,2010-12-10 11:12:00,1,190.7,272,272,190.7
15724,2011-02-28 10:40:00,2011-05-22 14:40:00,2,218.25,192,109,109.12
15727,2010-12-15 15:47:00,2011-08-24 14:54:00,6,4589.39,267,15,764.9
15729,2011-05-11 12:36:00,2011-05-11 12:36:00,1,85.0,120,120,85.0
15730,2011-05-17 12:43:00,2011-09-08 14:28:00,2,777.22,114,0,388.61
15732,2010-12-02 15:00:00,2011-05-11 14:24:00,2,294.12,280,120,147.06
15733,2011-03-02 09:05:00,2011-03-02 09:05:00,1,162.3,190,190,162.3
15734,2011-05-23 14:59:00,2011-08-17 10:50:00,2,1339.45,108,22,669.72
15737,2011-04-11 10:01:00,2011-07-15 12:33:00,5,880.93,150,55,176.19
15738,2010-12-02 12:50:00,2011-09-04 12:04:00,13,3853.45,280,4,296.42
15743,2011-06-08 10:14:00,2011-08-18 12:43:00,2,434.05,92,21,217.02
15745,2011-04-17 13:04:00,2011-04-17 13:04:00,1,302.85,144,144,302.85
15746,2011-07-28 15:21:00,2011-07-28 15:21:00,1,196.88,42,42,196.88
15747,2011-06-20 11:30:00,2011-08-11 14:04:00,2,525.37,80,28,262.68
15749,2011-01-11 12:55:00,2011-04-18 13:20:00,3,44534.3,240,143,14844.77
15750,2010-12-08 10:36:00,2011-06-22 12:16:00,4,1108.18,274,78,277.04
15752,2010-12-02 09:43:00,2011-09-07 15:52:00,6,2093.37,280,1,348.9
15753,2011-02-08 12:41:00,2011-02-08 12:41:00,1,79.2,212,212,79.2
15754,2011-04-07 12:24:00,2011-04-07 12:24:00,1,91.8,154,154,91.8
15755,2011-02-18 11:53:00,2011-08-23 15:20:00,3,1144.83,202,16,381.61
15756,2011-04-04 14:00:00,2011-07-10 11:19:00,3,359.89,157,60,119.96
15757,2011-05-06 11:40:00,2011-05-06 11:40:00,1,261.36,125,125,261.36
15759,2010-12-16 15:29:00,2011-05-05 15:13:00,3,253.04,266,126,84.35
15764,2011-03-08 09:23:00,2011-08-24 15:09:00,5,3276.62,184,15,655.32
15768,2011-04-28 09:20:00,2011-08-16 10:48:00,3,621.83,133,23,207.28
15769,2010-12-03 15:16:00,2011-08-30 11:37:00,19,41863.72,279,9,2203.35
15775,2011-04-08 12:56:00,2011-04-08 12:56:00,1,104.9,153,153,104.9
15776,2011-07-29 13:46:00,2011-07-29 13:46:00,1,241.62,41,41,241.62
15777,2010-12-13 16:38:00,2011-04-12 16:43:00,4,1047.11,269,149,261.78
15780,2010-12-17 11:43:00,2011-06-09 12:01:00,3,475.28,265,91,158.43
15781,2011-02-07 09:15:00,2011-07-25 12:25:00,2,211.3,213,45,105.65
15785,2011-02-17 14:17:00,2011-07-05 10:08:00,4,1665.83,203,65,416.46
15786,2011-08-17 13:33:00,2011-08-17 13:33:00,1,3147.64,22,22,3147.64
15789,2010-12-16 14:35:00,2010-12-16 14:35:00,1,351.3,266,266,351.3
15791,2011-05-19 15:15:00,2011-05-19 15:15:00,1,1223.24,112,112,1223.24
15793,2011-03-16 10:45:00,2011-03-16 10:45:00,1,306.64,176,176,306.64
15795,2011-07-13 10:43:00,2011-07-13 10:43:00,1,610.01,57,57,610.01
15796,2011-02-10 15:40:00,2011-08-22 14:35:00,5,1571.77,210,17,314.35
15797,2011-02-08 10:17:00,2011-08-18 17:04:00,3,2192.4,212,21,730.8
15799,2011-01-09 15:13:00,2011-06-07 15:28:00,2,481.24,242,93,240.62
15800,2011-04-07 12:39:00,2011-08-24 14:23:00,2,696.89,154,15,348.44
15801,2011-08-22 09:53:00,2011-08-22 09:53:00,1,137.22,17,17,137.22
15804,2011-05-25 10:12:00,2011-09-06 15:14:00,5,2554.84,106,2,510.97
15805,2010-12-10 09:33:00,2011-08-25 14:50:00,11,3548.5,272,14,322.59
15806,2011-03-08 09:24:00,2011-07-05 12:15:00,2,521.88,184,65,260.94
15808,2010-12-05 13:05:00,2011-02-06 14:33:00,4,3651.27,277,214,912.82
15809,2011-02-10 11:16:00,2011-06-08 15:31:00,4,399.21,210,92,99.8
15810,2011-02-16 09:11:00,2011-06-22 14:01:00,3,1361.19,204,78,453.73
15811,2010-12-09 15:29:00,2011-08-26 09:37:00,5,1773.8,273,13,354.76
15812,2011-01-26 12:12:00,2011-08-24 14:19:00,5,1801.14,225,15,360.23
15813,2011-04-14 09:09:00,2011-05-16 08:13:00,2,1303.91,147,115,651.96
15815,2011-03-25 08:43:00,2011-07-22 12:20:00,4,1874.7,167,48,468.68
15819,2011-03-08 09:45:00,2011-07-31 15:22:00,3,1585.47,184,39,528.49
15820,2011-01-24 12:00:00,2011-01-24 12:00:00,1,206.98,227,227,206.98
15822,2010-12-15 13:38:00,2010-12-15 13:38:00,1,440.2,267,267,440.2
15825,2011-06-20 13:27:00,2011-06-20 13:27:00,1,532.94,80,80,532.94
15826,2011-05-13 10:44:00,2011-05-13 10:44:00,1,720.0,118,118,720.0
15827,2010-12-02 13:06:00,2011-08-17 15:05:00,13,1598.16,280,22,122.94
15829,2011-07-22 10:23:00,2011-09-01 16:45:00,2,636.14,48,7,318.07
15831,2011-01-19 14:52:00,2011-08-07 13:54:00,2,451.11,232,32,225.56
15832,2011-03-30 15:29:00,2011-03-30 15:29:00,1,836.79,162,162,836.79
15834,2011-03-07 17:52:00,2011-06-27 10:16:00,3,1780.72,185,73,593.57
15835,2011-01-13 10:35:00,2011-07-25 12:50:00,3,675.51,238,45,225.17
15838,2010-12-07 11:26:00,2011-08-23 12:18:00,12,14153.5,275,16,1179.46
15839,2011-07-14 16:35:00,2011-07-14 16:35:00,1,299.18,56,56,299.18
15840,2011-06-20 11:42:00,2011-06-20 11:42:00,1,241.74,80,80,241.74
15841,2011-01-05 11:25:00,2011-05-05 14:37:00,2,613.26,246,126,306.63
15843,2011-02-09 10:19:00,2011-02-09 10:19:00,1,118.95,211,211,118.95
15845,2011-01-06 17:19:00,2011-07-18 10:05:00,5,2526.76,245,52,505.35
15847,2011-02-24 16:46:00,2011-02-24 16:46:00,1,180.68,196,196,180.68
15850,2011-06-24 14:16:00,2011-06-24 14:16:00,1,116.16,76,76,116.16
15852,2011-05-26 13:26:00,2011-06-06 11:22:00,2,160.71,105,94,80.36
15854,2010-12-13 11:47:00,2011-07-22 13:17:00,9,2393.69,269,48,265.97
15855,2011-03-21 12:32:00,2011-07-26 10:20:00,5,712.24,171,44,142.45
15856,2010-12-09 13:34:00,2011-09-05 17:44:00,17,11246.67,273,3,661.57
15858,2010-12-07 14:31:00,2011-02-23 13:21:00,2,816.22,275,197,408.11
15860,2010-12-06 11:38:00,2011-09-02 10:34:00,6,767.14,276,6,127.86
15861,2011-03-17 20:12:00,2011-07-28 11:29:00,3,1123.76,175,42,374.59
15862,2010-12-01 11:21:00,2011-08-19 16:34:00,3,659.73,281,20,219.91
15863,2011-05-31 11:36:00,2011-05-31 11:36:00,1,9.2,100,100,9.2
15864,2011-01-27 16:43:00,2011-09-02 10:31:00,3,957.86,224,6,319.29
15865,2011-05-10 11:44:00,2011-05-10 11:44:00,1,313.93,121,121,313.93
15866,2011-08-30 14:09:00,2011-08-30 14:09:00,1,211.89,9,9,211.89
15867,2010-12-05 14:17:00,2011-08-18 16:24:00,12,2940.87,277,21,245.07
15869,2011-03-07 17:19:00,2011-03-07 17:23:00,2,149.64,185,185,74.82
15874,2011-02-28 13:28:00,2011-06-15 11:01:00,6,2207.75,192,85,367.96
15880,2010-12-05 13:00:00,2010-12-05 13:00:00,1,329.03,277,277,329.03
15881,2010-12-10 13:32:00,2011-01-31 16:59:00,5,501.39,272,220,100.28
15882,2010-12-06 13:01:00,2011-05-25 11:35:00,4,514.08,276,106,128.52
15885,2011-09-07 14:56:00,2011-09-07 14:56:00,1,349.35,1,1,349.35
15889,2010-12-05 15:12:00,2011-07-06 11:10:00,2,400.77,277,64,200.38
15891,2011-04-27 12:35:00,2011-04-27 12:35:00,1,509.13,134,134,509.13
15894,2010-12-05 14:06:00,2011-03-31 13:50:00,2,257.6,277,161,128.8
15895,2011-07-13 10:27:00,2011-07-13 10:27:00,1,179.17,57,57,179.17
15897,2011-05-29 13:32:00,2011-05-29 13:50:00,2,208.59,102,102,104.3
15898,2010-12-06 11:01:00,2011-04-27 10:03:00,4,997.94,276,134,249.48
15899,2010-12-06 10:36:00,2010-12-06 10:36:00,1,56.25,276,276,56.25
15901,2011-07-08 12:18:00,2011-07-08 12:18:00,1,110.49,62,62,110.49
15903,2011-02-17 14:04:00,2011-04-26 11:51:00,2,641.64,203,135,320.82
15906,2011-03-29 13:28:00,2011-07-18 11:37:00,4,797.71,163,52,199.43
15907,2011-05-13 13:01:00,2011-06-16 12:45:00,2,477.59,118,84,238.8
15909,2011-06-19 10:38:00,2011-06-19 10:38:00,1,191.94,81,81,191.94
15910,2011-01-27 11:55:00,2011-09-01 16:59:00,5,663.36,224,7,132.67
15912,2011-04-20 17:10:00,2011-06-14 14:29:00,2,264.62,141,86,132.31
15916,2010-12-08 13:07:00,2011-06-01 11:52:00,5,846.95,274,99,169.39
15917,2011-04-06 10:40:00,2011-04-06 10:40:00,1,123.1,155,155,123.1
15918,2011-03-13 15:55:00,2011-06-02 11:42:00,2,334.23,179,98,167.12
15919,2010-12-06 11:26:00,2010-12-06 11:26:00,1,214.08,276,276,214.08
15920,2011-07-08 15:16:00,2011-07-08 15:25:00,3,163.55,62,62,54.52
15921,2011-06-20 11:03:00,2011-06-20 11:03:00,1,323.03,80,80,323.03
15922,2010-12-01 13:51:00,2010-12-01 13:51:00,1,369.5,281,281,369.5
15923,2010-12-02 12:16:00,2010-12-02 12:16:00,1,127.08,280,280,127.08
15925,2011-05-29 15:35:00,2011-05-29 15:35:00,1,207.15,102,102,207.15
15932,2011-02-23 14:50:00,2011-08-24 12:00:00,6,1885.95,197,15,314.32
15935,2011-04-14 13:27:00,2011-04-14 13:27:00,1,108.04,147,147,108.04
15938,2011-01-20 10:11:00,2011-08-19 12:56:00,5,404.58,231,20,80.92
15939,2011-01-12 12:43:00,2011-08-24 14:46:00,13,5845.25,239,15,449.63
15940,2011-02-01 16:18:00,2011-02-01 16:18:00,1,35.8,219,219,35.8
15942,2011-07-29 09:01:00,2011-07-29 09:01:00,1,337.44,41,41,337.44
15944,2011-03-08 10:33:00,2011-03-08 10:33:00,1,325.1,184,184,325.1
15945,2010-12-09 13:14:00,2010-12-09 13:14:00,1,181.0,273,273,181.0
15950,2010-12-15 11:56:00,2011-08-25 14:13:00,2,1091.38,267,14,545.69
15951,2011-02-27 11:57:00,2011-02-27 11:57:00,1,375.17,193,193,375.17
15952,2011-04-28 12:55:00,2011-07-03 13:33:00,2,309.2,133,67,154.6
15953,2010-12-05 15:15:00,2011-05-12 11:44:00,4,824.04,277,119,206.01
15955,2010-12-02 11:22:00,2011-08-25 11:36:00,8,2463.65,280,14,307.96
15965,2010-12-07 13:18:00,2010-12-07 13:18:00,1,156.19,275,275,156.19
15967,2011-01-25 11:57:00,2011-01-25 11:57:00,1,161.9,226,226,161.9
15969,2011-06-07 12:19:00,2011-06-07 12:19:00,1,308.7,93,93,308.7
15970,2011-02-09 12:08:00,2011-02-09 12:08:00,1,314.1,211,211,314.1
15971,2011-02-01 16:47:00,2011-08-23 09:53:00,7,2104.5,219,16,300.64
15973,2010-12-08 11:42:00,2010-12-08 11:42:00,1,307.82,274,274,307.82
15974,2011-02-24 10:10:00,2011-09-05 15:40:00,6,2895.01,196,3,482.5
15976,2011-05-03 17:12:00,2011-06-27 13:00:00,2,427.64,128,73,213.82
15980,2011-03-30 15:05:00,2011-03-30 15:05:00,1,760.18,162,162,760.18
15981,2011-02-01 13:50:00,2011-07-25 10:47:00,6,2458.2,219,45,409.7
15983,2010-12-01 12:15:00,2010-12-14 12:30:00,3,1138.37,281,268,379.46
15984,2010-12-06 13:21:00,2011-08-31 12:11:00,7,1807.51,276,8,258.22
15985,2011-04-17 11:04:00,2011-08-08 16:31:00,2,1142.42,144,31,571.21
15987,2010-12-06 08:34:00,2011-08-11 09:45:00,6,1193.63,276,28,198.94
15990,2011-02-25 15:35:00,2011-02-25 15:35:00,1,401.37,195,195,401.37
15996,2010-12-08 15:59:00,2011-08-15 13:09:00,5,879.76,274,24,175.95
15998,2010-12-12 13:32:00,2011-06-21 10:48:00,3,2105.26,270,79,701.75
16003,2010-12-15 12:09:00,2011-07-28 11:20:00,3,1793.9,267,42,597.97
16005,2011-03-14 11:46:00,2011-06-10 12:01:00,2,275.41,178,90,137.71
16006,2011-05-12 13:12:00,2011-05-12 13:12:00,1,101.4,119,119,101.4
16007,2011-05-08 13:32:00,2011-06-12 12:01:00,2,727.67,123,88,363.84
16008,2011-05-19 10:54:00,2011-05-19 10:54:00,1,139.15,112,112,139.15
16009,2011-07-03 11:26:00,2011-07-03 11:26:00,1,441.59,67,67,441.59
16010,2010-12-12 12:18:00,2011-04-08 10:14:00,3,392.4,270,153,130.8
16011,2010-12-08 16:34:00,2011-09-08 15:41:00,12,2185.66,274,0,182.14
16012,2011-07-07 18:02:00,2011-08-03 11:44:00,2,1132.12,63,36,566.06
16013,2010-12-03 13:09:00,2011-09-02 11:34:00,35,23409.34,279,6,668.84
16014,2011-02-21 17:42:00,2011-07-10 16:29:00,2,514.38,199,60,257.19
16016,2010-12-08 12:36:00,2011-05-27 13:53:00,4,791.07,274,104,197.77
16018,2011-06-12 13:52:00,2011-06-12 13:52:00,1,161.9,88,88,161.9
16019,2010-12-10 12:29:00,2011-07-26 14:03:00,7,2952.25,272,44,421.75
16022,2011-03-24 13:16:00,2011-03-24 13:16:00,1,602.63,168,168,602.63
16023,2011-03-18 13:32:00,2011-05-31 14:19:00,2,500.69,174,100,250.34
16027,2011-02-10 12:19:00,2011-07-25 13:16:00,5,776.22,210,45,155.24
16029,2010-12-01 09:57:00,2011-09-07 09:45:00,51,45987.39,281,1,901.71
16030,2011-02-03 11:28:00,2011-02-03 11:28:00,1,331.24,217,217,331.24
16031,2011-04-06 14:23:00,2011-09-08 13:07:00,2,547.9,155,0,273.95
16033,2010-12-05 10:36:00,2011-08-23 14:19:00,16,5864.55,277,16,366.53
16034,2011-01-11 11:54:00,2011-05-27 16:17:00,3,437.7,240,104,145.9
16036,2011-03-21 13:01:00,2011-03-21 13:01:00,1,188.73,171,171,188.73
16037,2010-12-16 10:18:00,2011-03-15 09:13:00,3,855.02,266,177,285.01
16038,2011-05-22 11:29:00,2011-06-15 13:50:00,2,393.33,109,85,196.66
16040,2011-03-16 09:58:00,2011-07-14 16:12:00,2,876.18,176,56,438.09
16041,2011-07-21 16:27:00,2011-07-21 16:28:00,2,2739.8,49,49,1369.9
16042,2011-01-11 13:25:00,2011-08-24 12:04:00,2,440.48,240,15,220.24
16043,2011-01-26 11:14:00,2011-05-12 13:43:00,3,676.49,225,119,225.5
16045,2011-02-22 14:55:00,2011-08-12 12:41:00,4,1340.7,198,27,335.18
16048,2010-12-01 15:27:00,2010-12-01 15:28:00,2,256.44,281,281,128.22
16050,2011-06-19 11:44:00,2011-06-19 11:44:00,1,137.9,81,81,137.9
16053,2011-08-09 14:57:00,2011-08-09 14:57:00,1,1124.19,30,30,1124.19
16054,2011-07-17 13:08:00,2011-07-17 13:08:00,1,783.9,53,53,783.9
16055,2011-05-03 09:26:00,2011-05-03 09:26:00,1,134.8,128,128,134.8
16057,2011-02-28 10:35:00,2011-09-04 15:21:00,6,1544.23,192,4,257.37
16059,2010-12-07 10:36:00,2011-06-29 10:50:00,4,944.6,275,71,236.15
16062,2010-12-10 12:00:00,2011-07-29 12:50:00,3,778.14,272,41,259.38
16063,2011-03-24 14:55:00,2011-03-24 14:56:00,1,335.32,168,168,335.32
16065,2010-12-09 13:03:00,2010-12-09 13:03:00,1,367.14,273,273,367.14
16066,2011-08-07 14:33:00,2011-08-07 14:33:00,1,316.38,32,32,316.38
16072,2011-02-24 14:32:00,2011-02-24 14:32:00,1,584.32,196,196,584.32
16073,2011-02-15 15:41:00,2011-02-15 15:41:00,1,122.4,205,205,122.4
16076,2011-05-15 12:31:00,2011-09-08 12:04:00,5,1357.98,116,0,271.6
16078,2011-03-01 09:47:00,2011-03-01 09:47:00,1,79.2,191,191,79.2
16080,2011-03-10 14:44:00,2011-03-10 14:44:00,1,130.26,182,182,130.26
16081,2010-12-08 11:16:00,2011-06-07 13:31:00,3,992.37,274,93,330.79
16083,2010-12-14 11:51:00,2011-08-31 10:47:00,2,1317.62,268,8,658.81
16084,2011-02-13 16:05:00,2011-02-13 16:05:00,1,436.18,207,207,436.18
16085,2011-01-23 12:07:00,2011-04-17 12:25:00,2,325.04,228,144,162.52
16086,2010-12-07 13:45:00,2011-09-02 13:22:00,4,899.7,275,6,224.92
16091,2011-05-25 09:18:00,2011-07-08 08:45:00,2,315.06,106,62,157.53
16092,2011-03-30 15:38:00,2011-08-17 10:46:00,3,817.86,162,22,272.62
16093,2011-08-25 11:09:00,2011-08-25 11:09:00,1,17.0,14,14,17.0
16094,2011-05-04 13:57:00,2011-05-04 13:57:00,1,252.1,127,127,252.1
16096,2011-03-20 13:38:00,2011-03-20 13:38:00,1,320.62,172,172,320.62
16097,2011-04-13 13:47:00,2011-04-13 13:47:00,1,185.05,148,148,185.05
16098,2010-12-01 09:45:00,2011-08-03 17:05:00,6,1712.49,281,36,285.42
16099,2011-04-28 08:34:00,2011-07-25 10:28:00,2,592.1,133,45,296.05
16102,2011-08-03 12:50:00,2011-09-02 11:54:00,2,1392.84,36,6,696.42
16103,2011-04-20 12:28:00,2011-07-05 10:54:00,4,1156.4,141,65,289.1
16105,2011-04-05 10:13:00,2011-04-05 10:13:00,1,336.96,156,156,336.96
16107,2011-06-09 18:42:00,2011-08-28 14:53:00,3,1494.12,91,11,498.04
16109,2011-02-04 12:37:00,2011-05-05 09:17:00,2,611.88,216,126,305.94
16110,2011-02-01 14:01:00,2011-03-22 13:54:00,2,678.18,219,170,339.09
16112,2011-01-05 11:47:00,2011-07-19 14:28:00,4,195.74,246,51,48.94
16113,2011-06-09 16:16:00,2011-06-09 16:16:00,1,161.38,91,91,161.38
16114,2011-06-22 10:13:00,2011-06-22 10:13:00,1,135.75,78,78,135.75
16115,2011-02-20 12:14:00,2011-08-14 12:55:00,5,924.59,200,25,184.92
16116,2011-05-12 12:01:00,2011-05-12 12:01:00,1,612.78,119,119,612.78
16117,2011-06-03 11:42:00,2011-06-03 11:42:00,1,232.21,97,97,232.21
16121,2011-05-08 11:52:00,2011-05-08 11:52:00,1,285.94,123,123,285.94
16122,2010-12-08 11:41:00,2011-08-19 10:18:00,3,550.26,274,20,183.42
16124,2011-01-26 14:45:00,2011-01-26 14:45:00,1,249.0,225,225,249.0
16125,2010-12-07 15:48:00,2010-12-07 15:48:00,1,289.35,275,275,289.35
16126,2011-02-16 11:18:00,2011-08-30 10:07:00,3,3706.7,204,9,1235.57
16128,2011-03-02 12:21:00,2011-07-19 12:19:00,2,694.7,190,51,347.35
16131,2011-04-14 08:32:00,2011-08-16 12:32:00,4,2278.5,147,23,569.62
16133,2011-01-25 15:55:00,2011-08-30 13:47:00,23,10619.27,226,9,461.71
16134,2010-12-15 14:00:00,2010-12-15 14:00:00,1,283.53,267,267,283.53
16135,2011-03-22 12:30:00,2011-03-22 12:30:00,1,517.55,170,170,517.55
16136,2011-03-07 09:52:00,2011-03-07 09:52:00,1,159.3,185,185,159.3
16139,2011-05-17 10:23:00,2011-08-19 14:49:00,2,306.37,114,20,153.18
16140,2010-12-03 14:40:00,2010-12-03 14:40:00,1,124.14,279,279,124.14
16142,2011-04-04 10:16:00,2011-04-04 10:16:00,1,535.34,157,157,535.34
16143,2010-12-05 15:18:00,2011-08-23 16:01:00,5,1949.36,277,16,389.87
16144,2011-04-07 10:09:00,2011-04-07 10:09:00,1,175.2,154,154,175.2
16145,2010-12-15 09:09:00,2011-09-01 10:11:00,8,2600.31,267,7,325.04
16146,2011-04-21 15:25:00,2011-07-05 14:20:00,3,734.13,140,65,244.71
16147,2011-07-29 09:57:00,2011-07-29 09:57:00,1,375.0,41,41,375.0
16148,2011-02-16 14:01:00,2011-02-16 14:01:00,1,76.32,204,204,76.32
16149,2011-07-20 14:54:00,2011-07-20 14:54:00,1,163.68,50,50,163.68
16150,2010-12-02 18:27:00,2011-08-03 09:07:00,3,1408.7,280,36,469.57
16152,2011-03-16 09:47:00,2011-03-16 09:47:00,1,1829.04,176,176,1829.04
16153,2010-12-20 09:22:00,2011-08-16 09:34:00,4,1023.54,262,23,255.88
16156,2011-02-02 12:02:00,2011-07-11 10:24:00,5,1415.17,218,59,283.03
16159,2011-03-03 12:27:00,2011-03-03 12:27:00,1,348.2,189,189,348.2
16161,2010-12-06 10:03:00,2011-07-22 15:02:00,12,3036.66,276,48,253.05
16162,2011-04-01 15:03:00,2011-04-01 15:03:00,1,37.4,160,160,37.4
16163,2010-12-09 16:28:00,2011-04-21 15:15:00,2,856.6,273,140,428.3
16168,2010-12-05 11:38:00,2011-09-06 11:53:00,18,2632.12,277,2,146.23
16170,2011-04-05 13:42:00,2011-08-19 10:06:00,5,1560.66,156,20,312.13
16172,2011-04-12 12:02:00,2011-09-05 13:22:00,5,1140.21,149,3,228.04
16173,2011-09-02 15:23:00,2011-09-02 15:23:00,1,429.38,6,6,429.38
16174,2011-07-11 09:23:00,2011-08-05 13:26:00,3,1009.55,59,34,336.52
16175,2011-04-13 14:38:00,2011-09-06 14:32:00,4,1037.59,148,2,259.4
16178,2011-07-24 16:05:00,2011-07-24 16:05:00,1,197.9,46,46,197.9
16180,2011-04-01 10:23:00,2011-08-31 16:28:00,8,10254.18,160,8,1281.77
16182,2011-02-18 10:11:00,2011-08-01 16:41:00,3,4844.0,202,38,1614.67
16184,2011-05-12 13:33:00,2011-08-26 09:55:00,5,985.8,119,13,197.16
16185,2011-04-21 11:59:00,2011-04-21 11:59:00,1,335.0,140,140,335.0
16186,2010-12-02 14:40:00,2011-08-28 12:57:00,9,2696.53,280,11,299.61
16187,2011-02-28 13:34:00,2011-09-01 13:53:00,12,5395.7,192,7,449.64
16188,2011-04-11 09:44:00,2011-07-21 16:20:00,3,755.03,150,49,251.68
16191,2010-12-14 12:38:00,2011-03-22 08:54:00,8,2615.68,268,170,326.96
16193,2011-04-17 11:45:00,2011-04-17 11:45:00,1,314.45,144,144,314.45
16200,2011-06-28 15:47:00,2011-06-28 15:47:00,1,550.57,72,72,550.57
16201,2011-08-22 10:47:00,2011-08-22 10:47:00,1,303.8,17,17,303.8
16202,2010-12-14 10:43:00,2010-12-14 10:43:00,1,365.27,268,268,365.27
16203,2010-12-02 15:39:00,2011-07-15 12:45:00,3,378.3,280,55,126.1
16205,2011-06-13 11:33:00,2011-06-13 11:33:00,1,105.75,87,87,105.75
16206,2011-01-16 11:07:00,2011-08-07 10:45:00,3,409.86,235,32,136.62
16208,2011-02-23 13:37:00,2011-02-23 13:37:00,1,497.59,197,197,497.59
16209,2011-04-07 12:23:00,2011-08-12 14:25:00,4,2116.9,154,27,529.22
16210,2010-12-01 12:27:00,2011-09-02 12:33:00,10,11238.96,281,6,1123.9
16212,2011-03-01 12:51:00,2011-03-01 12:51:00,1,498.15,191,191,498.15
16214,2011-03-15 13:23:00,2011-06-22 11:30:00,3,1062.75,177,78,354.25
16216,2011-03-17 15:34:00,2011-03-17 15:34:00,1,914.93,175,175,914.93
16217,2011-03-02 15:28:00,2011-04-18 13:31:00,2,304.25,190,143,152.12
16218,2010-12-01 11:29:00,2011-08-17 09:16:00,6,2635.48,281,22,439.25
16221,2010-12-07 13:13:00,2011-03-09 10:51:00,2,315.37,275,183,157.68
16222,2011-01-25 13:38:00,2011-01-25 13:38:00,1,773.55,226,226,773.55
16224,2011-04-04 12:00:00,2011-07-21 19:17:00,3,865.88,157,49,288.63
16225,2011-03-07 12:17:00,2011-07-13 12:18:00,4,953.64,185,57,238.41
16226,2011-04-18 12:58:00,2011-05-20 14:41:00,3,255.12,143,111,85.04
16227,2011-04-28 13:33:00,2011-04-28 13:33:00,1,314.22,133,133,314.22
16229,2011-05-11 10:18:00,2011-05-11 10:18:00,1,358.2,120,120,358.2
16230,2011-05-03 15:12:00,2011-06-03 10:06:00,2,542.03,128,97,271.02
16232,2011-05-08 14:05:00,2011-07-19 13:01:00,3,725.04,123,51,241.68
16233,2010-12-08 12:51:00,2011-01-14 10:31:00,2,326.5,274,237,163.25
16235,2011-01-11 15:42:00,2011-06-06 11:26:00,3,665.29,240,94,221.76
16239,2011-06-03 09:30:00,2011-06-03 09:30:00,1,347.9,97,97,347.9
16241,2010-12-05 11:04:00,2011-09-04 13:38:00,10,1778.43,277,4,177.84
16242,2011-03-07 17:04:00,2011-06-27 14:41:00,3,846.59,185,73,282.2
16244,2010-12-02 11:41:00,2011-05-12 10:18:00,2,1522.75,280,119,761.38
16245,2011-03-28 09:30:00,2011-08-10 09:34:00,2,769.7,164,29,384.85
16247,2011-06-22 14:23:00,2011-06-22 14:23:00,1,114.56,78,78,114.56
16249,2011-04-14 13:50:00,2011-08-19 11:47:00,4,1440.77,147,20,360.19
16250,2010-12-01 09:59:00,2011-03-23 15:07:00,2,389.44,281,169,194.72
16253,2011-03-29 13:33:00,2011-03-29 13:33:00,1,1700.4,163,163,1700.4
16255,2010-12-09 14:25:00,2011-09-05 10:15:00,7,2182.79,273,3,311.83
16256,2011-03-18 12:18:00,2011-03-18 12:18:00,1,752.43,174,174,752.43
16257,2011-06-16 10:11:00,2011-06-16 10:11:00,1,21.95,84,84,21.95
16258,2011-05-04 14:33:00,2011-08-04 14:33:00,4,3741.06,127,35,935.26
16261,2011-04-07 19:05:00,2011-08-18 18:51:00,2,409.99,154,21,205.0
16265,2010-12-10 10:21:00,2011-08-21 12:39:00,7,3962.02,272,18,566.0
16266,2011-05-17 14:50:00,2011-08-16 12:00:00,6,761.12,114,23,126.85
16270,2010-12-21 14:26:00,2010-12-21 14:26:00,1,1141.24,261,261,1141.24
16271,2010-12-16 16:36:00,2011-08-05 17:43:00,3,868.43,266,34,289.48
16272,2011-08-15 10:53:00,2011-08-15 10:54:00,1,411.7,24,24,411.7
16274,2010-12-01 15:35:00,2010-12-01 15:35:00,1,331.55,281,281,331.55
16275,2011-05-27 12:41:00,2011-05-27 12:41:00,1,559.87,104,104,559.87
16276,2011-06-16 09:34:00,2011-06-16 09:34:00,1,810.6,84,84,810.6
16278,2011-08-31 17:12:00,2011-08-31 17:12:00,1,566.38,8,8,566.38
16279,2011-06-16 11:50:00,2011-06-16 11:50:00,1,359.08,84,84,359.08
16282,2011-01-04 11:42:00,2011-01-04 11:42:00,1,168.3,247,247,168.3
16283,2011-05-15 13:37:00,2011-08-11 12:00:00,3,584.65,116,28,194.88
16287,2011-06-23 09:08:00,2011-06-23 09:08:00,1,142.5,77,77,142.5
16292,2011-08-10 12:24:00,2011-08-10 12:24:00,1,302.25,29,29,302.25
16293,2010-12-07 15:02:00,2011-05-16 12:26:00,4,1129.74,275,115,282.44
16297,2011-03-16 08:29:00,2011-03-16 08:29:00,1,301.9,176,176,301.9
16298,2011-06-06 10:06:00,2011-06-06 10:06:00,1,114.3,94,94,114.3
16302,2011-08-05 09:44:00,2011-08-05 09:44:00,1,233.22,34,34,233.22
16303,2011-01-10 14:16:00,2011-08-16 11:04:00,2,4036.33,241,23,2018.16
16305,2011-07-24 12:18:00,2011-07-24 12:18:00,1,361.22,46,46,361.22
16306,2010-12-07 15:18:00,2011-05-10 12:12:00,6,632.27,275,121,105.38
16308,2011-03-23 14:46:00,2011-08-24 10:52:00,3,1600.0,169,15,533.33
16309,2011-04-13 11:46:00,2011-08-25 15:35:00,2,706.57,148,14,353.28
16315,2011-01-13 11:57:00,2011-01-13 11:57:00,1,226.37,238,238,226.37
16316,2010-12-16 14:26:00,2011-07-05 14:42:00,7,2212.81,266,65,316.12
16317,2011-02-15 14:30:00,2011-08-12 12:46:00,3,1341.65,205,27,447.22
16319,2011-05-06 11:27:00,2011-05-06 11:27:00,1,404.4,125,125,404.4
16320,2011-05-10 15:31:00,2011-06-20 15:25:00,2,1038.46,121,80,519.23
16321,2011-01-20 12:11:00,2011-02-07 15:10:00,3,223.65,231,213,74.55
16323,2011-05-27 14:48:00,2011-05-27 14:48:00,1,207.5,104,104,207.5
16324,2011-06-15 14:26:00,2011-08-03 12:58:00,3,408.59,85,36,136.2
16325,2011-04-08 09:20:00,2011-07-07 13:44:00,2,416.02,153,63,208.01
16326,2011-01-09 12:01:00,2011-09-04 12:09:00,8,1524.67,242,4,190.58
16327,2010-12-05 12:43:00,2011-05-24 14:00:00,4,2439.04,277,107,609.76
16330,2011-08-19 17:08:00,2011-08-19 17:10:00,2,48.96,20,20,24.48
16332,2011-02-07 14:16:00,2011-08-01 13:29:00,3,651.77,213,38,217.26
16333,2011-02-03 10:50:00,2011-09-02 09:09:00,18,15619.6,217,6,867.76
16338,2011-07-05 13:56:00,2011-07-05 13:56:00,1,214.8,65,65,214.8
16339,2011-02-28 13:41:00,2011-02-28 13:41:00,1,94.05,192,192,94.05
16340,2011-08-24 14:53:00,2011-08-24 14:53:00,1,534.31,15,15,534.31
16341,2011-05-22 13:20:00,2011-05-22 13:20:00,1,797.65,109,109,797.65
16342,2011-06-13 10:10:00,2011-08-24 08:27:00,3,283.71,87,15,94.57
16344,2011-07-04 15:50:00,2011-07-04 15:50:00,1,101.1,66,66,101.1
16348,2011-04-13 15:49:00,2011-08-03 15:28:00,4,735.95,148,36,183.99
16349,2011-02-22 12:40:00,2011-02-22 12:40:00,1,53.5,198,198,53.5
16350,2011-01-10 09:44:00,2011-01-10 09:44:00,1,376.7,241,241,376.7
16351,2011-01-11 10:26:00,2011-01-11 10:26:00,1,153.9,240,240,153.9
16353,2010-12-05 12:09:00,2011-08-28 13:42:00,13,3325.91,277,11,255.84
16356,2011-03-07 12:31:00,2011-05-26 11:51:00,3,211.77,185,105,70.59
16357,2011-05-10 10:35:00,2011-06-30 16:51:00,2,257.95,121,70,128.98
16358,2011-06-08 15:05:00,2011-06-08 15:05:00,1,462.15,92,92,462.15
16359,2011-01-12 10:49:00,2011-09-06 12:11:00,7,1411.23,239,2,201.6
16364,2011-07-25 14:35:00,2011-07-25 14:35:00,1,346.3,45,45,346.3
16365,2010-12-07 17:19:00,2011-08-08 16:15:00,7,862.56,275,31,123.22
16367,2010-12-12 12:01:00,2010-12-12 12:01:00,1,167.09,270,270,167.09
16369,2011-05-27 09:39:00,2011-05-27 09:39:00,1,354.45,104,104,354.45
16370,2011-04-28 16:40:00,2011-08-14 12:56:00,3,944.49,133,25,314.83
16374,2011-03-22 13:46:00,2011-03-22 13:46:00,1,154.2,170,170,154.2
16377,2011-03-17 15:41:00,2011-03-17 15:41:00,1,676.2,175,175,676.2
16378,2011-02-02 12:42:00,2011-04-06 15:07:00,3,362.95,218,155,120.98
16383,2011-03-16 13:00:00,2011-03-16 13:00:00,1,309.46,176,176,309.46
16384,2011-03-21 10:13:00,2011-03-21 10:13:00,1,409.1,171,171,409.1
16385,2010-12-08 12:56:00,2011-07-04 13:53:00,2,273.82,274,66,136.91
16386,2011-03-31 12:19:00,2011-03-31 12:19:00,1,61.1,161,161,61.1
16387,2011-01-21 11:34:00,2011-01-21 11:34:00,1,94.36,230,230,94.36
16389,2011-03-01 15:47:00,2011-05-18 13:55:00,2,670.17,191,113,335.08
16392,2011-03-15 12:11:00,2011-03-15 12:11:00,1,217.89,177,177,217.89
16393,2010-12-05 13:10:00,2011-09-06 12:56:00,9,1761.97,277,2,195.77
16394,2011-02-23 10:58:00,2011-06-21 13:22:00,3,933.1,197,79,311.03
16395,2011-01-13 12:10:00,2011-06-24 15:28:00,3,964.3,238,76,321.43
16398,2011-03-31 09:38:00,2011-07-08 15:16:00,2,1705.8,161,62,852.9
16399,2011-04-18 13:46:00,2011-04-18 13:46:00,1,176.61,143,143,176.61
16400,2011-09-06 12:27:00,2011-09-06 12:27:00,1,303.93,2,2,303.93
16401,2011-01-16 10:56:00,2011-07-31 12:16:00,7,2455.42,235,39,350.77
16402,2010-12-05 13:42:00,2011-03-20 12:25:00,2,293.45,277,172,146.72
16403,2011-01-31 13:39:00,2011-01-31 13:39:00,1,177.5,220,220,177.5
16405,2011-02-02 17:08:00,2011-02-10 15:24:00,2,167.25,218,210,83.62
16407,2011-01-31 14:02:00,2011-08-21 14:00:00,8,1482.37,220,18,185.3
16409,2011-01-26 14:51:00,2011-07-12 14:57:00,3,1033.37,225,58,344.46
16411,2010-12-05 13:26:00,2010-12-05 13:26:00,1,128.55,277,277,128.55
16414,2011-03-04 13:27:00,2011-03-04 13:27:00,1,50.8,188,188,50.8
16418,2011-04-27 16:54:00,2011-09-08 10:35:00,2,368.36,134,0,184.18
16419,2011-02-01 12:25:00,2011-08-19 12:33:00,6,958.71,219,20,159.78
16422,2010-12-05 15:35:00,2011-09-01 12:50:00,39,29117.7,277,7,746.61
16424,2011-06-01 13:40:00,2011-06-01 13:40:00,1,133.56,99,99,133.56
16425,2011-02-10 14:30:00,2011-02-10 14:30:00,1,302.7,210,210,302.7
16426,2011-03-08 15:45:00,2011-09-08 12:19:00,4,689.83,184,0,172.46
16427,2011-02-28 15:18:00,2011-03-21 17:10:00,2,241.06,192,171,120.53
16429,2011-08-25 13:54:00,2011-08-25 13:54:00,1,284.55,14,14,284.55
16431,2011-02-15 14:02:00,2011-05-10 14:09:00,3,623.28,205,121,207.76
16434,2011-02-13 12:17:00,2011-09-04 12:54:00,4,898.84,207,4,224.71
16440,2011-05-09 12:25:00,2011-05-09 12:25:00,1,272.46,122,122,272.46
16441,2011-02-21 17:35:00,2011-02-21 17:35:00,1,211.0,199,199,211.0
16442,2010-12-14 10:46:00,2011-04-26 11:51:00,2,432.43,268,135,216.22
16444,2011-03-20 12:14:00,2011-09-05 14:27:00,3,541.4,172,3,180.47
16446,2011-05-18 09:52:00,2011-05-18 09:52:00,1,2.9,113,113,2.9
16447,2011-07-27 12:45:00,2011-07-27 12:45:00,1,255.91,43,43,255.91
16448,2011-05-25 16:28:00,2011-05-25 16:28:00,1,182.99,106,106,182.99
16449,2011-03-04 12:15:00,2011-05-26 10:25:00,2,707.69,188,105,353.84
16450,2011-07-13 11:47:00,2011-07-13 11:47:00,1,311.92,57,57,311.92
16455,2010-12-03 16:44:00,2011-09-06 10:46:00,6,1323.38,279,2,220.56
16456,2010-12-01 14:11:00,2011-09-01 13:50:00,5,2158.18,281,7,431.64
16457,2011-05-05 13:19:00,2011-05-05 13:19:00,1,208.36,126,126,208.36
16458,2010-12-14 11:51:00,2011-08-25 15:47:00,11,2151.5,268,14,195.59
16461,2011-06-15 12:07:00,2011-06-15 12:07:00,1,142.92,85,85,142.92
16462,2011-03-01 08:58:00,2011-06-07 11:07:00,2,68.0,191,93,34.0
16463,2011-05-19 14:45:00,2011-05-19 14:45:00,1,319.37,112,112,319.37
16464,2011-07-20 13:53:00,2011-07-20 13:53:00,1,380.33,50,50,380.33
16466,2011-02-20 11:39:00,2011-08-28 13:08:00,5,999.63,200,11,199.93
16469,2011-04-07 13:11:00,2011-04-07 13:16:00,2,268.3,154,154,134.15
16470,2010-12-16 11:53:00,2011-08-16 11:40:00,3,539.13,266,23,179.71
16471,2011-03-10 09:41:00,2011-03-10 09:41:00,1,223.95,182,182,223.95
16473,2011-01-07 10:55:00,2011-06-28 09:10:00,3,316.11,244,72,105.37
16474,2011-07-17 14:51:00,2011-07-17 14:51:00,1,341.35,53,53,341.35
16475,2011-03-11 09:39:00,2011-07-19 11:08:00,3,459.3,181,51,153.1
16477,2010-12-03 12:48:00,2011-07-31 12:47:00,6,1999.26,279,39,333.21
16483,2011-05-31 13:08:00,2011-05-31 13:08:00,1,139.35,100,100,139.35
16484,2011-06-02 10:39:00,2011-06-19 12:06:00,2,404.3,98,81,202.15
16488,2011-07-14 11:46:00,2011-08-17 09:05:00,2,354.57,56,22,177.28
16493,2011-01-14 08:16:00,2011-06-19 15:15:00,3,782.29,237,81,260.76
16494,2011-02-16 12:49:00,2011-02-16 12:49:00,1,826.53,204,204,826.53
16495,2011-03-08 16:38:00,2011-03-08 16:39:00,2,246.51,184,184,123.26
16496,2011-01-27 09:42:00,2011-05-16 10:48:00,2,1185.04,224,115,592.52
16497,2011-01-10 13:20:00,2011-05-20 13:58:00,5,1550.7,241,111,310.14
16498,2011-06-30 19:52:00,2011-07-01 15:07:00,2,100.97,70,69,50.48
16499,2010-12-10 10:27:00,2010-12-14 13:31:00,2,365.45,272,268,182.72
16500,2011-01-13 10:28:00,2011-01-13 10:28:00,1,165.0,238,238,165.0
16503,2010-12-14 13:50:00,2011-08-25 11:46:00,4,1431.93,268,14,357.98
16509,2011-02-16 09:25:00,2011-02-16 09:25:00,1,363.7,204,204,363.7
16510,2010-12-02 13:39:00,2010-12-02 13:39:00,1,248.1,280,280,248.1
16511,2011-03-18 11:24:00,2011-07-18 10:49:00,2,563.7,174,52,281.85
16515,2011-02-01 13:09:00,2011-07-12 11:16:00,3,984.62,219,58,328.21
16517,2011-03-07 13:50:00,2011-03-07 13:50:00,1,162.7,185,185,162.7
16518,2011-02-28 16:36:00,2011-02-28 16:36:00,1,190.7,192,192,190.7
16519,2010-12-09 14:08:00,2010-12-09 14:08:00,1,103.7,273,273,103.7
16520,2010-12-09 13:08:00,2011-06-06 13:24:00,3,1046.57,273,94,348.86
16523,2011-01-28 12:06:00,2011-09-05 09:16:00,13,5245.95,223,3,403.53
16525,2010-12-08 11:31:00,2011-09-01 18:49:00,21,10372.35,274,7,493.92
16526,2011-06-21 12:02:00,2011-06-21 12:02:00,1,290.36,79,79,290.36
16529,2011-06-02 17:23:00,2011-06-02 17:23:00,1,455.25,98,98,455.25
16531,2010-12-14 13:19:00,2011-08-04 15:55:00,4,684.53,268,35,171.13
16532,2011-01-05 12:37:00,2011-07-27 10:41:00,2,4516.8,246,43,2258.4
16536,2011-08-21 15:54:00,2011-08-21 15:54:00,1,548.12,18,18,548.12
16539,2010-12-01 15:40:00,2011-05-04 09:52:00,3,1053.61,281,127,351.2
16545,2011-06-28 10:37:00,2011-06-28 10:37:00,1,339.3,72,72,339.3
16546,2010-12-02 12:07:00,2011-02-22 11:20:00,2,787.15,280,198,393.58
16549,2011-01-09 14:03:00,2011-08-07 15:43:00,2,780.36,242,32,390.18
16550,2010-12-06 13:53:00,2011-08-23 11:12:00,5,2298.97,276,16,459.79
16551,2011-01-07 10:24:00,2011-09-05 09:38:00,3,922.12,244,3,307.37
16552,2010-12-01 12:36:00,2011-04-11 10:04:00,2,379.73,281,150,189.86
16553,2010-12-14 13:58:00,2011-06-29 15:42:00,12,5719.82,268,71,476.65
16554,2011-01-12 12:41:00,2011-05-01 14:17:00,2,314.11,239,130,157.06
16555,2011-08-22 12:32:00,2011-08-22 12:32:00,1,151.98,17,17,151.98
16556,2010-12-14 13:32:00,2011-08-26 11:58:00,6,2556.37,268,13,426.06
16557,2011-07-25 13:28:00,2011-07-25 13:28:00,1,101.15,45,45,101.15
16558,2010-12-08 12:01:00,2011-09-08 14:21:00,14,4685.17,274,0,334.66
16560,2010-12-16 14:36:00,2010-12-16 14:36:00,1,332.18,266,266,332.18
16565,2010-12-10 15:21:00,2010-12-10 15:21:00,1,173.7,272,272,173.7
16566,2011-02-20 10:29:00,2011-06-22 14:24:00,3,463.88,200,78,154.63
16567,2011-01-07 09:31:00,2011-05-29 13:57:00,2,865.6,244,102,432.8
16570,2011-02-01 10:37:00,2011-08-04 14:06:00,6,2134.07,219,35,355.68
16571,2011-03-03 09:41:00,2011-06-16 13:14:00,2,896.79,189,84,448.4
16572,2011-03-09 12:04:00,2011-08-04 16:34:00,3,1009.6,183,35,336.53
16573,2011-02-22 15:14:00,2011-02-22 15:14:00,1,292.63,198,198,292.63
16581,2011-06-10 10:05:00,2011-06-10 10:05:00,1,105.84,90,90,105.84
16582,2011-08-18 17:02:00,2011-08-18 17:02:00,1,313.62,21,21,313.62
16583,2010-12-01 12:03:00,2010-12-01 12:03:00,1,233.45,281,281,233.45
16584,2011-03-30 13:14:00,2011-03-30 13:14:00,1,611.94,162,162,611.94
16586,2011-04-05 09:32:00,2011-04-05 09:32:00,1,463.95,156,156,463.95
16587,2011-04-21 15:51:00,2011-04-21 15:51:00,1,225.15,140,140,225.15
16589,2011-07-01 13:31:00,2011-08-25 10:00:00,2,214.68,69,14,107.34
16592,2011-02-25 10:19:00,2011-07-26 11:39:00,10,2214.33,195,44,221.43
16593,2011-01-16 12:11:00,2011-06-03 12:17:00,2,255.5,235,97,127.75
16596,2010-12-08 16:18:00,2010-12-08 16:18:00,1,120.65,274,274,120.65
16598,2011-02-27 11:42:00,2011-02-27 11:42:00,1,145.05,193,193,145.05
16600,2011-01-05 12:13:00,2011-03-31 19:20:00,2,237.46,246,161,118.73
16607,2010-12-16 08:41:00,2011-08-03 15:02:00,10,2267.58,266,36,226.76
16609,2011-04-01 10:11:00,2011-07-27 13:51:00,5,2710.04,160,43,542.01
16610,2011-05-04 13:13:00,2011-05-04 13:13:00,1,75.66,127,127,75.66
16611,2011-06-06 15:46:00,2011-06-06 15:46:00,1,129.49,94,94,129.49
16612,2011-02-01 10:38:00,2011-08-12 14:32:00,3,870.3,219,27,290.1
16614,2011-06-10 11:36:00,2011-06-10 11:36:00,1,506.19,90,90,506.19
16616,2011-07-05 13:38:00,2011-07-05 13:38:00,1,210.1,65,65,210.1
16617,2011-04-18 10:35:00,2011-04-18 10:35:00,1,151.85,143,143,151.85
16618,2011-01-21 11:55:00,2011-05-13 10:37:00,4,1441.29,230,118,360.32
16619,2011-03-21 08:18:00,2011-03-21 08:18:00,1,226.21,171,171,226.21
16620,2011-03-24 10:37:00,2011-03-24 10:37:00,1,95.76,168,168,95.76
16621,2011-03-07 11:32:00,2011-07-15 11:45:00,3,609.41,185,55,203.14
16623,2011-04-08 10:09:00,2011-04-08 10:09:00,1,129.45,153,153,129.45
16624,2011-05-26 14:20:00,2011-05-26 14:20:00,1,426.43,105,105,426.43
16625,2011-03-10 12:50:00,2011-03-10 12:50:00,1,333.08,182,182,333.08
16626,2011-03-18 12:27:00,2011-08-18 14:53:00,7,2165.34,174,21,309.33
16628,2011-04-19 08:55:00,2011-08-25 12:11:00,4,1619.84,142,14,404.96
16629,2011-09-04 16:12:00,2011-09-04 16:12:00,1,227.68,4,4,227.68
16633,2011-04-19 14:36:00,2011-08-17 14:11:00,3,1168.26,142,22,389.42
16634,2010-12-02 17:41:00,2011-05-01 12:09:00,2,217.9,280,130,108.95
16637,2011-04-28 10:20:00,2011-08-08 12:00:00,2,530.55,133,31,265.27
16638,2010-12-06 10:19:00,2011-09-01 17:14:00,9,1550.94,276,7,172.33
16639,2011-04-18 09:31:00,2011-05-17 10:10:00,2,471.15,143,114,235.58
16641,2011-08-26 12:49:00,2011-08-26 12:49:00,1,231.1,13,13,231.1
16642,2011-05-16 12:35:00,2011-05-16 12:35:00,1,307.73,115,115,307.73
16643,2011-04-08 08:24:00,2011-04-08 08:24:00,1,487.51,153,153,487.51
16644,2011-05-11 12:53:00,2011-06-15 12:39:00,2,833.78,120,85,416.89
16647,2011-05-19 09:31:00,2011-06-23 11:47:00,2,214.06,112,77,107.03
16652,2011-03-11 13:13:00,2011-08-22 11:00:00,5,4525.87,181,17,905.17
16654,2010-12-06 15:09:00,2011-07-21 15:23:00,4,601.27,276,49,150.32
16655,2011-01-12 10:16:00,2011-07-31 15:31:00,3,1867.19,239,39,622.4
16656,2010-12-10 11:23:00,2011-09-05 09:20:00,11,7116.68,272,3,646.97
16657,2011-03-30 12:02:00,2011-07-14 11:45:00,2,414.79,162,56,207.4
16658,2010-12-06 13:47:00,2010-12-06 13:47:00,1,123.24,276,276,123.24
16659,2011-06-03 15:03:00,2011-06-03 15:03:00,1,39.12,97,97,39.12
16660,2011-01-24 12:44:00,2011-05-13 10:44:00,2,384.36,227,118,192.18
16665,2010-12-12 14:03:00,2010-12-12 14:03:00,1,135.4,270,270,135.4
16667,2011-02-28 12:57:00,2011-02-28 12:57:00,1,200.4,192,192,200.4
16668,2011-02-28 12:46:00,2011-08-15 12:22:00,5,266.52,192,24,53.3
16670,2010-12-16 10:30:00,2011-08-25 17:22:00,8,3239.97,266,14,405.0
16671,2011-06-28 11:20:00,2011-06-28 11:20:00,1,1382.88,72,72,1382.88
16672,2011-03-18 10:15:00,2011-09-01 14:58:00,17,6911.84,174,7,406.58
16674,2011-09-02 13:59:00,2011-09-02 13:59:00,1,115.1,6,6,115.1
16676,2011-01-06 13:00:00,2011-05-10 15:10:00,3,1098.5,245,121,366.17
16678,2011-03-02 09:24:00,2011-09-02 10:24:00,8,2137.3,190,6,267.16
16679,2010-12-08 13:51:00,2010-12-08 13:51:00,1,129.75,274,274,129.75
16681,2011-03-31 13:46:00,2011-07-18 10:21:00,4,1332.68,161,52,333.17
16682,2011-06-05 11:02:00,2011-09-08 15:16:00,3,810.22,95,0,270.07
16684,2010-12-16 17:34:00,2011-07-29 15:12:00,18,33883.5,266,41,1882.42
16686,2010-12-19 14:41:00,2011-09-02 17:38:00,6,2399.94,263,6,399.99
16690,2011-05-22 10:53:00,2011-05-22 10:53:00,1,86.5,109,109,86.5
16692,2011-02-23 15:41:00,2011-03-28 14:46:00,2,1126.0,197,164,563.0
16693,2011-03-13 11:06:00,2011-03-13 11:06:00,1,153.41,179,179,153.41
16696,2011-04-05 15:20:00,2011-07-27 14:23:00,4,657.9,156,43,164.48
16697,2011-04-12 17:12:00,2011-04-12 17:12:00,1,112.75,149,149,112.75
16698,2011-03-31 13:33:00,2011-04-27 10:52:00,2,1998.0,161,134,999.0
16700,2010-12-08 16:34:00,2011-08-10 09:52:00,10,4095.95,274,29,409.6
16701,2010-12-13 11:51:00,2011-08-02 12:11:00,10,4050.42,269,37,405.04
16705,2010-12-16 10:51:00,2011-09-02 09:24:00,10,9780.35,266,6,978.04
16706,2011-08-17 15:53:00,2011-09-02 13:41:00,2,411.55,22,6,205.78
16709,2011-03-03 10:55:00,2011-05-24 11:46:00,4,1984.59,189,107,496.15
16710,2010-12-06 13:13:00,2011-07-24 14:21:00,7,1835.08,276,46,262.15
16711,2010-12-17 12:43:00,2011-07-22 14:23:00,3,909.87,265,48,303.29
16712,2011-03-08 15:07:00,2011-09-05 16:27:00,8,2489.81,184,3,311.23
16713,2010-12-08 13:01:00,2011-08-16 12:12:00,11,3970.77,274,23,360.98
16714,2011-01-26 13:40:00,2011-01-26 13:46:00,2,1114.06,225,225,557.03
16716,2011-02-01 15:35:00,2011-03-18 10:03:00,2,901.2,219,174,450.6
16717,2010-12-08 16:48:00,2011-09-05 10:27:00,4,1559.66,274,3,389.92
16718,2010-12-05 13:03:00,2010-12-05 13:03:00,1,606.05,277,277,606.05
16719,2010-12-06 12:06:00,2011-07-14 09:54:00,5,1283.88,276,56,256.78
16721,2011-03-22 16:08:00,2011-03-22 16:08:00,1,292.47,170,170,292.47
16722,2010-12-06 12:59:00,2011-09-01 11:38:00,10,3656.58,276,7,365.66
16723,2011-08-24 11:31:00,2011-08-24 11:31:00,1,411.4,15,15,411.4
16725,2010-12-03 16:02:00,2011-02-10 16:52:00,6,756.82,279,210,126.14
16726,2010-12-13 13:28:00,2011-05-27 13:00:00,4,777.16,269,104,194.29
16727,2010-12-10 13:48:00,2010-12-10 13:48:00,1,256.32,272,272,256.32
16728,2011-03-20 13:28:00,2011-06-26 11:59:00,3,548.31,172,74,182.77
16729,2011-04-12 14:22:00,2011-09-01 16:18:00,17,5339.95,149,7,314.11
16730,2011-01-24 14:01:00,2011-04-19 12:41:00,2,480.94,227,142,240.47
16734,2011-08-17 15:00:00,2011-08-17 15:02:00,2,302.41,22,22,151.21
16735,2011-01-09 12:53:00,2011-09-02 10:21:00,4,1941.15,242,6,485.29
16738,2011-02-15 09:46:00,2011-02-15 09:46:00,1,3.75,205,205,3.75
16739,2011-06-16 09:17:00,2011-06-16 09:17:00,1,323.0,84,84,323.0
16743,2010-12-16 12:15:00,2011-08-18 18:15:00,6,1860.9,266,21,310.15
16744,2011-06-19 15:13:00,2011-09-04 12:10:00,3,399.11,81,4,133.04
16745,2011-02-01 11:31:00,2011-09-02 13:10:00,16,6359.1,219,6,397.44
16746,2010-12-16 11:43:00,2011-08-31 09:10:00,12,4403.53,266,8,366.96
16748,2011-01-09 13:50:00,2011-05-06 11:26:00,3,910.2,242,125,303.4
16750,2011-04-21 16:53:00,2011-08-10 14:49:00,3,416.12,140,29,138.71
16752,2010-12-02 12:18:00,2010-12-02 12:18:00,1,207.5,280,280,207.5
16754,2010-12-02 17:38:00,2010-12-02 17:38:00,1,2002.4,280,280,2002.4
16755,2011-01-28 10:47:00,2011-08-17 13:21:00,3,1475.43,223,22,491.81
16756,2011-05-09 09:33:00,2011-05-09 09:33:00,1,239.4,122,122,239.4
16757,2011-01-25 11:59:00,2011-01-25 11:59:00,1,106.83,226,226,106.83
16761,2011-09-04 11:15:00,2011-09-04 11:15:00,1,316.62,4,4,316.62
16762,2011-07-18 12:52:00,2011-07-18 12:52:00,1,314.15,52,52,314.15
16763,2011-05-25 11:52:00,2011-05-25 11:52:00,1,611.85,106,106,611.85
16764,2011-07-19 17:17:00,2011-09-01 16:46:00,4,782.55,51,7,195.64
16765,2011-02-18 15:41:00,2011-02-18 15:41:00,1,34.0,202,202,34.0
16766,2011-03-11 13:34:00,2011-03-11 15:22:00,2,1145.6,181,181,572.8
16767,2011-01-27 13:38:00,2011-09-07 09:15:00,7,4820.46,224,1,688.64
16768,2011-03-13 10:25:00,2011-08-28 10:43:00,2,286.49,179,11,143.24
16769,2011-03-24 13:41:00,2011-03-24 13:41:00,1,361.54,168,168,361.54
16770,2010-12-02 15:49:00,2011-04-17 12:49:00,4,649.38,280,144,162.34
16771,2011-01-05 13:57:00,2011-03-09 13:56:00,3,1639.75,246,183,546.58
16774,2011-06-14 12:45:00,2011-08-15 12:57:00,3,542.2,86,24,180.73
16775,2010-12-07 15:15:00,2011-08-09 15:12:00,8,1174.55,275,30,146.82
16777,2011-03-27 14:34:00,2011-03-27 14:34:00,1,173.52,165,165,173.52
16778,2011-03-10 15:21:00,2011-03-10 15:21:00,1,93.18,182,182,93.18
16779,2010-12-08 09:56:00,2011-08-25 10:32:00,15,6376.73,274,14,425.12
16780,2011-03-25 17:34:00,2011-08-31 16:09:00,2,422.24,167,8,211.12
16781,2010-12-02 14:26:00,2010-12-02 14:26:00,1,311.25,280,280,311.25
16782,2010-12-09 11:28:00,2011-07-24 15:23:00,9,1630.4,273,46,181.16
16788,2011-03-30 13:05:00,2011-08-08 14:53:00,2,592.74,162,31,296.37
16791,2011-01-11 15:42:00,2011-08-09 13:22:00,5,779.12,240,30,155.82
16792,2011-03-02 14:39:00,2011-03-02 14:41:00,2,110.38,190,190,55.19
16794,2011-06-12 14:15:00,2011-08-23 13:51:00,4,605.03,88,16,151.26
16795,2010-12-09 14:08:00,2010-12-09 14:08:00,1,414.88,273,273,414.88
16801,2011-03-11 13:56:00,2011-06-29 15:33:00,4,1594.23,181,71,398.56
16804,2011-03-14 15:48:00,2011-03-14 15:48:00,1,118.05,178,178,118.05
16805,2010-12-14 13:35:00,2011-06-19 11:23:00,2,460.59,268,81,230.3
16806,2011-04-14 19:59:00,2011-08-28 15:27:00,4,736.21,147,11,184.05
16807,2011-03-14 09:46:00,2011-07-20 12:00:00,3,1121.59,178,50,373.86
16808,2011-03-10 19:05:00,2011-09-01 19:34:00,2,288.42,182,7,144.21
16809,2011-03-22 15:20:00,2011-07-26 14:24:00,3,470.69,170,44,156.9
16810,2011-05-31 15:32:00,2011-05-31 15:32:00,1,309.54,100,100,309.54
16812,2010-12-14 12:35:00,2010-12-14 12:35:00,1,479.35,268,268,479.35
16813,2011-05-19 13:28:00,2011-09-04 11:12:00,7,1146.84,112,4,163.83
16814,2010-12-05 11:45:00,2011-08-23 11:51:00,16,5121.79,277,16,320.11
16816,2010-12-16 17:01:00,2011-08-28 14:16:00,4,417.06,266,11,104.26
16817,2010-12-06 14:19:00,2011-06-07 10:05:00,7,1179.43,276,93,168.49
16818,2011-05-18 11:42:00,2011-09-07 14:40:00,9,2528.47,113,1,280.94
16820,2011-09-05 12:06:00,2011-09-05 12:06:00,1,497.61,3,3,497.61
16823,2011-04-26 15:00:00,2011-04-26 15:00:00,1,358.38,135,135,358.38
16824,2011-06-28 13:36:00,2011-06-28 13:36:00,1,222.9,72,72,222.9
16825,2011-06-07 09:44:00,2011-06-07 09:44:00,1,318.7,93,93,318.7
16828,2011-08-19 13:24:00,2011-08-19 13:24:00,1,113.5,20,20,113.5
16829,2011-07-06 10:48:00,2011-07-06 10:48:00,1,197.22,64,64,197.22
16832,2011-05-06 14:12:00,2011-06-08 15:36:00,3,199.15,125,92,66.38
16833,2011-01-09 13:02:00,2011-03-25 08:53:00,3,671.29,242,167,223.76
16834,2011-04-26 09:37:00,2011-04-26 09:37:00,1,413.46,135,135,413.46
16835,2010-12-01 17:15:00,2011-08-03 13:50:00,2,180.85,281,36,90.42
16836,2011-08-15 12:38:00,2011-08-15 12:38:00,1,91.32,24,24,91.32
16837,2011-04-08 08:48:00,2011-07-05 10:06:00,9,1911.74,153,65,212.42
16838,2011-02-24 15:01:00,2011-05-26 13:13:00,2,588.85,196,105,294.42
16839,2010-12-05 11:15:00,2011-08-22 10:42:00,22,10869.28,277,17,494.06
16841,2011-02-25 12:40:00,2011-07-25 13:06:00,5,1561.06,195,45,312.21
16842,2011-02-10 14:51:00,2011-08-31 10:42:00,3,1264.19,210,8,421.4
16843,2011-01-16 16:10:00,2011-09-07 10:56:00,13,8809.24,235,1,677.63
16849,2011-06-06 09:16:00,2011-06-06 09:16:00,1,124.57,94,94,124.57
16850,2011-01-10 11:09:00,2011-01-10 11:09:00,1,332.41,241,241,332.41
16852,2011-06-16 15:49:00,2011-06-16 15:49:00,1,113.06,84,84,113.06
16858,2010-12-06 09:52:00,2010-12-06 09:52:00,1,375.69,276,276,375.69
16859,2011-03-23 13:39:00,2011-07-18 12:19:00,2,747.81,169,52,373.9
16861,2011-07-04 15:38:00,2011-07-04 15:38:00,1,70.8,66,66,70.8
16863,2010-12-08 08:58:00,2010-12-08 08:58:00,1,164.25,274,274,164.25
16866,2011-07-01 12:34:00,2011-07-22 10:06:00,3,207.74,69,48,69.25
16869,2011-06-17 13:01:00,2011-06-27 12:16:00,2,387.68,83,73,193.84
16871,2011-03-14 10:31:00,2011-05-13 11:44:00,4,2037.82,178,118,509.46
16872,2011-06-08 14:32:00,2011-08-26 15:38:00,2,464.68,92,13,232.34
16873,2010-12-10 15:45:00,2011-08-04 15:33:00,4,3871.47,272,35,967.87
16875,2011-01-04 10:37:00,2011-07-18 11:41:00,4,1138.2,247,52,284.55
16877,2011-05-15 16:13:00,2011-07-10 16:18:00,2,188.98,116,60,94.49
16880,2011-06-03 16:45:00,2011-09-01 11:22:00,6,1093.12,97,7,182.19
16882,2011-01-26 17:43:00,2011-04-14 14:36:00,2,215.7,225,147,107.85
16883,2010-12-03 10:33:00,2011-06-05 12:51:00,2,272.48,279,95,136.24
16885,2010-12-17 17:23:00,2010-12-17 17:23:00,1,177.95,265,265,177.95
16889,2011-01-07 10:47:00,2011-05-29 11:05:00,3,1578.67,244,102,526.22
16891,2010-12-03 11:35:00,2011-09-05 11:31:00,3,515.79,279,3,171.93
16892,2011-06-09 11:35:00,2011-06-09 11:35:00,1,102.98,91,91,102.98
16893,2010-12-08 12:06:00,2010-12-08 12:06:00,1,145.93,274,274,145.93
16897,2011-01-30 11:52:00,2011-02-13 15:02:00,2,289.78,221,207,144.89
16898,2010-12-06 12:23:00,2011-06-15 13:35:00,2,313.77,276,85,156.88
16899,2010-12-14 13:11:00,2011-07-13 11:33:00,3,510.18,268,57,170.06
16902,2011-08-15 14:17:00,2011-08-15 14:17:00,1,1706.88,24,24,1706.88
16904,2010-12-07 13:29:00,2011-08-23 11:41:00,13,2929.75,275,16,225.37
16905,2010-12-03 10:43:00,2011-04-17 11:30:00,3,822.18,279,144,274.06
16906,2011-04-05 12:30:00,2011-06-06 09:04:00,3,392.99,156,94,131.0
16907,2010-12-09 16:52:00,2011-07-14 17:44:00,4,658.99,273,56,164.75
16912,2011-01-20 15:42:00,2011-07-28 14:35:00,7,1538.58,231,42,219.8
16913,2011-02-22 12:56:00,2011-02-22 12:56:00,1,113.44,198,198,113.44
16915,2011-03-01 09:52:00,2011-08-04 13:03:00,4,382.39,191,35,95.6
16916,2010-12-02 13:14:00,2010-12-02 13:14:00,1,196.43,280,280,196.43
16917,2011-03-08 11:55:00,2011-03-08 11:55:00,1,391.52,184,184,391.52
16918,2011-01-26 17:37:00,2011-09-05 13:50:00,3,822.7,225,3,274.23
16919,2010-12-06 12:52:00,2011-07-06 13:35:00,11,2592.25,276,64,235.66
16923,2010-12-12 11:06:00,2011-09-01 14:29:00,14,4763.94,270,7,340.28
16926,2010-12-03 13:42:00,2010-12-03 13:42:00,1,230.25,279,279,230.25
16927,2010-12-13 11:57:00,2011-08-16 11:10:00,3,543.05,269,23,181.02
16928,2010-12-01 15:21:00,2011-09-06 13:29:00,15,2362.7,281,2,157.51
16929,2011-07-07 12:39:00,2011-08-04 12:13:00,2,428.88,63,35,214.44
16931,2010-12-05 11:40:00,2011-08-28 14:28:00,14,2897.33,277,11,206.95
16933,2011-04-14 13:33:00,2011-04-14 13:33:00,1,224.73,147,147,224.73
16938,2011-02-04 09:34:00,2011-06-13 11:24:00,3,2386.05,216,87,795.35
16940,2011-02-23 12:27:00,2011-06-23 13:13:00,2,1868.36,197,77,934.18
16942,2011-04-26 11:59:00,2011-07-26 12:57:00,7,1439.44,135,44,205.63
16943,2011-01-25 14:00:00,2011-05-12 11:57:00,3,816.73,226,119,272.24
16945,2010-12-16 17:49:00,2011-09-02 09:48:00,13,3007.06,266,6,231.31
16947,2011-04-18 09:38:00,2011-04-18 09:38:00,1,406.48,143,143,406.48
16948,2011-01-18 10:58:00,2011-07-24 12:46:00,3,435.02,233,46,145.01
16949,2011-01-27 12:11:00,2011-06-07 10:34:00,4,893.75,224,93,223.44
16950,2010-12-07 15:20:00,2011-08-07 13:30:00,2,778.41,275,32,389.2
16951,2011-02-08 14:58:00,2011-07-28 12:05:00,3,1277.75,212,42,425.92
16952,2011-08-22 12:58:00,2011-08-22 13:03:00,2,167.61,17,17,83.8
16954,2010-12-15 10:41:00,2011-08-07 10:55:00,4,1245.38,267,32,311.35
16955,2010-12-01 13:31:00,2011-06-08 10:36:00,4,518.67,281,92,129.67
16957,2011-03-03 09:25:00,2011-04-14 13:56:00,2,416.64,189,147,208.32
16960,2011-04-01 11:54:00,2011-04-01 11:54:00,1,199.58,160,160,199.58
16961,2011-08-15 13:46:00,2011-08-15 13:46:00,1,234.17,24,24,234.17
16963,2011-06-05 13:48:00,2011-06-05 13:48:00,1,110.55,95,95,110.55
16965,2011-04-27 12:08:00,2011-04-27 12:08:00,1,192.07,134,134,192.07
16966,2011-04-13 14:17:00,2011-06-22 15:06:00,4,1486.56,148,78,371.64
16967,2011-06-03 14:24:00,2011-06-03 14:24:00,1,319.02,97,97,319.02
16968,2011-08-24 10:51:00,2011-08-24 10:51:00,1,253.31,15,15,253.31
16969,2011-06-01 12:10:00,2011-07-28 13:54:00,2,478.96,99,42,239.48
16976,2011-03-17 16:33:00,2011-03-17 16:33:00,1,251.52,175,175,251.52
16979,2011-02-15 09:20:00,2011-07-15 08:59:00,2,555.65,205,55,277.82
16980,2011-02-21 12:58:00,2011-03-29 16:36:00,2,1028.46,199,163,514.23
16983,2010-12-05 12:34:00,2011-09-04 11:00:00,5,1185.35,277,4,237.07
16984,2011-08-01 17:37:00,2011-08-01 17:37:00,1,3213.19,38,38,3213.19
16985,2010-12-16 10:38:00,2011-07-05 09:33:00,7,3578.54,266,65,511.22
16987,2011-05-18 15:55:00,2011-06-22 16:44:00,3,629.45,113,78,209.82
16989,2011-07-12 09:11:00,2011-09-02 13:55:00,2,890.7,58,6,445.35
16990,2011-05-05 08:30:00,2011-05-05 08:30:00,1,179.0,126,126,179.0
16992,2011-02-28 10:37:00,2011-09-02 08:50:00,3,972.35,192,6,324.12
16996,2010-12-21 13:22:00,2011-08-10 14:34:00,5,1041.78,261,29,208.36
16997,2011-01-18 11:51:00,2011-02-24 17:28:00,3,702.0,233,196,234.0
16998,2011-02-08 15:42:00,2011-07-13 09:44:00,4,295.0,212,57,73.75
17001,2010-12-16 09:35:00,2011-08-18 15:09:00,7,2471.09,266,21,353.01
17002,2011-02-22 11:46:00,2011-05-08 11:21:00,2,993.52,198,123,496.76
17004,2011-09-08 12:16:00,2011-09-08 12:16:00,1,905.6,1,0,905.6
17007,2010-12-17 13:57:00,2011-07-07 18:14:00,5,575.44,265,63,115.09
17015,2011-06-07 13:19:00,2011-06-07 13:19:00,1,520.55,93,93,520.55
17017,2010-12-02 10:17:00,2011-06-30 14:48:00,14,5431.28,280,70,387.95
17018,2011-01-18 08:46:00,2011-01-18 08:46:00,1,405.0,233,233,405.0
17019,2010-12-06 12:55:00,2011-03-23 11:16:00,3,995.93,276,169,331.98
17024,2011-07-05 09:31:00,2011-09-01 15:21:00,2,56.25,65,7,28.12
17025,2010-12-01 15:45:00,2010-12-01 15:46:00,2,160.97,281,281,80.48
17026,2010-12-05 12:47:00,2011-06-07 14:28:00,2,154.83,277,93,77.42
17027,2011-01-26 14:19:00,2011-06-13 13:44:00,4,645.23,225,87,161.31
17029,2011-04-17 10:57:00,2011-08-21 11:06:00,2,716.0,144,18,358.0
17031,2011-07-08 09:38:00,2011-07-08 09:38:00,1,225.95,62,62,225.95
17033,2010-12-15 13:21:00,2011-05-09 16:01:00,2,608.1,267,122,304.05
17034,2011-02-25 10:10:00,2011-02-25 10:10:00,1,141.8,195,195,141.8
17035,2011-02-01 12:27:00,2011-04-08 11:23:00,2,433.53,219,153,216.76
17040,2011-07-25 10:19:00,2011-07-25 10:19:00,1,449.73,45,45,449.73
17041,2010-12-14 11:43:00,2011-08-23 09:53:00,2,750.89,268,16,375.44
17042,2011-04-06 14:53:00,2011-08-10 13:19:00,4,915.02,155,29,228.76
17043,2011-03-18 14:53:00,2011-06-14 13:52:00,2,324.97,174,86,162.49
17045,2011-04-06 12:08:00,2011-08-18 17:09:00,3,339.44,155,21,113.15
17046,2011-07-05 14:24:00,2011-07-05 14:24:00,1,642.02,65,65,642.02
17047,2011-05-18 16:50:00,2011-05-18 16:51:00,2,749.43,113,113,374.72
17048,2011-01-12 16:51:00,2011-08-14 11:49:00,3,925.35,239,25,308.45
17049,2011-03-09 08:33:00,2011-08-14 12:33:00,5,2606.65,183,25,521.33
17050,2011-02-13 12:41:00,2011-09-04 13:48:00,6,3185.64,207,4,530.94
17051,2011-05-29 14:13:00,2011-05-29 14:13:00,1,240.89,102,102,240.89
17053,2011-08-01 10:23:00,2011-08-01 10:23:00,1,498.48,38,38,498.48
17054,2011-04-08 13:14:00,2011-07-25 09:58:00,4,1207.32,153,45,301.83
17058,2011-04-14 09:18:00,2011-05-24 13:50:00,2,819.66,147,107,409.83
17059,2010-12-05 12:35:00,2011-08-21 15:17:00,4,2237.1,277,18,559.28
17060,2011-03-18 13:27:00,2011-03-18 13:27:00,1,234.24,174,174,234.24
17061,2011-04-21 13:29:00,2011-08-21 10:44:00,10,4658.83,140,18,465.88
17062,2010-12-05 11:59:00,2011-01-30 11:01:00,4,528.29,277,221,132.07
17063,2011-02-23 13:44:00,2011-06-29 13:59:00,4,671.87,197,71,167.97
17064,2011-01-16 16:10:00,2011-06-10 10:26:00,2,457.4,235,90,228.7
17068,2010-12-06 13:58:00,2011-09-06 12:10:00,16,3533.04,276,2,220.82
17069,2010-12-01 16:49:00,2011-07-07 14:30:00,5,1495.79,281,63,299.16
17070,2011-08-17 17:01:00,2011-08-17 17:01:00,1,304.24,22,22,304.24
17071,2011-02-03 08:18:00,2011-07-28 16:04:00,6,1402.42,217,42,233.74
17073,2011-08-22 14:37:00,2011-08-22 14:37:00,1,453.79,17,17,453.79
17075,2011-01-26 13:20:00,2011-03-31 13:47:00,3,696.07,225,161,232.02
17076,2010-12-10 10:08:00,2011-03-11 08:59:00,2,334.2,272,181,167.1
17080,2011-03-15 12:05:00,2011-03-15 12:05:00,1,76.32,177,177,76.32
17082,2011-01-25 14:36:00,2011-01-25 14:36:00,1,636.94,226,226,636.94
17083,2011-02-09 11:38:00,2011-08-22 15:43:00,3,1405.78,211,17,468.59
17085,2010-12-12 12:24:00,2011-08-08 14:15:00,5,1562.4,270,31,312.48
17088,2011-03-31 09:48:00,2011-06-10 09:23:00,2,1399.11,161,90,699.56
17090,2010-12-20 13:52:00,2011-09-02 15:05:00,4,811.77,262,6,202.94
17091,2010-12-07 09:55:00,2011-09-02 14:56:00,7,2692.0,275,6,384.57
17092,2011-03-07 14:51:00,2011-08-05 16:10:00,2,629.32,185,34,314.66
17094,2011-01-21 13:09:00,2011-01-21 13:09:00,1,302.0,230,230,302.0
17095,2011-01-09 11:05:00,2011-02-13 13:52:00,2,543.96,242,207,271.98
17096,2011-03-23 12:05:00,2011-07-19 17:02:00,2,443.94,169,51,221.97
17097,2010-12-09 14:55:00,2011-08-31 15:35:00,6,639.53,273,8,106.59
17101,2011-06-14 14:49:00,2011-06-14 14:49:00,1,230.58,86,86,230.58
17102,2011-03-23 10:08:00,2011-03-23 10:08:00,1,25.5,169,169,25.5
17105,2011-02-06 14:46:00,2011-07-03 15:53:00,2,665.78,214,67,332.89
17107,2011-03-06 15:17:00,2011-07-07 18:56:00,3,6332.61,186,63,2110.87
17109,2011-04-21 15:46:00,2011-04-21 15:51:00,2,464.59,140,140,232.3
17110,2011-06-27 12:58:00,2011-06-27 12:58:00,1,163.3,73,73,163.3
17114,2011-01-09 11:39:00,2011-07-24 11:58:00,6,601.94,242,46,100.32
17115,2011-04-20 14:46:00,2011-06-10 08:54:00,2,612.82,141,90,306.41
17117,2011-02-24 13:54:00,2011-02-24 13:54:00,1,116.2,196,196,116.2
17118,2011-01-26 12:19:00,2011-01-26 12:19:00,1,157.02,225,225,157.02
17120,2011-04-20 15:21:00,2011-04-20 15:21:00,1,307.46,141,141,307.46
17122,2011-08-12 14:33:00,2011-08-12 14:33:00,1,138.32,27,27,138.32
17123,2011-07-01 10:47:00,2011-07-01 10:47:00,1,345.3,69,69,345.3
17124,2011-06-07 14:02:00,2011-06-07 14:02:00,1,294.24,93,93,294.24
17126,2010-12-12 11:26:00,2011-07-10 13:52:00,5,989.45,270,60,197.89
17128,2011-01-09 12:02:00,2011-01-09 12:02:00,1,157.09,242,242,157.09
17133,2011-03-18 13:47:00,2011-06-02 14:46:00,3,2478.79,174,98,826.26
17134,2011-03-20 11:56:00,2011-08-25 09:53:00,2,413.2,172,14,206.6
17135,2010-12-03 09:31:00,2011-02-23 10:27:00,2,500.55,279,197,250.28
17138,2011-03-09 11:54:00,2011-03-09 11:54:00,1,380.5,183,183,380.5
17139,2011-02-24 09:32:00,2011-08-09 11:56:00,7,6851.82,196,30,978.83
17140,2011-04-06 13:33:00,2011-04-06 13:33:00,1,454.12,155,155,454.12
17142,2011-04-14 18:22:00,2011-04-14 18:22:00,1,579.0,147,147,579.0
17146,2010-12-16 12:20:00,2011-08-26 12:44:00,3,749.78,266,13,249.93
17147,2011-02-01 09:36:00,2011-05-17 10:57:00,2,973.11,219,114,486.56
17152,2011-03-21 16:20:00,2011-05-29 12:19:00,3,1689.5,171,102,563.17
17155,2011-06-15 10:22:00,2011-06-15 10:22:00,1,143.3,85,85,143.3
17157,2011-06-16 15:08:00,2011-06-16 15:08:00,1,161.46,84,84,161.46
17158,2010-12-14 13:03:00,2011-04-21 10:12:00,2,698.55,268,140,349.28
17159,2011-06-21 09:49:00,2011-06-21 09:49:00,1,528.45,79,79,528.45
17160,2011-04-12 12:00:00,2011-08-22 13:32:00,5,3001.18,149,17,600.24
17162,2011-02-07 12:27:00,2011-07-31 16:04:00,9,1463.66,213,39,162.63
17164,2011-03-11 14:26:00,2011-07-11 12:47:00,3,1270.42,181,59,423.47
17165,2011-02-28 16:39:00,2011-02-28 16:39:00,1,158.68,192,192,158.68
17166,2011-05-20 08:18:00,2011-05-20 08:18:00,1,127.59,111,111,127.59
17169,2011-06-09 13:16:00,2011-06-09 13:16:00,1,308.68,91,91,308.68
17171,2011-02-23 16:37:00,2011-02-23 16:37:00,1,224.91,197,197,224.91
17173,2011-07-31 15:26:00,2011-08-15 10:28:00,2,961.26,39,24,480.63
17174,2011-05-06 11:47:00,2011-05-06 11:47:00,1,59.9,125,125,59.9
17175,2011-02-16 14:56:00,2011-07-21 18:08:00,3,1132.63,204,49,377.54
17176,2011-05-22 12:41:00,2011-05-22 12:41:00,1,306.13,109,109,306.13
17179,2010-12-13 14:24:00,2011-06-14 16:48:00,3,711.79,269,86,237.26
17180,2011-01-27 18:05:00,2011-04-12 16:20:00,3,552.8,224,149,184.27
17181,2010-12-01 12:38:00,2010-12-01 12:38:00,1,155.52,281,281,155.52
17183,2011-08-26 15:25:00,2011-08-26 15:25:00,1,329.67,13,13,329.67
17187,2011-04-27 12:39:00,2011-04-27 12:39:00,1,203.95,134,134,203.95
17188,2010-12-12 12:56:00,2011-06-28 14:51:00,5,1815.09,270,72,363.02
17189,2010-12-15 17:28:00,2011-08-25 19:39:00,2,383.75,267,14,191.88
17190,2011-05-16 15:29:00,2011-05-16 15:29:00,1,195.0,115,115,195.0
17191,2010-12-06 14:36:00,2011-09-06 12:15:00,6,1561.51,276,2,260.25
17193,2011-06-16 10:04:00,2011-06-16 10:23:00,2,448.56,84,84,224.28
17194,2010-12-14 12:06:00,2010-12-14 12:06:00,1,226.78,268,268,226.78
17198,2010-12-03 14:54:00,2010-12-09 13:34:00,2,521.66,279,273,260.83
17204,2011-03-21 12:42:00,2011-06-17 14:46:00,4,1564.56,171,83,391.14
17211,2010-12-05 12:44:00,2011-06-12 13:21:00,6,1464.89,277,88,244.15
17212,2011-03-31 19:42:00,2011-03-31 19:42:00,1,226.85,161,161,226.85
17213,2010-12-08 13:03:00,2011-07-21 15:47:00,5,1780.01,274,49,356.0
17214,2010-12-15 15:14:00,2011-04-04 16:28:00,4,611.97,267,157,152.99
17217,2011-04-19 17:19:00,2011-04-19 17:19:00,1,113.5,142,142,113.5
17218,2010-12-06 15:25:00,2011-05-09 16:59:00,5,943.58,276,122,188.72
17220,2010-12-10 14:54:00,2011-09-01 15:59:00,10,2288.08,272,7,228.81
17223,2010-12-06 14:08:00,2011-02-02 15:57:00,2,381.89,276,218,190.94
17226,2011-02-04 11:52:00,2011-02-04 11:52:00,1,393.49,216,216,393.49
17227,2010-12-06 11:16:00,2011-06-20 10:13:00,3,473.75,276,80,157.92
17228,2010-12-02 16:00:00,2011-05-16 10:40:00,4,687.58,280,115,171.9
17229,2011-07-20 12:38:00,2011-09-04 13:56:00,2,318.76,50,4,159.38
17230,2010-12-15 11:22:00,2011-03-20 16:12:00,8,3638.41,267,172,454.8
17231,2010-12-13 14:16:00,2011-08-05 16:19:00,7,1905.82,269,34,272.26
17234,2011-06-10 11:20:00,2011-06-10 11:20:00,1,149.89,90,90,149.89
17235,2010-12-02 13:38:00,2010-12-02 13:38:00,1,341.9,280,280,341.9
17236,2010-12-12 11:49:00,2011-06-13 15:47:00,5,697.73,270,87,139.55
17238,2010-12-03 15:05:00,2011-07-26 15:42:00,11,1943.57,279,44,176.69
17239,2011-01-31 09:41:00,2011-01-31 09:41:00,1,382.5,220,220,382.5
17242,2011-06-12 13:04:00,2011-08-23 14:55:00,2,1135.04,88,16,567.52
17243,2010-12-05 10:03:00,2011-09-08 12:44:00,16,4323.96,277,0,270.25
17245,2011-05-19 10:43:00,2011-05-19 10:43:00,1,171.45,112,112,171.45
17248,2011-08-11 13:34:00,2011-08-11 13:34:00,1,318.65,28,28,318.65
17250,2011-03-23 16:45:00,2011-03-23 16:45:00,1,162.65,169,169,162.65
17251,2010-12-12 11:06:00,2010-12-12 11:06:00,1,269.83,270,270,269.83
17252,2011-06-06 16:41:00,2011-08-15 09:45:00,2,348.91,94,24,174.46
17255,2011-02-13 15:18:00,2011-02-13 15:18:00,1,108.26,207,207,108.26
17256,2011-01-31 14:53:00,2011-08-24 13:30:00,2,240.0,220,15,120.0
17259,2010-12-06 12:55:00,2011-07-14 15:01:00,2,581.23,276,56,290.62
17262,2010-12-08 13:30:00,2011-04-26 15:58:00,4,955.36,274,135,238.84
17263,2011-05-15 14:32:00,2011-05-15 14:32:00,1,63.44,116,116,63.44
17265,2011-06-12 12:00:00,2011-07-24 10:49:00,2,550.01,88,46,275.0
17266,2011-07-15 11:57:00,2011-07-15 11:57:00,1,113.06,55,55,113.06
17267,2011-08-04 17:19:00,2011-08-04 17:22:00,2,317.2,35,35,158.6
17268,2011-04-08 13:20:00,2011-08-24 10:06:00,4,763.64,153,15,190.91
17272,2011-03-22 12:05:00,2011-05-24 13:46:00,2,1409.44,170,107,704.72
17277,2011-01-21 12:37:00,2011-04-26 12:47:00,2,1065.35,230,135,532.67
17278,2011-04-12 13:10:00,2011-04-12 13:10:00,1,246.04,149,149,246.04
17282,2011-02-13 11:36:00,2011-08-01 14:29:00,3,1685.46,207,38,561.82
17284,2011-01-07 14:31:00,2011-08-11 12:00:00,5,1489.04,244,28,297.81
17287,2010-12-02 12:22:00,2011-07-19 14:59:00,5,702.41,280,51,140.48
17288,2010-12-16 13:33:00,2011-05-16 14:32:00,5,663.7,266,115,132.74
17289,2011-06-12 13:51:00,2011-06-12 13:51:00,1,164.45,88,88,164.45
17291,2011-02-04 13:04:00,2011-02-04 13:04:00,1,550.8,216,216,550.8
17293,2010-12-13 14:55:00,2011-08-12 14:03:00,5,867.03,269,27,173.41
17298,2011-08-07 12:21:00,2011-08-30 16:43:00,2,498.42,32,9,249.21
17299,2011-06-19 16:04:00,2011-08-31 14:22:00,2,268.19,81,8,134.1
17302,2011-02-07 10:14:00,2011-08-09 09:04:00,3,661.61,213,30,220.54
17303,2010-12-13 13:32:00,2010-12-13 13:32:00,1,250.04,269,269,250.04
17306,2010-12-21 13:34:00,2011-09-01 09:39:00,15,6700.06,261,7,446.67
17309,2011-09-05 15:20:00,2011-09-05 15:20:00,1,82.75,3,3,82.75
17311,2011-01-27 10:56:00,2011-01-27 10:56:00,1,556.46,224,224,556.46
17312,2011-07-03 13:12:00,2011-07-24 11:52:00,3,644.3,67,46,214.77
17314,2011-01-31 11:25:00,2011-07-14 11:28:00,5,1506.92,220,56,301.38
17315,2010-12-17 12:24:00,2011-08-31 15:49:00,28,4328.01,265,8,154.57
17320,2010-12-06 15:38:00,2011-08-31 13:31:00,3,1200.62,276,8,400.21
17323,2011-02-20 14:38:00,2011-08-07 12:05:00,4,527.55,200,32,131.89
17324,2010-12-08 12:45:00,2011-01-12 11:21:00,2,702.23,274,239,351.12
17325,2011-03-04 13:09:00,2011-03-04 13:09:00,1,96.8,188,188,96.8
17329,2011-01-28 15:29:00,2011-01-28 15:29:00,1,243.36,223,223,243.36
17331,2011-08-08 11:55:00,2011-08-08 11:55:00,1,175.2,31,31,175.2
17334,2011-02-04 09:03:00,2011-02-10 14:59:00,2,307.02,216,210,153.51
17337,2011-02-02 17:06:00,2011-07-11 14:55:00,4,1979.61,218,59,494.9
17338,2010-12-13 12:57:00,2011-08-17 14:22:00,7,5158.88,269,22,736.98
17339,2010-12-09 14:44:00,2011-09-06 13:29:00,2,243.36,273,2,121.68
17340,2010-12-08 15:56:00,2011-08-11 12:58:00,7,7593.65,274,28,1084.81
17341,2010-12-08 12:46:00,2011-07-06 12:33:00,3,682.29,274,64,227.43
17343,2010-12-19 15:07:00,2010-12-19 15:07:00,1,193.64,263,263,193.64
17345,2011-05-27 12:26:00,2011-09-07 14:09:00,3,281.18,104,1,93.73
17346,2010-12-01 14:34:00,2011-08-28 15:01:00,8,1228.78,281,11,153.6
17348,2011-02-15 10:49:00,2011-02-15 10:49:00,1,160.15,205,205,160.15
17349,2011-06-13 14:29:00,2011-06-13 14:29:00,1,98.25,87,87,98.25
17351,2011-03-11 16:05:00,2011-06-23 19:29:00,2,427.3,181,77,213.65
17353,2011-07-08 16:17:00,2011-08-02 17:19:00,2,1740.0,62,37,870.0
17356,2011-02-01 11:07:00,2011-02-01 11:07:00,1,178.22,219,219,178.22
17358,2010-12-19 14:16:00,2011-02-09 16:57:00,2,360.81,263,211,180.4
17360,2011-06-08 17:09:00,2011-06-08 17:09:00,1,320.9,92,92,320.9
17361,2011-02-21 09:55:00,2011-06-06 14:02:00,2,263.92,199,94,131.96
17362,2011-02-03 10:26:00,2011-04-14 14:43:00,2,312.23,217,147,156.12
17364,2011-01-12 16:57:00,2011-07-25 12:58:00,6,2617.41,239,45,436.23
17365,2011-01-11 12:11:00,2011-06-23 10:44:00,5,2336.81,240,77,467.36
17367,2011-04-15 14:21:00,2011-04-15 14:21:00,1,167.55,146,146,167.55
17368,2011-01-06 11:57:00,2011-09-07 14:47:00,6,1605.07,245,1,267.51
17370,2011-06-23 11:50:00,2011-09-08 14:19:00,2,228.06,77,0,114.03
17371,2010-12-13 15:20:00,2010-12-13 15:20:00,1,92.14,269,269,92.14
17372,2010-12-12 12:00:00,2011-06-26 14:06:00,6,1055.63,270,74,175.94
17373,2011-01-31 11:46:00,2011-07-28 17:15:00,2,287.3,220,42,143.65
17374,2011-03-03 12:53:00,2011-05-05 09:05:00,2,495.77,189,126,247.88
17375,2010-12-13 15:16:00,2011-05-24 15:45:00,3,400.1,269,107,133.37
17376,2011-02-01 14:12:00,2011-02-01 14:12:00,1,105.85,219,219,105.85
17377,2010-12-01 12:35:00,2011-08-05 15:40:00,9,2040.34,281,34,226.7
17381,2010-12-02 12:58:00,2011-09-01 15:52:00,24,18261.65,280,7,760.9
17384,2011-05-04 16:07:00,2011-05-04 16:07:00,1,227.65,127,127,227.65
17386,2011-06-27 12:11:00,2011-09-01 13:47:00,5,1697.34,73,7,339.47
17388,2011-02-25 12:28:00,2011-07-31 12:34:00,3,953.03,195,39,317.68
17389,2011-01-12 15:48:00,2011-09-05 10:00:00,25,9504.08,239,3,380.16
17391,2011-06-28 12:21:00,2011-06-29 09:58:00,2,508.8,72,71,254.4
17392,2010-12-16 19:04:00,2011-02-06 12:48:00,2,411.27,266,214,205.64
17394,2011-05-04 13:22:00,2011-05-04 13:22:00,1,203.87,127,127,203.87
17396,2010-12-03 09:45:00,2011-07-14 10:21:00,5,4783.8,279,56,956.76
17398,2011-03-29 13:04:00,2011-08-17 09:48:00,3,653.38,163,22,217.79
17400,2010-12-21 17:16:00,2011-08-05 15:38:00,5,2097.84,261,34,419.57
17402,2010-12-05 13:53:00,2011-08-30 12:32:00,8,1732.45,277,9,216.56
17404,2010-12-14 13:28:00,2011-08-04 10:45:00,9,20894.3,268,35,2321.59
17405,2011-07-12 14:17:00,2011-07-12 14:17:00,1,393.31,58,58,393.31
17406,2010-12-08 10:35:00,2011-01-10 15:07:00,3,2184.42,274,241,728.14
17408,2011-06-29 12:53:00,2011-06-29 12:53:00,1,32.65,71,71,32.65
17409,2011-04-05 16:42:00,2011-06-08 10:36:00,2,771.85,156,92,385.92
17410,2011-05-08 15:21:00,2011-09-04 16:08:00,2,419.55,123,4,209.78
17411,2011-03-23 13:44:00,2011-03-23 13:44:00,1,285.58,169,169,285.58
17412,2010-12-02 16:29:00,2011-05-27 14:55:00,4,709.82,280,104,177.46
17414,2011-06-08 11:43:00,2011-06-08 11:43:00,1,598.0,92,92,598.0
17416,2011-03-03 13:45:00,2011-08-22 09:30:00,5,5294.49,189,17,1058.9
17418,2011-01-20 11:39:00,2011-01-20 11:39:00,1,167.39,231,231,167.39
17419,2010-12-07 15:03:00,2011-07-19 12:39:00,8,2660.0,275,51,332.5
17420,2010-12-01 09:56:00,2011-06-21 15:07:00,2,391.51,281,79,195.76
17422,2011-02-16 14:44:00,2011-09-07 15:00:00,5,1698.97,204,1,339.79
17423,2011-05-06 09:14:00,2011-05-06 09:14:00,1,449.42,125,125,449.42
17426,2011-03-02 16:34:00,2011-06-17 12:31:00,3,3279.23,190,83,1093.08
17428,2010-12-06 09:37:00,2011-08-21 12:37:00,20,10661.09,276,18,533.05
17429,2011-05-05 09:53:00,2011-08-03 13:22:00,3,524.92,126,36,174.97
17430,2010-12-09 13:05:00,2010-12-09 13:05:00,1,112.6,273,273,112.6
17431,2011-01-30 14:36:00,2011-01-30 14:36:00,1,403.3,221,221,403.3
17436,2011-04-27 11:33:00,2011-04-27 11:33:00,1,122.4,134,134,122.4
17438,2011-03-31 10:26:00,2011-03-31 10:26:00,1,388.45,161,161,388.45
17440,2011-04-06 12:05:00,2011-07-06 11:54:00,3,186.42,155,64,62.14
17442,2011-02-22 13:02:00,2011-09-07 12:19:00,5,1921.69,198,1,384.34
17443,2011-05-04 10:47:00,2011-05-04 10:47:00,1,534.24,127,127,534.24
17444,2011-06-20 09:04:00,2011-07-11 10:33:00,2,2389.1,80,59,1194.55
17446,2011-02-02 14:40:00,2011-06-16 10:42:00,2,120.9,218,84,60.45
17449,2010-12-15 10:57:00,2011-09-06 08:34:00,4,1494.55,267,2,373.64
17450,2010-12-07 09:23:00,2011-09-05 13:52:00,23,86301.54,275,3,3752.24
17451,2011-08-26 11:54:00,2011-08-26 11:54:00,1,346.01,13,13,346.01
17454,2010-12-15 10:54:00,2011-05-31 13:58:00,4,517.53,267,100,129.38
17455,2011-05-20 12:31:00,2011-05-20 12:31:00,1,131.7,111,111,131.7
17456,2010-12-09 15:23:00,2010-12-09 15:23:00,1,249.86,273,273,249.86
17457,2011-01-04 14:33:00,2011-08-05 12:48:00,5,1737.7,247,34,347.54
17460,2010-12-01 16:24:00,2011-09-06 15:04:00,6,622.43,281,2,103.74
17462,2011-02-28 17:01:00,2011-02-28 17:01:00,1,463.41,192,192,463.41
17463,2011-01-30 15:48:00,2011-06-16 15:10:00,3,1227.59,221,84,409.2
17464,2011-07-04 13:19:00,2011-07-04 13:19:00,1,289.96,66,66,289.96
17469,2011-05-19 08:55:00,2011-08-23 08:54:00,3,1050.27,112,16,350.09
17470,2010-12-07 09:57:00,2011-08-04 13:15:00,4,816.47,275,35,204.12
17472,2011-02-13 14:40:00,2011-06-01 14:57:00,3,697.54,207,99,232.51
17481,2011-09-07 09:57:00,2011-09-07 09:57:00,1,260.63,1,1,260.63
17483,2011-06-09 19:40:00,2011-07-28 17:33:00,2,274.74,91,42,137.37
17486,2011-03-23 14:00:00,2011-03-23 14:00:00,1,396.87,169,169,396.87
17489,2011-05-11 11:34:00,2011-05-11 11:34:00,1,208.56,120,120,208.56
17490,2011-06-16 09:15:00,2011-06-16 09:15:00,1,305.2,84,84,305.2
17491,2010-12-07 12:18:00,2011-09-05 11:51:00,6,2118.11,275,3,353.02
17492,2011-04-05 15:21:00,2011-04-05 15:21:00,1,374.57,156,156,374.57
17496,2010-12-16 08:39:00,2010-12-16 08:39:00,1,271.05,266,266,271.05
17499,2011-02-23 09:14:00,2011-02-23 09:14:00,1,622.88,197,197,622.88
17501,2011-05-03 09:46:00,2011-05-03 09:47:00,2,288.6,128,128,144.3
17504,2011-01-21 11:09:00,2011-05-17 12:59:00,9,2997.03,230,114,333.0
17505,2011-05-18 09:01:00,2011-07-01 12:50:00,2,1145.84,113,69,572.92
17507,2011-02-03 18:08:00,2011-03-23 11:48:00,2,605.58,217,169,302.79
17508,2011-03-04 08:10:00,2011-03-04 08:10:00,1,387.31,188,188,387.31
17511,2010-12-01 10:19:00,2011-09-07 11:41:00,21,59375.75,281,1,2827.42
17512,2011-02-11 12:22:00,2011-08-10 14:55:00,8,1891.9,209,29,236.49
17514,2011-08-03 15:45:00,2011-08-03 15:45:00,1,208.65,36,36,208.65
17515,2011-01-25 14:33:00,2011-05-17 14:03:00,3,571.37,226,114,190.46
17516,2011-02-27 12:41:00,2011-08-12 14:50:00,4,605.65,193,27,151.41
17517,2011-02-04 11:48:00,2011-02-04 11:48:00,1,153.94,216,216,153.94
17519,2010-12-06 15:18:00,2011-07-29 12:09:00,5,1488.0,276,41,297.6
17521,2011-05-24 15:14:00,2011-05-24 15:14:00,1,159.56,107,107,159.56
17522,2011-05-05 16:31:00,2011-07-24 12:29:00,4,907.69,126,46,226.92
17524,2010-12-13 14:32:00,2010-12-13 14:32:00,1,145.0,269,269,145.0
17525,2010-12-15 12:05:00,2010-12-15 12:05:00,1,422.7,267,267,422.7
17526,2010-12-09 12:20:00,2011-02-22 09:10:00,3,872.8,273,198,290.93
17527,2011-05-05 13:43:00,2011-08-22 10:15:00,2,606.62,126,17,303.31
17530,2010-12-09 20:01:00,2011-05-17 16:49:00,6,1360.67,273,114,226.78
17531,2011-06-02 19:17:00,2011-06-02 19:17:00,1,296.7,98,98,296.7
17535,2011-03-04 15:20:00,2011-03-04 15:20:00,1,164.4,188,188,164.4
17536,2011-06-15 13:23:00,2011-06-15 13:23:00,1,76.5,85,85,76.5
17537,2011-02-09 13:37:00,2011-02-09 13:37:00,1,620.75,211,211,620.75
17540,2011-01-27 14:35:00,2011-01-27 14:35:00,1,268.8,224,224,268.8
17542,2011-03-15 11:45:00,2011-03-15 11:45:00,1,170.75,177,177,170.75
17548,2011-04-20 12:01:00,2011-04-20 12:01:00,1,103.3,141,141,103.3
17550,2011-04-10 15:19:00,2011-05-26 14:09:00,3,267.16,151,105,89.05
17551,2010-12-15 14:12:00,2010-12-15 14:12:00,1,290.34,267,267,290.34
17552,2010-12-02 18:45:00,2010-12-02 18:46:00,2,298.52,280,280,149.26
17553,2011-08-02 10:00:00,2011-08-02 10:00:00,1,1487.6,37,37,1487.6
17554,2011-07-14 20:01:00,2011-08-09 10:16:00,2,1249.89,56,30,624.95
17555,2011-01-09 12:31:00,2011-01-09 12:31:00,1,195.45,242,242,195.45
17556,2011-05-18 10:48:00,2011-05-18 10:48:00,1,157.9,113,113,157.9
17560,2011-02-02 11:14:00,2011-09-06 09:18:00,4,854.95,218,2,213.74
17562,2011-06-19 13:06:00,2011-08-22 12:16:00,4,661.1,81,17,165.28
17567,2010-12-02 15:18:00,2011-09-08 10:00:00,6,2925.45,280,0,487.58
17569,2011-01-11 14:15:00,2011-01-11 14:15:00,1,344.14,240,240,344.14
17571,2011-02-14 15:15:00,2011-07-17 12:26:00,3,559.55,206,53,186.52
17572,2010-12-01 12:51:00,2011-09-01 10:28:00,3,196.0,281,7,65.33
17573,2011-09-07 10:36:00,2011-09-07 10:36:00,1,174.71,1,1,174.71
17574,2011-04-11 09:47:00,2011-04-11 09:47:00,1,185.65,150,150,185.65
17576,2010-12-09 16:57:00,2011-09-01 16:30:00,14,2266.25,273,7,161.88
17578,2011-05-05 18:38:00,2011-05-05 18:38:00,1,143.46,126,126,143.46
17579,2011-06-13 14:12:00,2011-07-25 09:50:00,2,270.86,87,45,135.43
17580,2010-12-16 15:27:00,2011-04-01 12:41:00,3,212.77,266,160,70.92
17581,2010-12-02 14:47:00,2011-08-22 10:09:00,17,6522.29,280,17,383.66
17582,2011-04-17 13:18:00,2011-04-17 13:18:00,1,175.27,144,144,175.27
17584,2011-08-04 14:12:00,2011-08-04 14:12:00,1,749.45,35,35,749.45
17585,2011-01-05 15:09:00,2011-08-22 13:30:00,4,1116.68,246,17,279.17
17588,2011-04-21 10:31:00,2011-08-31 13:37:00,3,1240.2,140,8,413.4
17589,2011-04-13 13:47:00,2011-07-11 17:07:00,3,1843.07,148,59,614.36
17591,2010-12-07 15:39:00,2011-08-09 12:55:00,6,1840.87,275,30,306.81
17593,2010-12-22 10:29:00,2011-07-18 10:28:00,3,2260.04,260,52,753.35
17594,2011-03-30 10:32:00,2011-03-30 10:32:00,1,315.0,162,162,315.0
17596,2010-12-06 12:34:00,2011-07-26 13:46:00,4,1737.08,276,44,434.27
17597,2011-05-10 11:54:00,2011-05-10 11:54:00,1,2044.37,121,121,2044.37
17601,2011-04-14 18:02:00,2011-04-14 18:02:00,1,116.01,147,147,116.01
17602,2011-01-19 16:18:00,2011-08-07 15:52:00,2,909.55,232,32,454.78
17604,2011-01-31 15:09:00,2011-05-06 13:43:00,2,309.36,220,125,154.68
17609,2011-01-16 16:23:00,2011-02-10 17:54:00,2,528.75,235,210,264.38
17611,2010-12-13 13:52:00,2011-08-08 10:51:00,9,2701.15,269,31,300.13
17612,2011-02-15 10:40:00,2011-09-05 14:07:00,5,1682.94,205,3,336.59
17613,2011-02-07 11:20:00,2011-08-14 12:08:00,9,2976.69,213,25,330.74
17615,2011-05-01 15:33:00,2011-08-01 14:06:00,3,329.6,130,38,109.87
17616,2010-12-07 10:04:00,2011-06-19 10:11:00,3,571.2,275,81,190.4
17618,2010-12-12 16:05:00,2011-04-05 13:07:00,2,625.48,270,156,312.74
17619,2011-01-31 14:18:00,2011-01-31 14:18:00,1,214.37,220,220,214.37
17621,2010-12-20 13:31:00,2011-01-31 13:07:00,2,901.78,262,220,450.89
17624,2011-05-05 17:59:00,2011-05-05 17:59:00,1,400.3,126,126,400.3
17625,2011-03-27 12:21:00,2011-07-22 13:53:00,2,1227.13,165,48,613.57
17629,2010-12-15 09:58:00,2011-08-11 14:16:00,5,798.38,267,28,159.68
17630,2011-04-21 14:03:00,2011-06-23 11:58:00,2,503.6,140,77,251.8
17631,2011-04-21 13:22:00,2011-07-25 13:37:00,2,416.5,140,45,208.25
17633,2011-08-11 15:43:00,2011-08-28 15:58:00,2,648.61,28,11,324.3
17634,2011-01-06 12:45:00,2011-09-08 12:55:00,7,2077.07,245,0,296.72
17637,2011-08-16 13:25:00,2011-08-16 13:25:00,1,338.95,23,23,338.95
17639,2011-03-08 15:22:00,2011-03-08 15:22:00,1,108.5,184,184,108.5
17642,2011-06-16 12:55:00,2011-08-12 09:11:00,2,712.29,84,27,356.14
17643,2010-12-01 14:38:00,2010-12-01 14:38:00,1,101.55,281,281,101.55
17644,2011-03-24 09:44:00,2011-08-11 14:53:00,7,1625.63,168,28,232.23
17646,2010-12-09 14:28:00,2011-05-04 13:17:00,3,1008.39,273,127,336.13
17648,2011-04-04 10:29:00,2011-05-31 11:22:00,3,1107.39,157,100,369.13
17649,2011-07-24 15:53:00,2011-07-24 15:53:00,1,868.49,46,46,868.49
17651,2011-06-15 15:57:00,2011-07-07 08:22:00,4,1148.01,85,63,287.0
17652,2011-03-03 14:05:00,2011-07-18 14:04:00,6,2713.57,189,52,452.26
17653,2011-08-11 15:24:00,2011-09-01 12:17:00,2,343.34,28,7,171.67
17654,2011-03-07 13:17:00,2011-03-07 13:17:00,1,117.55,185,185,117.55
17655,2010-12-08 16:45:00,2011-08-15 11:59:00,5,1903.33,274,24,380.67
17656,2011-08-03 10:45:00,2011-08-25 13:24:00,3,927.65,36,14,309.22
17658,2011-05-12 15:23:00,2011-05-12 15:23:00,1,317.6,119,119,317.6
17659,2010-12-02 16:46:00,2011-08-31 15:13:00,9,1653.03,280,8,183.67
17660,2011-07-21 13:37:00,2011-07-21 13:37:00,1,178.75,49,49,178.75
17663,2011-02-25 14:11:00,2011-07-08 11:52:00,4,1016.53,195,62,254.13
17664,2011-05-11 14:17:00,2011-05-11 14:17:00,1,326.19,120,120,326.19
17667,2011-02-14 09:24:00,2011-07-01 09:47:00,4,1751.01,206,69,437.75
17669,2011-04-04 10:11:00,2011-08-09 13:48:00,5,2433.22,157,30,486.64
17670,2011-04-26 09:12:00,2011-04-26 09:12:00,1,205.7,135,135,205.7
17671,2010-12-09 14:27:00,2011-07-05 12:03:00,3,1098.55,273,65,366.18
17672,2011-02-03 13:29:00,2011-02-03 13:29:00,1,1177.84,217,217,1177.84
17673,2011-01-23 15:16:00,2011-06-30 14:38:00,4,1175.62,228,70,293.9
17674,2010-12-06 10:20:00,2010-12-06 10:20:00,1,300.66,276,276,300.66
17675,2010-12-07 13:22:00,2011-08-30 15:42:00,23,14074.19,275,9,611.92
17676,2010-12-08 13:49:00,2011-08-22 14:23:00,4,730.84,274,17,182.71
17677,2010-12-06 08:42:00,2011-08-31 15:08:00,20,11666.5,276,8,583.33
17678,2011-03-21 11:52:00,2011-03-21 11:52:00,1,298.11,171,171,298.11
17682,2010-12-06 13:35:00,2011-08-16 15:22:00,5,1899.35,276,23,379.87
17685,2010-12-02 14:42:00,2011-03-18 10:16:00,5,1512.72,280,174,302.54
17686,2011-02-10 10:18:00,2011-08-11 11:44:00,5,4589.35,210,28,917.87
17690,2010-12-01 16:15:00,2011-08-30 09:36:00,11,3495.53,281,9,317.78
17691,2010-12-06 11:10:00,2010-12-16 17:20:00,2,290.4,276,266,145.2
17692,2010-12-15 13:37:00,2011-08-04 14:01:00,4,725.58,267,35,181.4
17693,2011-07-25 15:48:00,2011-07-25 15:48:00,1,200.47,45,45,200.47
17694,2011-07-21 12:00:00,2011-07-21 12:00:00,1,283.12,49,49,283.12
17695,2011-06-21 12:35:00,2011-07-31 10:40:00,2,765.34,79,39,382.67
17696,2010-12-10 09:51:00,2011-08-23 13:59:00,7,1915.59,272,16,273.66
17697,2011-04-17 15:40:00,2011-04-17 15:40:00,1,338.95,144,144,338.95
17698,2011-03-24 11:34:00,2011-03-24 11:34:00,1,154.95,168,168,154.95
17700,2011-03-03 16:34:00,2011-09-06 09:34:00,3,1681.83,189,2,560.61
17701,2011-04-01 12:25:00,2011-04-01 12:25:00,1,417.95,160,160,417.95
17702,2011-05-17 16:23:00,2011-08-23 09:38:00,3,1338.77,114,16,446.26
17703,2011-07-24 13:30:00,2011-08-22 15:05:00,2,490.96,46,17,245.48
17704,2011-04-14 09:28:00,2011-06-24 09:40:00,2,885.19,147,76,442.6
17705,2011-02-11 10:57:00,2011-08-25 09:53:00,6,968.0,209,14,161.33
17706,2010-12-08 11:02:00,2011-08-31 13:23:00,12,8027.5,274,8,668.96
17707,2011-01-07 13:30:00,2011-06-07 15:03:00,2,152.4,244,93,76.2
17708,2011-01-19 10:09:00,2011-06-05 10:12:00,2,263.33,232,95,131.66
17709,2011-06-23 11:55:00,2011-06-23 11:55:00,1,137.45,77,77,137.45
17711,2011-02-23 11:32:00,2011-02-23 11:32:00,1,220.53,197,197,220.53
17714,2011-01-23 10:32:00,2011-01-23 10:32:00,1,153.0,228,228,153.0
17715,2011-05-23 12:32:00,2011-05-23 12:32:00,1,326.4,108,108,326.4
17716,2011-03-17 10:38:00,2011-09-06 12:02:00,7,4136.66,175,2,590.95
17718,2011-04-21 13:39:00,2011-04-21 13:39:00,1,139.35,140,140,139.35
17719,2011-03-29 11:29:00,2011-08-25 14:21:00,12,4477.4,163,14,373.12
17720,2010-12-07 10:43:00,2011-08-18 16:32:00,3,887.6,275,21,295.87
17722,2010-12-08 12:41:00,2011-09-04 15:22:00,4,2424.04,274,4,606.01
17723,2011-05-09 14:44:00,2011-08-04 18:37:00,6,3276.4,122,35,546.07
17724,2011-07-24 13:26:00,2011-07-24 13:26:00,1,373.1,46,46,373.1
17725,2011-03-17 19:47:00,2011-08-31 10:06:00,8,2507.12,175,8,313.39
17730,2011-01-17 14:49:00,2011-08-25 17:21:00,8,3055.77,234,14,381.97
17731,2011-06-09 14:18:00,2011-08-03 13:39:00,3,963.74,91,36,321.25
17732,2010-12-02 09:29:00,2010-12-02 09:29:00,1,303.97,280,280,303.97
17733,2011-03-23 09:54:00,2011-03-23 09:54:00,1,216.95,169,169,216.95
17734,2011-04-20 10:04:00,2011-07-26 09:20:00,2,540.21,141,44,270.1
17735,2010-12-07 10:32:00,2011-09-07 10:38:00,16,11091.24,275,1,693.2
17736,2011-08-18 14:33:00,2011-08-18 14:33:00,1,307.49,21,21,307.49
17738,2011-03-02 16:26:00,2011-07-14 09:23:00,3,1571.49,190,56,523.83
17739,2010-12-14 14:26:00,2011-05-27 09:15:00,3,1070.77,268,104,356.92
17742,2011-01-11 10:04:00,2011-08-18 15:28:00,2,355.11,240,21,177.56
17744,2010-12-16 14:17:00,2011-04-03 12:46:00,4,1288.96,266,158,322.24
17746,2011-04-13 14:31:00,2011-04-13 14:31:00,1,110.25,148,148,110.25
17747,2011-08-19 08:13:00,2011-08-19 08:13:00,1,71.4,20,20,71.4
17749,2011-03-28 13:39:00,2011-06-14 15:45:00,2,674.52,164,86,337.26
17750,2011-06-28 15:44:00,2011-09-01 17:09:00,5,1188.21,72,7,237.64
17752,2010-12-15 16:19:00,2010-12-15 16:19:00,1,80.64,267,267,80.64
17754,2011-03-24 13:54:00,2011-07-20 15:56:00,2,575.06,168,50,287.53
17757,2010-12-02 17:17:00,2011-08-17 13:04:00,20,3304.6,280,22,165.23
17758,2011-04-03 15:22:00,2011-07-10 15:12:00,4,1433.25,158,60,358.31
17759,2011-06-23 13:35:00,2011-06-23 13:41:00,2,165.9,77,77,82.95
17760,2010-12-01 15:08:00,2010-12-01 15:08:00,1,172.54,281,281,172.54
17763,2011-03-21 14:25:00,2011-03-21 14:25:00,1,15.0,171,171,15.0
17764,2011-05-12 16:11:00,2011-05-12 16:11:00,1,230.67,119,119,230.67
17765,2011-03-28 11:58:00,2011-07-04 12:41:00,3,367.63,164,66,122.54
17768,2011-06-26 13:46:00,2011-06-26 13:46:00,1,385.83,74,74,385.83
17769,2011-01-23 11:15:00,2011-07-24 11:06:00,4,1817.88,228,46,454.47
17770,2011-03-02 13:35:00,2011-05-25 12:34:00,5,1143.27,190,106,228.65
17771,2011-01-20 14:13:00,2011-01-20 14:13:00,1,115.8,231,231,115.8
17774,2011-02-07 13:13:00,2011-09-04 12:49:00,4,1213.73,213,4,303.43
17775,2011-03-30 10:50:00,2011-03-30 10:50:00,1,56.4,162,162,56.4
17777,2011-08-31 14:35:00,2011-08-31 14:35:00,1,189.8,8,8,189.8
17779,2011-07-19 12:19:00,2011-07-19 12:19:00,1,323.09,51,51,323.09
17781,2011-03-31 19:54:00,2011-07-03 16:00:00,2,188.02,161,67,94.01
17783,2011-04-06 10:07:00,2011-04-06 10:07:00,1,112.41,155,155,112.41
17786,2011-01-26 14:35:00,2011-01-26 14:35:00,1,103.35,225,225,103.35
17787,2010-12-03 13:43:00,2011-07-10 11:24:00,4,1817.54,279,60,454.38
17788,2011-08-02 10:38:00,2011-08-02 10:38:00,1,11.75,37,37,11.75
17789,2011-03-03 13:14:00,2011-03-03 13:14:00,1,225.9,189,189,225.9
17790,2010-12-10 10:47:00,2011-08-11 14:54:00,12,1363.51,272,28,113.63
17795,2011-03-20 12:02:00,2011-06-13 12:36:00,2,342.83,172,87,171.42
17796,2010-12-05 12:23:00,2011-01-30 12:42:00,3,614.1,277,221,204.7
17797,2011-06-10 11:29:00,2011-06-10 11:29:00,1,272.41,90,90,272.41
17799,2010-12-13 13:10:00,2011-09-01 14:42:00,9,2514.99,269,7,279.44
17800,2011-01-09 13:50:00,2011-08-14 12:41:00,6,764.3,242,25,127.38
17802,2010-12-02 13:44:00,2011-06-12 14:57:00,2,632.42,280,88,316.21
17809,2010-12-01 09:41:00,2011-08-02 15:40:00,8,2856.71,281,37,357.09
17811,2011-01-10 10:58:00,2011-09-08 13:53:00,24,4827.61,241,0,201.15
17812,2010-12-06 15:27:00,2010-12-06 15:27:00,1,193.3,276,276,193.3
17816,2010-12-09 14:10:00,2011-03-15 14:20:00,2,21.31,273,177,10.66
17817,2011-03-07 17:30:00,2011-03-07 17:42:00,2,269.7,185,185,134.85
17819,2010-12-03 14:26:00,2011-06-10 10:59:00,6,3468.47,279,90,578.08
17827,2010-12-10 10:18:00,2011-04-11 16:56:00,4,1580.47,272,150,395.12
17828,2011-06-08 08:31:00,2011-08-22 09:03:00,3,876.66,92,17,292.22
17829,2011-02-14 12:46:00,2011-02-14 12:46:00,1,889.24,206,206,889.24
17830,2011-02-24 10:15:00,2011-03-23 11:44:00,2,287.65,196,169,143.82
17837,2011-06-29 16:44:00,2011-07-14 18:44:00,3,370.61,71,56,123.54
17838,2010-12-02 15:55:00,2011-02-20 13:52:00,3,1655.0,280,200,551.67
17841,2010-12-01 14:41:00,2011-09-06 14:23:00,80,23121.49,281,2,289.02
17843,2011-02-09 15:33:00,2011-02-09 15:33:00,1,197.73,211,211,197.73
17844,2011-08-25 11:27:00,2011-08-25 11:27:00,1,51.56,14,14,51.56
17848,2010-12-16 18:38:00,2011-08-03 15:14:00,8,821.6,266,36,102.7
17849,2011-01-10 11:59:00,2011-05-05 13:46:00,4,605.8,241,126,151.45
17850,2010-12-01 08:26:00,2010-12-02 15:27:00,34,5391.21,281,280,158.56
17854,2011-04-26 16:53:00,2011-06-07 16:21:00,2,311.26,135,93,155.63
17855,2010-12-02 09:44:00,2010-12-02 09:44:00,1,208.97,280,280,208.97
17856,2011-03-03 11:40:00,2011-04-20 13:13:00,3,1142.63,189,141,380.88
17857,2010-12-09 11:35:00,2011-09-02 11:59:00,14,14254.52,273,6,1018.18
17858,2010-12-05 13:08:00,2011-08-15 14:51:00,9,3641.25,277,24,404.58
17859,2011-02-08 10:32:00,2011-02-08 10:32:00,1,141.92,212,212,141.92
17860,2010-12-06 12:41:00,2010-12-06 12:41:00,1,226.45,276,276,226.45
17861,2011-01-24 11:34:00,2011-07-26 16:55:00,5,1299.49,227,44,259.9
17862,2011-01-20 12:23:00,2011-01-20 12:23:00,1,330.9,231,231,330.9
17863,2010-12-05 13:21:00,2011-07-17 13:48:00,4,1785.28,277,53,446.32
17864,2011-03-09 11:44:00,2011-03-09 11:44:00,1,200.85,183,183,200.85
17865,2010-12-10 14:53:00,2011-08-24 12:32:00,12,7015.24,272,15,584.6
17866,2011-07-20 11:07:00,2011-07-20 11:07:00,1,329.65,50,50,329.65
17867,2011-02-24 12:25:00,2011-07-19 12:42:00,4,957.48,196,51,239.37
17869,2010-12-06 17:16:00,2011-08-24 16:16:00,5,428.18,276,15,85.64
17870,2010-12-08 08:12:00,2011-08-08 10:40:00,6,601.57,274,31,100.26
17871,2011-05-19 11:32:00,2011-05-19 11:32:00,1,155.9,112,112,155.9
17873,2010-12-01 14:54:00,2011-06-08 14:51:00,4,1447.54,281,92,361.88
17874,2011-03-29 11:25:00,2011-06-07 12:54:00,6,683.46,163,93,113.91
17877,2011-06-22 13:00:00,2011-06-22 13:00:00,1,237.61,78,78,237.61
17879,2011-06-19 12:36:00,2011-06-19 12:36:00,1,178.52,81,81,178.52
17880,2010-12-10 10:21:00,2010-12-10 10:21:00,1,458.92,272,272,458.92
17881,2011-02-08 17:16:00,2011-02-08 17:16:00,1,133.35,212,212,133.35
17883,2011-04-07 19:16:00,2011-04-07 19:16:00,1,119.35,154,154,119.35
17884,2010-12-03 12:11:00,2011-02-01 11:08:00,3,590.54,279,219,196.85
17886,2011-04-04 12:34:00,2011-05-13 10:22:00,2,377.71,157,118,188.86
17887,2011-08-02 17:29:00,2011-08-02 17:29:00,1,111.35,37,37,111.35
17888,2010-12-17 13:56:00,2011-07-01 13:17:00,4,297.0,265,69,74.25
17889,2011-01-21 17:14:00,2011-05-11 16:26:00,2,201.37,230,120,100.68
17890,2010-12-13 15:12:00,2011-01-21 11:19:00,2,586.89,269,230,293.44
17891,2011-06-30 20:08:00,2011-06-30 20:08:00,1,203.86,70,70,203.86
17892,2011-07-07 12:56:00,2011-07-07 12:56:00,1,142.1,63,63,142.1
17893,2011-04-28 13:50:00,2011-04-28 13:50:00,1,107.21,133,133,107.21
17894,2010-12-08 14:50:00,2011-09-04 14:36:00,7,995.48,274,4,142.21
17897,2010-12-01 12:31:00,2011-06-20 11:23:00,3,541.81,281,80,180.6
17898,2011-05-16 17:13:00,2011-05-16 17:13:00,1,99.84,115,115,99.84
17899,2011-07-03 14:58:00,2011-07-03 14:58:00,1,154.55,67,67,154.55
17900,2011-06-02 14:28:00,2011-06-02 14:38:00,2,112.2,98,98,56.1
17905,2010-12-01 13:21:00,2011-07-06 10:47:00,3,617.74,281,64,205.91
17906,2011-04-06 17:25:00,2011-04-06 17:25:00,1,72.9,155,155,72.9
17908,2010-12-01 11:45:00,2010-12-01 11:45:00,1,232.03,281,281,232.03
17912,2010-12-10 11:11:00,2011-02-02 14:25:00,5,310.06,272,218,62.01
17913,2010-12-19 11:35:00,2010-12-19 11:35:00,1,218.05,263,263,218.05
17917,2010-12-12 12:08:00,2011-03-28 16:37:00,2,226.71,270,164,113.36
17920,2010-12-01 11:49:00,2011-08-26 13:56:00,9,2316.9,281,13,257.43
17921,2011-03-18 13:19:00,2011-07-14 18:56:00,3,595.47,174,56,198.49
17923,2011-03-02 15:15:00,2011-03-02 15:15:00,1,207.5,190,190,207.5
17924,2010-12-01 10:51:00,2011-02-11 11:38:00,2,502.2,281,209,251.1
17925,2010-12-02 10:10:00,2010-12-02 10:10:00,1,244.08,280,280,244.08
17926,2011-05-20 09:24:00,2011-07-29 14:39:00,2,397.29,111,41,198.64
17928,2011-04-07 18:03:00,2011-04-07 18:03:00,1,78.26,154,154,78.26
17929,2011-02-04 11:40:00,2011-08-19 08:57:00,3,707.0,216,20,235.67
17930,2011-04-14 15:46:00,2011-06-30 18:44:00,2,694.14,147,70,347.07
17931,2011-03-29 12:31:00,2011-07-28 18:33:00,2,408.36,163,42,204.18
17932,2011-05-12 13:58:00,2011-06-19 10:39:00,2,934.51,119,81,467.26
17935,2011-07-21 11:23:00,2011-07-24 13:18:00,2,142.89,49,46,71.44
17937,2010-12-12 14:43:00,2011-08-17 12:10:00,5,3614.52,270,22,722.9
17939,2011-07-03 12:27:00,2011-07-03 12:27:00,1,99.14,67,67,99.14
17940,2011-02-10 09:29:00,2011-08-23 13:30:00,8,1960.18,210,16,245.02
17941,2011-08-01 08:30:00,2011-08-01 08:30:00,1,304.56,38,38,304.56
17946,2011-03-25 14:34:00,2011-04-20 17:00:00,2,149.58,167,141,74.79
17948,2011-07-15 12:58:00,2011-07-15 12:58:00,1,358.56,55,55,358.56
17949,2010-12-03 13:12:00,2011-09-07 14:30:00,32,47729.2,279,1,1491.54
17950,2010-12-09 15:16:00,2010-12-09 15:20:00,2,263.17,273,273,131.58
17951,2010-12-01 12:40:00,2010-12-16 12:55:00,2,409.5,281,266,204.75
17954,2010-12-03 14:18:00,2011-08-08 13:46:00,10,1885.21,279,31,188.52
17955,2011-05-04 12:29:00,2011-05-25 12:00:00,4,557.3,127,106,139.32
17956,2011-04-04 13:47:00,2011-04-04 13:47:00,1,12.75,157,157,12.75
17958,2011-08-15 12:19:00,2011-08-15 12:19:00,1,508.46,24,24,508.46
17960,2011-06-21 14:15:00,2011-06-21 14:15:00,1,73.78,79,79,73.78
17961,2010-12-02 19:18:00,2011-08-08 12:15:00,31,1179.62,280,31,38.05
17962,2011-07-20 14:16:00,2011-07-20 14:16:00,1,102.41,50,50,102.41
17964,2010-12-02 13:32:00,2010-12-02 13:32:00,1,261.76,280,280,261.76
17965,2010-12-05 15:54:00,2011-07-28 15:04:00,10,1887.73,277,42,188.77
17966,2011-03-23 17:25:00,2011-07-11 15:28:00,4,594.43,169,59,148.61
17967,2010-12-03 11:19:00,2010-12-03 11:19:00,1,112.27,279,279,112.27
17968,2010-12-01 12:23:00,2010-12-01 12:23:00,1,265.1,281,281,265.1
17969,2010-12-13 15:34:00,2011-06-26 13:00:00,2,228.2,269,74,114.1
17970,2011-05-12 20:03:00,2011-05-12 20:03:00,1,562.79,119,119,562.79
17972,2011-04-12 12:16:00,2011-04-12 12:16:00,1,135.19,149,149,135.19
17974,2011-05-04 11:50:00,2011-05-04 11:50:00,1,164.07,127,127,164.07
17975,2010-12-08 11:38:00,2011-08-17 10:59:00,11,3947.15,274,22,358.83
17976,2010-12-02 13:49:00,2010-12-02 13:49:00,1,321.79,280,280,321.79
17978,2010-12-09 14:05:00,2010-12-09 14:05:00,1,300.92,273,273,300.92
17979,2011-03-25 11:34:00,2011-06-24 10:44:00,3,494.54,167,76,164.85
17980,2010-12-15 15:50:00,2011-06-27 12:01:00,3,811.45,267,73,270.48
17984,2011-07-17 15:59:00,2011-07-17 15:59:00,1,152.68,53,53,152.68
17987,2011-06-07 14:22:00,2011-06-07 14:22:00,1,198.57,93,93,198.57
17988,2011-01-17 11:59:00,2011-08-14 15:56:00,5,146.0,234,25,29.2
17990,2010-12-13 12:10:00,2011-04-17 11:44:00,3,630.84,269,144,210.28
17991,2011-04-27 16:39:00,2011-04-28 15:58:00,2,93.35,134,133,46.68
17994,2011-02-22 11:02:00,2011-08-10 11:41:00,4,674.89,198,29,168.72
17995,2011-03-03 12:30:00,2011-03-03 12:30:00,1,76.1,189,189,76.1
17997,2011-06-28 17:28:00,2011-09-08 15:16:00,6,1711.75,72,0,285.29
17999,2010-12-08 15:17:00,2010-12-08 15:17:00,1,190.34,274,274,190.34
18004,2010-12-12 13:47:00,2010-12-12 13:47:00,1,157.92,270,270,157.92
18008,2011-01-25 12:26:00,2011-05-20 16:56:00,7,2065.41,226,111,295.06
18009,2011-04-18 13:36:00,2011-04-18 13:36:00,1,247.39,143,143,247.39
18010,2011-03-28 12:27:00,2011-03-28 12:27:00,1,174.8,164,164,174.8
18011,2010-12-01 17:35:00,2010-12-01 17:35:00,1,102.79,281,281,102.79
18013,2011-07-07 14:08:00,2011-07-07 14:11:00,2,187.29,63,63,93.64
18016,2010-12-10 17:14:00,2011-06-06 13:31:00,3,482.86,272,94,160.95
18017,2011-02-02 13:57:00,2011-06-23 15:48:00,2,344.0,218,77,172.0
18018,2011-05-24 13:22:00,2011-08-23 17:37:00,2,122.14,107,16,61.07
18024,2011-07-10 12:28:00,2011-07-10 12:40:00,2,389.78,60,60,194.89
18027,2011-09-02 10:38:00,2011-09-02 10:38:00,1,115.31,6,6,115.31
18032,2011-01-09 15:32:00,2011-01-09 15:32:00,1,73.5,242,242,73.5
18036,2011-04-08 11:26:00,2011-08-26 12:55:00,2,253.69,153,13,126.84
18037,2010-12-12 16:20:00,2011-07-08 13:39:00,6,70.02,270,62,11.67
18040,2011-04-08 08:27:00,2011-04-08 08:27:00,1,239.0,153,153,239.0
18041,2010-12-02 11:21:00,2011-08-28 12:28:00,16,2998.11,280,11,187.38
18043,2010-12-08 12:35:00,2011-05-17 12:40:00,2,421.59,274,114,210.8
18044,2010-12-14 12:25:00,2011-06-26 13:31:00,7,1105.53,268,74,157.93
18048,2011-05-20 14:54:00,2011-05-20 14:58:00,2,172.29,111,111,86.14
18050,2010-12-15 14:25:00,2010-12-15 14:25:00,1,74.4,267,267,74.4
18055,2010-12-05 10:52:00,2011-08-03 12:55:00,7,3672.86,277,36,524.69
18056,2011-02-24 14:27:00,2011-02-24 14:27:00,1,363.65,196,196,363.65
18061,2010-12-08 13:03:00,2011-08-24 08:49:00,8,1793.51,274,15,224.19
18062,2011-01-06 10:03:00,2011-06-19 14:47:00,3,720.52,245,81,240.17
18064,2011-04-18 15:08:00,2011-07-29 16:39:00,2,814.0,143,41,407.0
18065,2010-12-10 12:44:00,2011-06-09 12:27:00,8,1412.15,272,91,176.52
18068,2011-02-23 14:50:00,2011-02-23 14:50:00,1,101.7,197,197,101.7
18069,2011-01-16 15:50:00,2011-06-12 15:14:00,3,978.32,235,88,326.11
18071,2010-12-09 10:33:00,2011-03-27 11:59:00,2,453.0,273,165,226.5
18072,2011-06-07 10:44:00,2011-06-07 10:44:00,1,247.44,93,93,247.44
18073,2011-05-26 19:38:00,2011-08-17 14:02:00,12,3859.82,105,22,321.65
18074,2010-12-01 09:53:00,2010-12-01 09:53:00,1,489.6,281,281,489.6
18075,2010-12-14 10:48:00,2011-08-25 15:10:00,8,1957.75,268,14,244.72
18077,2010-12-08 10:21:00,2011-08-28 12:29:00,7,1622.34,274,11,231.76
18078,2011-03-25 15:08:00,2011-05-06 14:32:00,2,336.13,167,125,168.06
18079,2011-04-15 12:14:00,2011-08-05 11:00:00,2,2206.18,146,34,1103.09
18080,2011-04-11 10:10:00,2011-04-11 10:10:00,1,841.5,150,150,841.5
18081,2011-07-29 11:56:00,2011-08-19 12:23:00,2,208.05,41,20,104.02
18085,2010-12-01 12:08:00,2011-01-13 15:17:00,2,689.95,281,238,344.98
18086,2011-03-10 13:34:00,2011-03-10 13:34:00,1,101.34,182,182,101.34
18087,2011-02-22 10:43:00,2011-02-22 10:43:00,1,3202.92,198,198,3202.92
18092,2010-12-09 10:00:00,2011-08-12 12:37:00,8,5851.48,273,27,731.44
18093,2011-02-10 12:15:00,2011-09-07 15:43:00,4,2106.52,210,1,526.63
18094,2011-02-21 08:50:00,2011-07-26 14:42:00,5,2402.3,199,44,480.46
18095,2011-01-11 12:37:00,2011-01-31 12:50:00,2,580.05,240,220,290.02
18097,2010-12-20 14:49:00,2011-08-05 10:32:00,5,1986.2,262,34,397.24
18099,2011-08-04 15:52:00,2011-08-04 15:52:00,1,168.31,35,35,168.31
18101,2011-07-19 13:05:00,2011-07-19 13:05:00,1,110.23,51,51,110.23
18102,2010-12-07 16:42:00,2011-09-02 11:53:00,27,135450.75,275,6,5016.69
18106,2011-01-14 12:23:00,2011-01-14 12:23:00,1,421.9,237,237,421.9
18108,2011-03-30 13:56:00,2011-03-30 13:56:00,1,271.0,162,162,271.0
18109,2010-12-05 10:58:00,2011-08-21 12:21:00,17,4433.02,277,18,260.77
18112,2011-06-26 13:56:00,2011-06-26 13:56:00,1,196.64,74,74,196.64
18113,2010-12-06 12:31:00,2010-12-06 12:31:00,1,76.32,276,276,76.32
18114,2011-02-22 13:20:00,2011-02-22 13:20:00,1,220.1,198,198,220.1
18116,2010-12-10 12:14:00,2011-04-19 16:14:00,7,1235.95,272,142,176.56
18118,2010-12-05 12:13:00,2011-07-15 10:44:00,18,4061.66,277,55,225.65
18119,2010-12-07 11:59:00,2010-12-07 11:59:00,1,180.7,275,275,180.7
18120,2011-05-09 13:45:00,2011-05-09 13:45:00,1,111.15,122,122,111.15
18121,2011-07-08 12:14:00,2011-07-13 12:53:00,2,653.3,62,57,326.65
18122,2011-07-12 11:37:00,2011-07-12 11:37:00,1,119.19,58,58,119.19
18125,2011-01-27 15:02:00,2011-05-22 11:51:00,3,933.9,224,109,311.3
18127,2011-07-29 10:06:00,2011-07-29 10:06:00,1,139.6,41,41,139.6
18129,2011-04-10 14:16:00,2011-04-10 14:16:00,1,112.55,151,151,112.55
18133,2011-05-11 14:14:00,2011-05-11 14:14:00,1,931.5,120,120,931.5
18135,2011-06-02 14:04:00,2011-06-02 14:04:00,1,109.82,98,98,109.82
18136,2011-01-24 12:08:00,2011-05-12 11:59:00,2,600.85,227,119,300.42
18138,2011-02-17 14:51:00,2011-02-17 14:51:00,1,152.65,203,203,152.65
18142,2011-05-08 12:31:00,2011-07-05 13:19:00,2,1019.52,123,65,509.76
18143,2011-07-21 10:44:00,2011-08-15 12:07:00,2,1000.16,49,24,500.08
18144,2010-12-01 13:45:00,2011-08-22 09:21:00,9,2165.55,281,17,240.62
18145,2011-01-31 12:10:00,2011-05-19 10:38:00,2,1023.78,220,112,511.89
18146,2011-05-03 16:35:00,2011-07-22 12:08:00,2,160.35,128,48,80.18
18147,2011-08-23 12:22:00,2011-08-23 12:22:00,1,98.88,16,16,98.88
18149,2011-03-11 12:44:00,2011-05-08 12:48:00,2,549.68,181,123,274.84
18150,2011-05-22 10:47:00,2011-07-22 15:43:00,2,413.28,109,48,206.64
18151,2011-02-23 08:29:00,2011-07-28 11:35:00,2,653.35,197,42,326.68
18155,2011-02-21 10:36:00,2011-06-22 11:59:00,2,266.56,199,78,133.28
18156,2010-12-05 12:29:00,2010-12-05 12:29:00,1,186.88,277,277,186.88
18159,2011-02-11 14:26:00,2011-02-11 14:26:00,1,530.15,209,209,530.15
18160,2011-05-23 13:41:00,2011-05-23 13:41:00,1,318.55,108,108,318.55
18161,2011-01-24 11:56:00,2011-07-22 13:31:00,3,771.26,227,48,257.09
18165,2011-06-15 13:23:00,2011-06-15 13:23:00,1,302.46,85,85,302.46
18167,2011-08-26 11:40:00,2011-08-26 11:40:00,1,498.48,13,13,498.48
18168,2010-12-02 18:08:00,2011-06-16 19:21:00,6,1160.04,280,84,193.34
18170,2011-05-06 15:13:00,2011-08-19 16:04:00,2,655.51,125,20,327.76
18171,2011-01-10 09:55:00,2011-09-01 16:30:00,4,994.31,241,7,248.58
18172,2011-02-23 10:44:00,2011-09-01 16:50:00,11,5635.28,197,7,512.3
18173,2011-03-10 11:56:00,2011-05-24 14:25:00,3,1728.84,182,107,576.28
18176,2010-12-16 15:45:00,2010-12-16 15:45:00,1,476.35,266,266,476.35
18177,2011-03-29 08:46:00,2011-07-05 10:23:00,5,1037.27,163,65,207.45
18178,2010-12-10 12:42:00,2011-08-03 09:30:00,4,1590.81,272,36,397.7
18179,2011-01-07 14:22:00,2011-04-01 13:21:00,4,1103.16,244,160,275.79
18180,2011-07-20 08:59:00,2011-07-26 08:51:00,2,601.85,50,44,300.92
18183,2011-03-10 10:08:00,2011-04-26 15:26:00,2,632.07,182,135,316.04
18185,2011-04-04 13:42:00,2011-04-04 13:42:00,1,304.25,157,157,304.25
18188,2011-02-22 14:43:00,2011-02-22 14:43:00,1,426.6,198,198,426.6
18189,2011-03-17 09:49:00,2011-03-17 09:49:00,1,633.1,175,175,633.1
18190,2011-01-13 10:35:00,2011-05-31 14:48:00,2,284.46,238,100,142.23
18191,2011-03-23 12:08:00,2011-03-23 12:08:00,1,207.8,169,169,207.8
18193,2011-06-27 13:58:00,2011-06-27 13:58:00,1,243.76,73,73,243.76
18196,2011-02-22 16:13:00,2011-09-05 16:22:00,2,686.63,198,3,343.32
18198,2011-01-07 13:39:00,2011-08-31 11:50:00,14,4427.39,244,8,316.24
18200,2011-08-25 18:45:00,2011-08-25 18:45:00,1,150.35,14,14,150.35
18202,2011-02-01 13:36:00,2011-05-24 12:12:00,3,1396.99,219,107,465.66
18203,2011-07-05 13:07:00,2011-07-05 13:07:00,1,160.42,65,65,160.42
18204,2011-05-31 15:26:00,2011-08-22 09:10:00,2,1358.87,100,17,679.44
18210,2011-03-17 16:58:00,2011-03-17 16:58:00,1,142.4,175,175,142.4
18211,2011-03-06 12:09:00,2011-07-26 12:24:00,2,268.7,186,44,134.35
18212,2011-01-17 16:14:00,2011-01-17 16:14:00,1,216.07,234,234,216.07
18213,2011-04-17 10:21:00,2011-04-17 10:21:00,1,232.48,144,144,232.48
18218,2011-03-03 12:24:00,2011-05-12 12:53:00,2,641.92,189,119,320.96
18219,2010-12-06 10:05:00,2011-07-13 13:33:00,8,1367.13,276,57,170.89
18220,2011-04-27 09:03:00,2011-04-27 09:03:00,1,305.28,134,134,305.28
18221,2011-05-12 14:13:00,2011-08-16 10:50:00,3,706.86,119,23,235.62
18222,2011-09-08 10:45:00,2011-09-08 10:45:00,1,443.0,1,0,443.0
18223,2010-12-16 16:42:00,2011-09-04 11:49:00,11,4036.34,266,4,366.94
18224,2011-03-21 10:30:00,2011-03-21 10:30:00,1,158.95,171,171,158.95
18225,2010-12-09 15:46:00,2011-08-18 17:57:00,7,2730.78,273,21,390.11
18226,2011-01-06 09:00:00,2011-08-11 10:45:00,9,4251.03,245,28,472.34
18227,2011-05-06 12:23:00,2011-05-06 12:23:00,1,93.75,125,125,93.75
18229,2010-12-01 16:25:00,2011-09-07 10:51:00,14,5212.06,281,1,372.29
18230,2011-02-10 13:06:00,2011-09-06 13:20:00,5,2146.36,210,2,429.27
18231,2011-02-24 09:08:00,2011-05-31 14:18:00,5,2071.77,196,100,414.35
18232,2011-05-26 16:30:00,2011-07-05 11:10:00,3,500.62,105,65,166.87
18233,2011-01-18 08:44:00,2011-01-18 08:44:00,1,440.0,233,233,440.0
18235,2011-05-06 13:35:00,2011-08-11 15:56:00,2,749.8,125,28,374.9
18236,2011-04-13 09:52:00,2011-08-02 15:53:00,4,641.19,148,37,160.3
18237,2011-07-28 13:05:00,2011-08-12 12:44:00,2,566.59,42,27,283.3
18239,2010-12-02 17:48:00,2011-05-05 12:38:00,5,1561.61,280,126,312.32
18241,2011-05-06 09:22:00,2011-09-01 14:47:00,11,1349.58,125,7,122.69
18242,2011-05-10 11:20:00,2011-05-27 14:22:00,2,694.08,121,104,347.04
18245,2010-12-19 14:58:00,2011-07-13 14:29:00,6,1672.81,263,57,278.8
18246,2011-04-20 13:55:00,2011-04-20 13:55:00,1,232.9,141,141,232.9
18248,2011-06-06 13:18:00,2011-08-09 10:19:00,2,804.02,94,30,402.01
18250,2011-02-02 13:16:00,2011-02-02 13:16:00,1,349.27,218,218,349.27
18252,2011-06-21 11:47:00,2011-06-21 11:47:00,1,69.9,79,79,69.9
18257,2011-02-16 15:13:00,2011-08-17 14:47:00,5,1562.87,204,22,312.57
18259,2010-12-08 13:38:00,2010-12-08 13:38:00,1,376.3,274,274,376.3
18260,2010-12-16 18:23:00,2011-06-20 12:37:00,6,2628.35,266,80,438.06
18261,2011-09-05 09:34:00,2011-09-05 09:34:00,1,224.8,3,3,224.8
18262,2011-07-22 16:04:00,2011-07-22 16:04:00,1,149.48,48,48,149.48
18263,2011-04-01 11:48:00,2011-07-07 10:04:00,2,811.4,160,63,405.7
18265,2011-07-04 15:26:00,2011-07-04 15:26:00,1,488.55,66,66,488.55
18268,2011-07-28 19:13:00,2011-07-28 19:13:00,1,25.5,42,42,25.5
18269,2010-12-08 13:53:00,2010-12-08 13:53:00,1,168.6,274,274,168.6
18270,2011-03-18 12:41:00,2011-03-18 12:41:00,1,111.95,174,174,111.95
18272,2011-04-07 09:35:00,2011-08-18 12:06:00,4,2106.45,154,21,526.61
18273,2011-03-27 11:22:00,2011-09-05 11:27:00,2,153.0,165,3,76.5
18280,2011-03-07 09:52:00,2011-03-07 09:52:00,1,180.6,185,185,180.6
18281,2011-06-12 10:53:00,2011-06-12 10:53:00,1,80.82,88,88,80.82
18282,2011-08-05 13:35:00,2011-08-05 13:35:00,1,100.21,34,34,100.21
18283,2011-01-06 14:14:00,2011-09-05 12:35:00,10,1080.88,245,3,108.09
18287,2011-05-22 10:39:00,2011-05-22 10:39:00,1,765.28,109,109,765.28
