series_id,date,units_sold,price,marketing_spend,promotion_flag
UCI_15036,2010-12-02,48,0.75,0.0,0
UCI_15036,2010-12-03,15,0.86,0.0,0
UCI_15036,2010-12-05,12,0.75,0.0,0
UCI_15036,2010-12-06,4,1.28,0.0,0
UCI_15036,2010-12-08,13,0.79,0.0,0
UCI_15036,2010-12-09,1,1.28,0.0,0
UCI_15036,2010-12-10,3,1.28,0.0,0
UCI_15036,2010-12-13,4,1.28,0.0,0
UCI_15036,2010-12-14,12,0.75,0.0,0
UCI_15036,2010-12-16,12,0.75,0.0,0
UCI_15036,2010-12-17,7,1.28,0.0,0
UCI_15036,2010-12-20,6,1.28,0.0,0
UCI_15036,2010-12-21,24,0.75,0.0,0
UCI_15036,2011-01-06,13,0.79,0.0,0
UCI_15036,2011-01-07,5,1.28,0.0,0
UCI_15036,2011-01-10,19,1.28,0.0,0
UCI_15036,2011-01-11,12,0.75,0.0,0
UCI_15036,2011-01-12,4,1.28,0.0,0
UCI_15036,2011-01-13,121,0.75,0.0,0
UCI_15036,2011-01-14,3,1.25,0.0,0
UCI_15036,2011-01-17,15,1.25,0.0,0
UCI_15036,2011-01-19,12,0.75,0.0,0
UCI_15036,2011-01-23,12,0.75,0.0,0
UCI_15036,2011-01-24,3,1.25,0.0,0
UCI_15036,2011-01-25,48,0.75,0.0,0
UCI_15036,2011-01-26,12,0.75,0.0,0
UCI_15036,2011-01-27,48,0.75,0.0,0
UCI_15036,2011-01-28,1,1.25,0.0,0
UCI_15036,2011-01-31,649,0.56,0.0,0
UCI_15036,2011-02-01,36,0.75,0.0,0
UCI_15036,2011-02-02,4,1.25,0.0,0
UCI_15036,2011-02-03,12,1.25,0.0,0
UCI_15036,2011-02-04,1212,0.65,0.0,0
UCI_15036,2011-02-08,1,1.63,0.0,0
UCI_15036,2011-02-09,31,1.63,0.0,0
UCI_15036,2011-02-13,36,0.75,0.0,0
UCI_15036,2011-02-14,4,1.63,0.0,0
UCI_15036,2011-02-15,60,0.75,0.0,0
UCI_15036,2011-02-16,637,0.69,0.0,0
UCI_15036,2011-02-17,24,0.75,0.0,0
UCI_15036,2011-02-18,13,0.82,0.0,0
UCI_15036,2011-02-20,24,0.75,0.0,0
UCI_15036,2011-02-22,24,0.75,0.0,0
UCI_15036,2011-02-23,20,1.1,0.0,0
UCI_15036,2011-02-24,36,0.75,0.0,0
UCI_15036,2011-02-25,48,0.75,0.0,0
UCI_15036,2011-02-28,38,0.8,0.0,0
UCI_15036,2011-03-01,16,0.97,0.0,0
UCI_15036,2011-03-03,7,1.63,0.0,0
UCI_15036,2011-03-04,30,1.63,0.0,0
UCI_15036,2011-03-07,45,0.79,0.0,0
UCI_15036,2011-03-08,4,1.63,0.0,0
UCI_15036,2011-03-09,84,0.75,0.0,0
UCI_15036,2011-03-10,224,0.75,0.0,0
UCI_15036,2011-03-13,12,0.75,0.0,0
UCI_15036,2011-03-14,12,0.75,0.0,0
UCI_15036,2011-03-16,48,0.75,0.0,0
UCI_15036,2011-03-17,634,0.7,0.0,0
UCI_15036,2011-03-18,612,0.65,0.0,0
UCI_15036,2011-03-20,36,0.75,0.0,0
UCI_15036,2011-03-21,24,0.75,0.0,0
UCI_15036,2011-03-22,51,1.63,0.0,0
UCI_15036,2011-03-27,24,0.75,0.0,0
UCI_15036,2011-03-28,28,0.88,0.0,0
UCI_15036,2011-03-30,1212,0.69,0.0,0
UCI_15036,2011-03-31,1,1.63,0.0,0
UCI_15036,2011-04-01,12,0.83,0.0,0
UCI_15036,2011-04-04,6,1.63,0.0,0
UCI_15036,2011-04-07,48,0.75,0.0,0
UCI_15036,2011-04-08,93,0.95,0.0,0
UCI_15036,2011-04-11,12,0.83,0.0,0
UCI_15036,2011-04-12,12,0.83,0.0,0
UCI_15036,2011-04-13,684,0.73,0.0,0
UCI_15036,2011-04-14,24,0.83,0.0,0
UCI_15036,2011-04-15,12,0.83,0.0,0
UCI_15036,2011-04-17,120,0.83,0.0,0
UCI_15036,2011-04-18,47,1.02,0.0,0
UCI_15036,2011-04-19,78,0.89,0.0,0
UCI_15036,2011-04-20,48,0.83,0.0,0
UCI_15036,2011-04-21,1,0.83,0.0,0
UCI_15036,2011-04-26,615,0.72,0.0,0
UCI_15036,2011-04-27,94,0.92,0.0,0
UCI_15036,2011-04-28,60,0.72,0.0,0
UCI_15036,2011-05-01,24,0.83,0.0,0
UCI_15036,2011-05-03,221,0.85,0.0,0
UCI_15036,2011-05-05,665,0.74,0.0,0
UCI_15036,2011-05-06,74,0.85,0.0,0
UCI_15036,2011-05-08,12,0.83,0.0,0
UCI_15036,2011-05-09,306,0.83,0.0,0
UCI_15036,2011-05-10,266,0.83,0.0,0
UCI_15036,2011-05-11,70,0.83,0.0,0
UCI_15036,2011-05-12,939,0.71,0.0,0
UCI_15036,2011-05-13,25,0.83,0.0,0
UCI_15036,2011-05-15,12,0.83,0.0,0
UCI_15036,2011-05-16,124,0.84,0.0,0
UCI_15036,2011-05-17,601,0.72,0.0,0
UCI_15036,2011-05-18,720,0.74,0.0,0
UCI_15036,2011-05-19,78,0.89,0.0,0
UCI_15036,2011-05-20,12,0.83,0.0,0
UCI_15036,2011-05-22,108,0.83,0.0,0
UCI_15036,2011-05-23,60,0.83,0.0,0
UCI_15036,2011-05-24,118,1.47,0.0,0
UCI_15036,2011-05-25,15,1.63,0.0,0
UCI_15036,2011-05-26,144,0.83,0.0,0
UCI_15036,2011-05-27,48,0.83,0.0,0
UCI_15036,2011-05-29,12,0.83,0.0,0
UCI_15036,2011-05-31,30,1.63,0.0,0
UCI_15036,2011-06-01,26,0.89,0.0,0
UCI_15036,2011-06-02,97,0.77,0.0,0
UCI_15036,2011-06-03,40,0.91,0.0,0
UCI_15036,2011-06-06,27,0.92,0.0,0
UCI_15036,2011-06-07,136,1.35,0.0,0
UCI_15036,2011-06-08,672,0.67,0.0,0
UCI_15036,2011-06-09,762,0.75,0.0,0
UCI_15036,2011-06-10,1,1.63,0.0,0
UCI_15036,2011-06-12,12,0.83,0.0,0
UCI_15036,2011-06-13,83,0.94,0.0,0
UCI_15036,2011-06-14,68,1.63,0.0,0
UCI_15036,2011-06-15,12,0.83,0.0,0
UCI_15036,2011-06-16,1026,0.77,0.0,0
UCI_15036,2011-06-17,36,0.83,0.0,0
UCI_15036,2011-06-19,60,0.83,0.0,0
UCI_15036,2011-06-20,18,1.1,0.0,0
UCI_15036,2011-06-21,38,1.12,0.0,0
UCI_15036,2011-06-22,36,0.83,0.0,0
UCI_15036,2011-06-23,49,0.85,0.0,0
UCI_15036,2011-06-24,16,1.03,0.0,0
UCI_15036,2011-06-26,12,0.83,0.0,0
UCI_15036,2011-06-27,72,0.83,0.0,0
UCI_15036,2011-06-28,12,0.83,0.0,0
UCI_15036,2011-06-29,5,1.63,0.0,0
UCI_15036,2011-06-30,30,0.99,0.0,0
UCI_15036,2011-07-01,24,0.83,0.0,0
UCI_15036,2011-07-03,24,0.83,0.0,0
UCI_15036,2011-07-04,35,1.08,0.0,0
UCI_15036,2011-07-05,1846,0.73,0.0,0
UCI_15036,2011-07-06,38,0.87,0.0,0
UCI_15036,2011-07-07,19,1.12,0.0,0
UCI_15036,2011-07-11,156,0.83,0.0,0
UCI_15036,2011-07-12,36,0.83,0.0,0
UCI_15036,2011-07-14,97,0.84,0.0,0
UCI_15036,2011-07-15,3,1.63,0.0,0
UCI_15036,2011-07-17,60,0.83,0.0,0
UCI_15036,2011-07-18,173,0.85,0.0,0
UCI_15036,2011-07-19,12,0.83,0.0,0
UCI_15036,2011-07-20,73,1.1,0.0,0
UCI_15036,2011-07-21,72,0.83,0.0,0
UCI_15036,2011-07-22,24,0.83,0.0,0
UCI_15036,2011-07-24,156,0.83,0.0,0
UCI_15036,2011-07-25,9,1.63,0.0,0
UCI_15036,2011-07-26,5,1.63,0.0,0
UCI_15036,2011-07-29,624,0.72,0.0,0
UCI_15036,2011-08-01,48,0.83,0.0,0
UCI_15036,2011-08-02,12,0.83,0.0,0
UCI_15036,2011-08-04,745,0.74,0.0,0
UCI_15036,2011-08-05,114,1.46,0.0,0
UCI_15036,2011-08-07,24,0.83,0.0,0
UCI_15036,2011-08-08,17,1.07,0.0,0
UCI_15036,2011-08-09,3,1.63,0.0,0
UCI_15036,2011-08-10,50,0.86,0.0,0
UCI_15036,2011-08-11,48,0.83,0.0,0
UCI_15036,2011-08-12,150,0.86,0.0,0
UCI_15036,2011-08-16,12,0.83,0.0,0
UCI_15036,2011-08-17,12,0.83,0.0,0
UCI_15036,2011-08-18,24,0.83,0.0,0
UCI_15036,2011-08-21,12,0.83,0.0,0
UCI_15036,2011-08-23,24,0.83,0.0,0
UCI_15036,2011-08-25,12,0.83,0.0,0
UCI_15036,2011-08-28,24,0.83,0.0,0
UCI_15036,2011-08-30,93,1.63,0.0,0
UCI_15036,2011-08-31,3,1.63,0.0,0
UCI_15036,2011-09-01,48,0.72,0.0,0
UCI_15036,2011-09-02,13,1.63,0.0,0
UCI_15036,2011-09-04,24,0.83,0.0,0
UCI_15036,2011-09-06,24,0.83,0.0,0
UCI_15036,2011-09-07,17,1.07,0.0,0
UCI_15036,2011-09-08,126,0.87,0.0,0
UCI_15036,2011-09-09,48,0.83,0.0,0
UCI_15036,2011-09-12,12,0.83,0.0,0
UCI_15036,2011-09-13,40,0.91,0.0,0
UCI_15036,2011-09-14,12,0.83,0.0,0
UCI_15036,2011-09-20,24,0.83,0.0,0
UCI_15036,2011-09-21,45,0.99,0.0,0
UCI_15036,2011-09-22,24,0.83,0.0,0
UCI_15036,2011-09-27,2,1.63,0.0,0
UCI_15036,2011-09-28,14,0.94,0.0,0
UCI_15036,2011-09-29,14,0.94,0.0,0
UCI_15036,2011-10-03,96,0.83,0.0,0
UCI_15036,2011-10-04,601,0.72,0.0,0
UCI_15036,2011-10-05,12,0.83,0.0,0
UCI_15036,2011-10-06,12,0.83,0.0,0
UCI_15036,2011-10-10,62,0.86,0.0,0
UCI_15036,2011-10-11,16,1.03,0.0,0
UCI_15036,2011-10-12,36,0.83,0.0,0
UCI_15036,2011-10-13,84,0.83,0.0,0
UCI_15036,2011-10-14,26,0.89,0.0,0
UCI_15036,2011-10-17,87,0.86,0.0,0
UCI_15036,2011-10-18,5,1.63,0.0,0
UCI_15036,2011-10-19,18,1.1,0.0,0
UCI_15036,2011-10-20,48,0.83,0.0,0
UCI_15036,2011-10-21,36,0.83,0.0,0
UCI_15036,2011-10-24,4,1.63,0.0,0
UCI_15036,2011-10-25,25,0.86,0.0,0
UCI_15036,2011-10-27,24,0.83,0.0,0
UCI_15036,2011-10-30,48,0.83,0.0,0
UCI_15036,2011-10-31,15,1.63,0.0,0
UCI_15036,2011-11-01,36,0.83,0.0,0
UCI_15036,2011-11-02,27,0.92,0.0,0
UCI_15036,2011-11-03,3,1.63,0.0,0
UCI_15036,2011-11-04,2,1.63,0.0,0
UCI_15036,2011-11-08,9,1.63,0.0,0
UCI_15036,2011-11-09,48,0.83,0.0,0
UCI_15036,2011-11-10,12,0.83,0.0,0
UCI_15036,2011-11-11,14,0.94,0.0,0
UCI_15036,2011-11-13,24,0.83,0.0,0
UCI_15036,2011-11-15,30,0.99,0.0,0
UCI_15036,2011-11-16,61,0.84,0.0,0
UCI_15036,2011-11-17,1,1.63,0.0,0
UCI_15036,2011-11-18,12,0.83,0.0,0
UCI_15036,2011-11-21,24,0.83,0.0,0
UCI_15036,2011-11-22,2,1.63,0.0,0
UCI_15036,2011-11-23,84,0.83,0.0,0
UCI_15036,2011-11-24,113,0.87,0.0,0
UCI_15036,2011-11-25,14,0.94,0.0,0
UCI_15036,2011-11-28,84,0.83,0.0,0
UCI_15036,2011-11-29,2,1.63,0.0,0
UCI_15036,2011-11-30,2,1.63,0.0,0
UCI_15036,2011-12-01,1,1.63,0.0,0
UCI_15036,2011-12-02,54,0.92,0.0,0
UCI_15036,2011-12-05,5,1.63,0.0,0
UCI_15036,2011-12-08,8,1.63,0.0,0
UCI_15036,2011-12-09,1,1.63,0.0,0
UCI_17003,2010-12-01,39,0.23,0.0,0
UCI_17003,2010-12-02,36,0.21,0.0,0
UCI_17003,2010-12-05,723,0.16,0.0,0
UCI_17003,2010-12-06,185,0.22,0.0,0
UCI_17003,2010-12-07,3,0.43,0.0,0
UCI_17003,2010-12-09,39,0.23,0.0,0
UCI_17003,2010-12-10,36,0.21,0.0,0
UCI_17003,2010-12-13,17,0.43,0.0,0
UCI_17003,2010-12-15,36,0.21,0.0,0
UCI_17003,2010-12-16,36,0.21,0.0,0
UCI_17003,2010-12-17,1,0.43,0.0,0
UCI_17003,2011-01-05,828,0.17,0.0,0
UCI_17003,2011-01-09,36,0.21,0.0,0
UCI_17003,2011-01-10,2,0.43,0.0,0
UCI_17003,2011-01-12,6,0.21,0.0,0
UCI_17003,2011-01-17,3,0.42,0.0,0
UCI_17003,2011-01-18,720,0.16,0.0,0
UCI_17003,2011-01-19,36,0.21,0.0,0
UCI_17003,2011-01-20,72,0.21,0.0,0
UCI_17003,2011-01-26,1440,0.16,0.0,0
UCI_17003,2011-01-31,38,0.22,0.0,0
UCI_17003,2011-02-01,36,0.21,0.0,0
UCI_17003,2011-02-02,72,0.21,0.0,0
UCI_17003,2011-02-14,36,0.29,0.0,0
UCI_17003,2011-02-15,36,0.29,0.0,0
UCI_17003,2011-02-17,38,0.3,0.0,0
UCI_17003,2011-02-18,36,0.29,0.0,0
UCI_17003,2011-02-20,144,0.29,0.0,0
UCI_17003,2011-03-01,108,0.29,0.0,0
UCI_17003,2011-03-02,36,0.29,0.0,0
UCI_17003,2011-03-09,144,0.29,0.0,0
UCI_17003,2011-03-13,108,0.29,0.0,0
UCI_17003,2011-03-15,36,0.29,0.0,0
UCI_17003,2011-03-16,720,0.25,0.0,0
UCI_17003,2011-03-17,720,0.25,0.0,0
UCI_17003,2011-03-18,720,0.25,0.0,0
UCI_17003,2011-03-21,12,0.29,0.0,0
UCI_17003,2011-03-23,36,0.29,0.0,0
UCI_17003,2011-03-29,756,0.25,0.0,0
UCI_17003,2011-04-03,13,0.29,0.0,0
UCI_17003,2011-04-05,110,0.3,0.0,0
UCI_17003,2011-04-06,36,0.29,0.0,0
UCI_17003,2011-04-11,1,0.29,0.0,0
UCI_17003,2011-04-14,36,0.29,0.0,0
UCI_17003,2011-04-15,36,0.29,0.0,0
UCI_17003,2011-04-19,7,0.63,0.0,0
UCI_17003,2011-04-21,4,0.63,0.0,0
UCI_17003,2011-04-26,15,0.31,0.0,0
UCI_17003,2011-04-27,108,0.29,0.0,0
UCI_17003,2011-04-28,144,0.25,0.0,0
UCI_17003,2011-05-03,6,0.29,0.0,0
UCI_17003,2011-05-04,36,0.29,0.0,0
UCI_17003,2011-05-06,36,0.29,0.0,0
UCI_17003,2011-05-09,24,0.29,0.0,0
UCI_17003,2011-05-12,144,0.29,0.0,0
UCI_17003,2011-05-13,342,0.29,0.0,0
UCI_17003,2011-05-16,36,0.29,0.0,0
UCI_17003,2011-05-18,756,0.25,0.0,0
UCI_17003,2011-05-23,720,0.25,0.0,0
UCI_17003,2011-05-24,1,0.29,0.0,0
UCI_17003,2011-05-25,72,0.29,0.0,0
UCI_17003,2011-05-31,36,0.29,0.0,0
UCI_17003,2011-06-01,324,0.29,0.0,0
UCI_17003,2011-06-07,85,0.29,0.0,0
UCI_17003,2011-06-08,756,0.25,0.0,0
UCI_17003,2011-06-09,36,0.29,0.0,0
UCI_17003,2011-06-12,36,0.29,0.0,0
UCI_17003,2011-06-15,720,0.21,0.0,0
UCI_17003,2011-06-19,117,0.29,0.0,0
UCI_17003,2011-06-21,144,0.29,0.0,0
UCI_17003,2011-06-22,720,0.25,0.0,0
UCI_17003,2011-06-27,14,0.29,0.0,0
UCI_17003,2011-06-29,38,0.31,0.0,0
UCI_17003,2011-07-01,36,0.29,0.0,0
UCI_17003,2011-07-04,180,0.29,0.0,0
UCI_17003,2011-07-06,36,0.29,0.0,0
UCI_17003,2011-07-07,30,0.29,0.0,0
UCI_17003,2011-07-10,72,0.29,0.0,0
UCI_17003,2011-07-12,36,0.29,0.0,0
UCI_17003,2011-07-14,36,0.29,0.0,0
UCI_17003,2011-07-15,216,0.29,0.0,0
UCI_17003,2011-07-17,724,0.25,0.0,0
UCI_17003,2011-07-19,144,0.29,0.0,0
UCI_17003,2011-07-20,36,0.29,0.0,0
UCI_17003,2011-07-21,1,0.29,0.0,0
UCI_17003,2011-07-24,108,0.29,0.0,0
UCI_17003,2011-07-26,149,0.3,0.0,0
UCI_17003,2011-08-01,36,0.29,0.0,0
UCI_17003,2011-08-02,1,0.63,0.0,0
UCI_17003,2011-08-03,36,0.29,0.0,0
UCI_17003,2011-08-05,1,0.63,0.0,0
UCI_17003,2011-08-07,36,0.29,0.0,0
UCI_17003,2011-08-10,36,0.29,0.0,0
UCI_17003,2011-08-11,36,0.29,0.0,0
UCI_17003,2011-08-12,72,0.29,0.0,0
UCI_17003,2011-08-16,42,0.29,0.0,0
UCI_17003,2011-08-18,36,0.29,0.0,0
UCI_17003,2011-08-23,108,0.29,0.0,0
UCI_17003,2011-08-24,760,0.25,0.0,0
UCI_17003,2011-08-25,36,0.29,0.0,0
UCI_17003,2011-08-28,36,0.29,0.0,0
UCI_17003,2011-08-30,2,0.63,0.0,0
UCI_17003,2011-08-31,180,0.29,0.0,0
UCI_17003,2011-09-01,108,0.25,0.0,0
UCI_17003,2011-09-02,1,0.83,0.0,0
UCI_17003,2011-09-07,72,0.39,0.0,0
UCI_17003,2011-09-08,108,0.39,0.0,0
UCI_17003,2011-09-14,1,0.83,0.0,0
UCI_17003,2011-09-15,72,0.39,0.0,0
UCI_17003,2011-09-16,36,0.39,0.0,0
UCI_17003,2011-09-19,720,0.32,0.0,0
UCI_17003,2011-09-22,108,0.39,0.0,0
UCI_17003,2011-09-25,29,0.39,0.0,0
UCI_17003,2011-09-26,108,0.39,0.0,0
UCI_17003,2011-09-28,760,0.17,0.0,0
UCI_17003,2011-09-29,36,0.39,0.0,0
UCI_17003,2011-10-02,27,0.39,0.0,0
UCI_17003,2011-10-03,36,0.39,0.0,0
UCI_17003,2011-10-05,36,0.39,0.0,0
UCI_17003,2011-10-07,252,0.39,0.0,0
UCI_17003,2011-10-09,52,0.39,0.0,0
UCI_17003,2011-10-10,36,0.39,0.0,0
UCI_17003,2011-10-14,36,0.39,0.0,0
UCI_17003,2011-10-18,108,0.34,0.0,0
UCI_17003,2011-10-20,36,0.39,0.0,0
UCI_17003,2011-10-23,60,0.39,0.0,0
UCI_17003,2011-10-25,54,0.39,0.0,0
UCI_17003,2011-10-27,1476,0.29,0.0,0
UCI_17003,2011-10-30,154,0.39,0.0,0
UCI_17003,2011-10-31,37,0.4,0.0,0
UCI_17003,2011-11-04,27,0.39,0.0,0
UCI_17003,2011-11-06,36,0.39,0.0,0
UCI_17003,2011-11-09,9,0.39,0.0,0
UCI_17003,2011-11-10,36,0.39,0.0,0
UCI_17003,2011-11-13,64,0.39,0.0,0
UCI_17003,2011-11-14,190,0.41,0.0,0
UCI_17003,2011-11-16,87,0.39,0.0,0
UCI_17003,2011-11-18,2,0.39,0.0,0
UCI_17003,2011-11-20,36,0.39,0.0,0
UCI_17003,2011-11-21,108,0.39,0.0,0
UCI_17003,2011-11-22,130,0.41,0.0,0
UCI_17003,2011-11-23,4,0.63,0.0,0
UCI_17003,2011-11-24,51,0.39,0.0,0
UCI_17003,2011-11-25,37,0.39,0.0,0
UCI_17003,2011-11-27,144,0.39,0.0,0
UCI_17003,2011-11-29,38,0.41,0.0,0
UCI_17003,2011-11-30,72,0.39,0.0,0
UCI_17003,2011-12-01,14,0.42,0.0,0
UCI_17003,2011-12-02,1,0.83,0.0,0
UCI_17003,2011-12-04,5,0.39,0.0,0
UCI_17003,2011-12-05,17,0.4,0.0,0
UCI_17003,2011-12-06,114,0.39,0.0,0
UCI_17003,2011-12-07,70,0.39,0.0,0
UCI_17003,2011-12-08,76,0.41,0.0,0
UCI_20724,2010-12-01,4,1.66,0.0,0
UCI_20724,2010-12-02,21,0.85,0.0,0
UCI_20724,2010-12-03,39,1.51,0.0,0
UCI_20724,2010-12-05,27,0.85,0.0,0
UCI_20724,2010-12-06,12,1.32,0.0,0
UCI_20724,2010-12-07,80,2.3,0.0,0
UCI_20724,2010-12-08,47,0.97,0.0,0
UCI_20724,2010-12-09,16,1.0,0.0,0
UCI_20724,2010-12-10,118,1.89,0.0,0
UCI_20724,2010-12-12,11,0.85,0.0,0
UCI_20724,2010-12-13,28,1.08,0.0,0
UCI_20724,2010-12-14,105,2.27,0.0,0
UCI_20724,2010-12-15,21,0.85,0.0,0
UCI_20724,2010-12-16,30,0.85,0.0,0
UCI_20724,2010-12-17,26,1.04,0.0,0
UCI_20724,2010-12-20,22,0.81,0.0,0
UCI_20724,2010-12-21,135,2.51,0.0,0
UCI_20724,2010-12-22,10,0.85,0.0,0
UCI_20724,2010-12-23,4,2.51,0.0,0
UCI_20724,2011-01-04,40,0.85,0.0,0
UCI_20724,2011-01-05,1,1.66,0.0,0
UCI_20724,2011-01-06,56,1.89,0.0,0
UCI_20724,2011-01-07,131,0.76,0.0,0
UCI_20724,2011-01-09,50,0.85,0.0,0
UCI_20724,2011-01-10,25,1.01,0.0,0
UCI_20724,2011-01-11,60,2.45,0.0,0
UCI_20724,2011-01-12,16,1.0,0.0,0
UCI_20724,2011-01-13,32,0.9,0.0,0
UCI_20724,2011-01-14,242,0.93,0.0,0
UCI_20724,2011-01-16,10,0.85,0.0,0
UCI_20724,2011-01-17,13,1.03,0.0,0
UCI_20724,2011-01-18,48,2.11,0.0,0
UCI_20724,2011-01-19,21,0.89,0.0,0
UCI_20724,2011-01-20,2,1.63,0.0,0
UCI_20724,2011-01-21,42,2.3,0.0,0
UCI_20724,2011-01-24,23,0.85,0.0,0
UCI_20724,2011-01-25,47,2.12,0.0,0
UCI_20724,2011-01-26,20,0.85,0.0,0
UCI_20724,2011-01-27,10,0.85,0.0,0
UCI_20724,2011-01-28,42,1.63,0.0,0
UCI_20724,2011-01-31,24,1.79,0.0,0
UCI_20724,2011-02-01,70,0.85,0.0,0
UCI_20724,2011-02-02,1,1.63,0.0,0
UCI_20724,2011-02-03,60,0.85,0.0,0
UCI_20724,2011-02-04,36,2.44,0.0,0
UCI_20724,2011-02-06,120,0.74,0.0,0
UCI_20724,2011-02-07,1,1.63,0.0,0
UCI_20724,2011-02-08,71,1.73,0.0,0
UCI_20724,2011-02-09,107,0.78,0.0,0
UCI_20724,2011-02-11,28,1.88,0.0,0
UCI_20724,2011-02-13,10,0.85,0.0,0
UCI_20724,2011-02-14,16,0.85,0.0,0
UCI_20724,2011-02-15,2,1.63,0.0,0
UCI_20724,2011-02-16,31,0.88,0.0,0
UCI_20724,2011-02-17,37,1.48,0.0,0
UCI_20724,2011-02-18,11,0.92,0.0,0
UCI_20724,2011-02-20,100,0.72,0.0,0
UCI_20724,2011-02-21,210,0.73,0.0,0
UCI_20724,2011-02-22,10,0.85,0.0,0
UCI_20724,2011-02-23,42,2.09,0.0,0
UCI_20724,2011-02-24,31,0.88,0.0,0
UCI_20724,2011-02-25,33,1.48,0.0,0
UCI_20724,2011-02-27,100,0.72,0.0,0
UCI_20724,2011-02-28,49,0.87,0.0,0
UCI_20724,2011-03-01,100,0.72,0.0,0
UCI_20724,2011-03-02,20,0.85,0.0,0
UCI_20724,2011-03-03,15,0.85,0.0,0
UCI_20724,2011-03-04,22,0.92,0.0,0
UCI_20724,2011-03-06,17,0.85,0.0,0
UCI_20724,2011-03-07,81,2.25,0.0,0
UCI_20724,2011-03-08,49,0.88,0.0,0
UCI_20724,2011-03-09,26,1.03,0.0,0
UCI_20724,2011-03-10,113,0.74,0.0,0
UCI_20724,2011-03-11,55,2.15,0.0,0
UCI_20724,2011-03-13,2,0.85,0.0,0
UCI_20724,2011-03-14,5,0.85,0.0,0
UCI_20724,2011-03-15,65,2.04,0.0,0
UCI_20724,2011-03-17,76,0.78,0.0,0
UCI_20724,2011-03-18,36,2.01,0.0,0
UCI_20724,2011-03-21,36,0.85,0.0,0
UCI_20724,2011-03-22,148,1.21,0.0,0
UCI_20724,2011-03-23,120,0.74,0.0,0
UCI_20724,2011-03-24,10,0.85,0.0,0
UCI_20724,2011-03-25,50,0.85,0.0,0
UCI_20724,2011-03-28,36,0.94,0.0,0
UCI_20724,2011-03-29,378,1.66,0.0,0
UCI_20724,2011-03-30,20,0.85,0.0,0
UCI_20724,2011-03-31,58,1.93,0.0,0
UCI_20724,2011-04-01,10,0.85,0.0,0
UCI_20724,2011-04-04,33,0.92,0.0,0
UCI_20724,2011-04-05,3,0.85,0.0,0
UCI_20724,2011-04-06,62,2.46,0.0,0
UCI_20724,2011-04-07,26,0.85,0.0,0
UCI_20724,2011-04-08,41,0.87,0.0,0
UCI_20724,2011-04-10,13,0.85,0.0,0
UCI_20724,2011-04-11,58,1.77,0.0,0
UCI_20724,2011-04-12,10,0.85,0.0,0
UCI_20724,2011-04-13,10,0.85,0.0,0
UCI_20724,2011-04-14,108,0.73,0.0,0
UCI_20724,2011-04-15,83,1.88,0.0,0
UCI_20724,2011-04-17,1,0.85,0.0,0
UCI_20724,2011-04-18,41,1.0,0.0,0
UCI_20724,2011-04-19,30,1.03,0.0,0
UCI_20724,2011-04-20,62,1.68,0.0,0
UCI_20724,2011-04-21,61,0.85,0.0,0
UCI_20724,2011-04-26,36,1.54,0.0,0
UCI_20724,2011-04-27,77,0.8,0.0,0
UCI_20724,2011-04-28,112,0.73,0.0,0
UCI_20724,2011-05-03,88,1.72,0.0,0
UCI_20724,2011-05-04,12,0.85,0.0,0
UCI_20724,2011-05-05,51,0.87,0.0,0
UCI_20724,2011-05-06,15,1.11,0.0,0
UCI_20724,2011-05-08,5,0.85,0.0,0
UCI_20724,2011-05-09,122,0.76,0.0,0
UCI_20724,2011-05-10,115,1.76,0.0,0
UCI_20724,2011-05-11,1,1.63,0.0,0
UCI_20724,2011-05-12,320,0.73,0.0,0
UCI_20724,2011-05-13,52,1.84,0.0,0
UCI_20724,2011-05-16,52,0.88,0.0,0
UCI_20724,2011-05-17,54,1.57,0.0,0
UCI_20724,2011-05-18,20,0.85,0.0,0
UCI_20724,2011-05-19,12,1.17,0.0,0
UCI_20724,2011-05-20,31,0.88,0.0,0
UCI_20724,2011-05-22,33,0.85,0.0,0
UCI_20724,2011-05-23,24,0.88,0.0,0
UCI_20724,2011-05-24,10,1.08,0.0,0
UCI_20724,2011-05-25,16,0.9,0.0,0
UCI_20724,2011-05-26,26,0.85,0.0,0
UCI_20724,2011-05-27,93,2.08,0.0,0
UCI_20724,2011-05-29,17,0.85,0.0,0
UCI_20724,2011-05-31,61,1.4,0.0,0
UCI_20724,2011-06-01,114,0.76,0.0,0
UCI_20724,2011-06-03,22,0.92,0.0,0
UCI_20724,2011-06-05,47,0.85,0.0,0
UCI_20724,2011-06-07,152,0.77,0.0,0
UCI_20724,2011-06-08,84,2.21,0.0,0
UCI_20724,2011-06-09,11,0.92,0.0,0
UCI_20724,2011-06-10,151,1.03,0.0,0
UCI_20724,2011-06-12,156,0.77,0.0,0
UCI_20724,2011-06-14,37,2.05,0.0,0
UCI_20724,2011-06-15,20,0.85,0.0,0
UCI_20724,2011-06-16,42,0.89,0.0,0
UCI_20724,2011-06-17,58,1.49,0.0,0
UCI_20724,2011-06-19,2,0.85,0.0,0
UCI_20724,2011-06-20,28,0.88,0.0,0
UCI_20724,2011-06-21,54,1.27,0.0,0
UCI_20724,2011-06-22,20,0.85,0.0,0
UCI_20724,2011-06-23,28,0.93,0.0,0
UCI_20724,2011-06-24,222,0.74,0.0,0
UCI_20724,2011-06-26,6,0.85,0.0,0
UCI_20724,2011-06-27,9,1.02,0.0,0
UCI_20724,2011-06-28,383,0.97,0.0,0
UCI_20724,2011-06-29,112,0.89,0.0,0
UCI_20724,2011-06-30,14,1.02,0.0,0
UCI_20724,2011-07-01,60,0.85,0.0,0
UCI_20724,2011-07-03,20,0.85,0.0,0
UCI_20724,2011-07-04,16,1.14,0.0,0
UCI_20724,2011-07-05,105,1.81,0.0,0
UCI_20724,2011-07-06,23,0.88,0.0,0
UCI_20724,2011-07-07,26,0.94,0.0,0
UCI_20724,2011-07-08,74,1.37,0.0,0
UCI_20724,2011-07-10,1,0.85,0.0,0
UCI_20724,2011-07-11,11,0.92,0.0,0
UCI_20724,2011-07-12,51,1.72,0.0,0
UCI_20724,2011-07-13,45,0.87,0.0,0
UCI_20724,2011-07-14,26,0.88,0.0,0
UCI_20724,2011-07-15,1,1.63,0.0,0
UCI_20724,2011-07-17,2,0.85,0.0,0
UCI_20724,2011-07-18,6,1.24,0.0,0
UCI_20724,2011-07-19,27,1.21,0.0,0
UCI_20724,2011-07-20,126,0.77,0.0,0
UCI_20724,2011-07-22,49,1.72,0.0,0
UCI_20724,2011-07-24,131,0.75,0.0,0
UCI_20724,2011-07-25,122,0.81,0.0,0
UCI_20724,2011-07-26,51,1.47,0.0,0
UCI_20724,2011-07-27,52,0.88,0.0,0
UCI_20724,2011-07-28,17,0.85,0.0,0
UCI_20724,2011-07-29,30,0.85,0.0,0
UCI_20724,2011-07-31,14,0.85,0.0,0
UCI_20724,2011-08-01,10,0.85,0.0,0
UCI_20724,2011-08-02,149,1.59,0.0,0
UCI_20724,2011-08-03,2,1.63,0.0,0
UCI_20724,2011-08-04,278,0.76,0.0,0
UCI_20724,2011-08-05,40,0.85,0.0,0
UCI_20724,2011-08-07,26,0.85,0.0,0
UCI_20724,2011-08-08,40,0.78,0.0,0
UCI_20724,2011-08-09,231,0.74,0.0,0
UCI_20724,2011-08-10,134,1.84,0.0,0
UCI_20724,2011-08-11,10,0.85,0.0,0
UCI_20724,2011-08-14,10,0.85,0.0,0
UCI_20724,2011-08-15,20,0.85,0.0,0
UCI_20724,2011-08-16,58,2.32,0.0,0
UCI_20724,2011-08-17,3,0.85,0.0,0
UCI_20724,2011-08-18,210,0.79,0.0,0
UCI_20724,2011-08-19,40,0.85,0.0,0
UCI_20724,2011-08-22,40,0.85,0.0,0
UCI_20724,2011-08-23,16,0.85,0.0,0
UCI_20724,2011-08-24,224,1.61,0.0,0
UCI_20724,2011-08-25,35,0.85,0.0,0
UCI_20724,2011-08-26,247,0.89,0.0,0
UCI_20724,2011-08-30,27,2.03,0.0,0
UCI_20724,2011-08-31,12,0.98,0.0,0
UCI_20724,2011-09-01,6,0.85,0.0,0
UCI_20724,2011-09-02,60,1.41,0.0,0
UCI_20724,2011-09-04,15,0.85,0.0,0
UCI_20724,2011-09-05,51,0.87,0.0,0
UCI_20724,2011-09-06,47,2.39,0.0,0
UCI_20724,2011-09-07,120,0.77,0.0,0
UCI_20724,2011-09-08,52,0.86,0.0,0
UCI_20724,2011-09-09,104,1.8,0.0,0
UCI_20724,2011-09-11,206,0.72,0.0,0
UCI_20724,2011-09-12,40,0.85,0.0,0
UCI_20724,2011-09-13,65,1.72,0.0,0
UCI_20724,2011-09-14,106,0.73,0.0,0
UCI_20724,2011-09-15,65,0.86,0.0,0
UCI_20724,2011-09-16,48,2.12,0.0,0
UCI_20724,2011-09-18,30,0.85,0.0,0
UCI_20724,2011-09-19,125,0.75,0.0,0
UCI_20724,2011-09-20,75,1.58,0.0,0
UCI_20724,2011-09-21,117,0.79,0.0,0
UCI_20724,2011-09-22,150,0.76,0.0,0
UCI_20724,2011-09-23,127,1.41,0.0,0
UCI_20724,2011-09-25,20,0.85,0.0,0
UCI_20724,2011-09-26,30,0.85,0.0,0
UCI_20724,2011-09-27,63,1.9,0.0,0
UCI_20724,2011-09-28,48,0.77,0.0,0
UCI_20724,2011-09-29,66,0.86,0.0,0
UCI_20724,2011-09-30,2,1.63,0.0,0
UCI_20724,2011-10-02,27,0.85,0.0,0
UCI_20724,2011-10-03,34,0.94,0.0,0
UCI_20724,2011-10-04,108,1.92,0.0,0
UCI_20724,2011-10-05,43,0.87,0.0,0
UCI_20724,2011-10-06,73,0.85,0.0,0
UCI_20724,2011-10-07,74,1.71,0.0,0
UCI_20724,2011-10-10,28,1.04,0.0,0
UCI_20724,2011-10-11,93,1.72,0.0,0
UCI_20724,2011-10-12,47,0.87,0.0,0
UCI_20724,2011-10-13,72,0.89,0.0,0
UCI_20724,2011-10-14,68,1.75,0.0,0
UCI_20724,2011-10-16,3,0.85,0.0,0
UCI_20724,2011-10-17,54,0.91,0.0,0
UCI_20724,2011-10-18,71,1.87,0.0,0
UCI_20724,2011-10-19,36,0.98,0.0,0
UCI_20724,2011-10-20,224,0.73,0.0,0
UCI_20724,2011-10-21,56,2.4,0.0,0
UCI_20724,2011-10-23,6,0.85,0.0,0
UCI_20724,2011-10-24,218,0.76,0.0,0
UCI_20724,2011-10-25,55,2.01,0.0,0
UCI_20724,2011-10-26,13,0.85,0.0,0
UCI_20724,2011-10-27,15,0.85,0.0,0
UCI_20724,2011-10-28,71,1.78,0.0,0
UCI_20724,2011-10-30,44,0.85,0.0,0
UCI_20724,2011-10-31,82,1.72,0.0,0
UCI_20724,2011-11-01,30,0.85,0.0,0
UCI_20724,2011-11-02,22,1.24,0.0,0
UCI_20724,2011-11-03,2,1.63,0.0,0
UCI_20724,2011-11-04,94,2.22,0.0,0
UCI_20724,2011-11-06,30,0.85,0.0,0
UCI_20724,2011-11-08,122,1.53,0.0,0
UCI_20724,2011-11-09,223,0.74,0.0,0
UCI_20724,2011-11-10,31,0.85,0.0,0
UCI_20724,2011-11-11,111,1.7,0.0,0
UCI_20724,2011-11-13,65,0.85,0.0,0
UCI_20724,2011-11-14,42,0.89,0.0,0
UCI_20724,2011-11-15,108,1.83,0.0,0
UCI_20724,2011-11-16,52,0.96,0.0,0
UCI_20724,2011-11-17,62,0.99,0.0,0
UCI_20724,2011-11-18,161,2.13,0.0,0
UCI_20724,2011-11-20,30,0.85,0.0,0
UCI_20724,2011-11-21,12,0.92,0.0,0
UCI_20724,2011-11-22,228,1.38,0.0,0
UCI_20724,2011-11-23,213,0.73,0.0,0
UCI_20724,2011-11-24,63,0.86,0.0,0
UCI_20724,2011-11-25,149,2.12,0.0,0
UCI_20724,2011-11-27,70,2.09,0.0,0
UCI_20724,2011-11-28,64,0.97,0.0,0
UCI_20724,2011-11-29,124,2.1,0.0,0
UCI_20724,2011-11-30,101,1.93,0.0,0
UCI_20724,2011-12-01,29,0.93,0.0,0
UCI_20724,2011-12-02,109,2.29,0.0,0
UCI_20724,2011-12-04,123,2.04,0.0,0
UCI_20724,2011-12-05,37,1.21,0.0,0
UCI_20724,2011-12-06,117,2.12,0.0,0
UCI_20724,2011-12-07,230,0.74,0.0,0
UCI_20724,2011-12-08,133,2.13,0.0,0
UCI_20724,2011-12-09,69,2.18,0.0,0
UCI_20725,2010-12-01,78,1.69,0.0,0
UCI_20725,2010-12-02,11,1.65,0.0,0
UCI_20725,2010-12-03,93,2.07,0.0,0
UCI_20725,2010-12-05,36,1.65,0.0,0
UCI_20725,2010-12-06,34,2.18,0.0,0
UCI_20725,2010-12-07,33,3.92,0.0,0
UCI_20725,2010-12-08,117,1.67,0.0,0
UCI_20725,2010-12-09,33,2.84,0.0,0
UCI_20725,2010-12-10,47,2.03,0.0,0
UCI_20725,2010-12-12,18,1.65,0.0,0
UCI_20725,2010-12-13,24,1.97,0.0,0
UCI_20725,2010-12-14,36,2.03,0.0,0
UCI_20725,2010-12-15,59,1.65,0.0,0
UCI_20725,2010-12-16,51,1.65,0.0,0
UCI_20725,2010-12-17,15,2.5,0.0,0
UCI_20725,2010-12-19,2,1.65,0.0,0
UCI_20725,2010-12-20,12,2.08,0.0,0
UCI_20725,2010-12-21,21,1.77,0.0,0
UCI_20725,2010-12-22,10,1.65,0.0,0
UCI_20725,2010-12-23,1,4.21,0.0,0
UCI_20725,2011-01-04,20,1.65,0.0,0
UCI_20725,2011-01-05,100,1.45,0.0,0
UCI_20725,2011-01-06,294,1.52,0.0,0
UCI_20725,2011-01-07,25,1.75,0.0,0
UCI_20725,2011-01-09,23,1.65,0.0,0
UCI_20725,2011-01-10,30,1.65,0.0,0
UCI_20725,2011-01-11,21,1.77,0.0,0
UCI_20725,2011-01-12,4,1.65,0.0,0
UCI_20725,2011-01-13,134,1.57,0.0,0
UCI_20725,2011-01-14,341,1.48,0.0,0
UCI_20725,2011-01-16,112,1.65,0.0,0
UCI_20725,2011-01-17,6,2.48,0.0,0
UCI_20725,2011-01-18,5,1.65,0.0,0
UCI_20725,2011-01-19,102,1.45,0.0,0
UCI_20725,2011-01-20,15,1.82,0.0,0
UCI_20725,2011-01-24,33,1.93,0.0,0
UCI_20725,2011-01-25,38,2.06,0.0,0
UCI_20725,2011-01-26,38,2.24,0.0,0
UCI_20725,2011-01-27,42,1.77,0.0,0
UCI_20725,2011-01-28,20,1.65,0.0,0
UCI_20725,2011-01-31,185,1.61,0.0,0
UCI_20725,2011-02-01,129,1.49,0.0,0
UCI_20725,2011-02-02,35,2.69,0.0,0
UCI_20725,2011-02-03,16,1.65,0.0,0
UCI_20725,2011-02-04,52,2.4,0.0,0
UCI_20725,2011-02-07,22,1.65,0.0,0
UCI_20725,2011-02-08,24,2.06,0.0,0
UCI_20725,2011-02-09,140,1.64,0.0,0
UCI_20725,2011-02-10,14,1.65,0.0,0
UCI_20725,2011-02-11,42,1.77,0.0,0
UCI_20725,2011-02-13,13,1.65,0.0,0
UCI_20725,2011-02-14,46,1.7,0.0,0
UCI_20725,2011-02-15,21,1.77,0.0,0
UCI_20725,2011-02-16,60,1.65,0.0,0
UCI_20725,2011-02-17,53,2.38,0.0,0
UCI_20725,2011-02-18,107,1.49,0.0,0
UCI_20725,2011-02-20,4,1.65,0.0,0
UCI_20725,2011-02-21,111,1.49,0.0,0
UCI_20725,2011-02-22,25,1.65,0.0,0
UCI_20725,2011-02-23,23,3.38,0.0,0
UCI_20725,2011-02-24,31,1.73,0.0,0
UCI_20725,2011-02-25,177,1.63,0.0,0
UCI_20725,2011-02-27,2,1.65,0.0,0
UCI_20725,2011-02-28,11,1.88,0.0,0
UCI_20725,2011-03-01,102,1.51,0.0,0
UCI_20725,2011-03-02,10,1.65,0.0,0
UCI_20725,2011-03-03,26,1.75,0.0,0
UCI_20725,2011-03-04,20,1.65,0.0,0
UCI_20725,2011-03-06,6,1.65,0.0,0
UCI_20725,2011-03-07,1,1.65,0.0,0
UCI_20725,2011-03-08,65,1.66,0.0,0
UCI_20725,2011-03-09,21,1.77,0.0,0
UCI_20725,2011-03-10,36,1.72,0.0,0
UCI_20725,2011-03-11,25,1.65,0.0,0
UCI_20725,2011-03-14,152,1.52,0.0,0
UCI_20725,2011-03-15,12,4.13,0.0,0
UCI_20725,2011-03-16,4,1.65,0.0,0
UCI_20725,2011-03-17,42,1.77,0.0,0
UCI_20725,2011-03-18,14,4.49,0.0,0
UCI_20725,2011-03-20,53,1.54,0.0,0
UCI_20725,2011-03-21,75,1.65,0.0,0
UCI_20725,2011-03-22,43,3.23,0.0,0
UCI_20725,2011-03-23,21,1.65,0.0,0
UCI_20725,2011-03-24,35,1.65,0.0,0
UCI_20725,2011-03-25,205,1.58,0.0,0
UCI_20725,2011-03-28,76,1.68,0.0,0
UCI_20725,2011-03-29,206,2.21,0.0,0
UCI_20725,2011-03-30,157,1.52,0.0,0
UCI_20725,2011-03-31,97,2.32,0.0,0
UCI_20725,2011-04-01,40,1.65,0.0,0
UCI_20725,2011-04-03,11,1.65,0.0,0
UCI_20725,2011-04-04,42,1.77,0.0,0
UCI_20725,2011-04-05,2,1.65,0.0,0
UCI_20725,2011-04-06,84,2.64,0.0,0
UCI_20725,2011-04-07,17,1.65,0.0,0
UCI_20725,2011-04-08,80,1.65,0.0,0
UCI_20725,2011-04-10,22,1.65,0.0,0
UCI_20725,2011-04-11,94,2.74,0.0,0
UCI_20725,2011-04-12,61,1.65,0.0,0
UCI_20725,2011-04-13,34,1.65,0.0,0
UCI_20725,2011-04-14,40,1.65,0.0,0
UCI_20725,2011-04-15,73,3.06,0.0,0
UCI_20725,2011-04-17,3,1.65,0.0,0
UCI_20725,2011-04-18,143,1.67,0.0,0
UCI_20725,2011-04-19,36,1.65,0.0,0
UCI_20725,2011-04-20,85,2.43,0.0,0
UCI_20725,2011-04-21,104,2.49,0.0,0
UCI_20725,2011-04-26,62,3.25,0.0,0
UCI_20725,2011-04-27,69,1.69,0.0,0
UCI_20725,2011-04-28,23,1.65,0.0,0
UCI_20725,2011-05-01,10,1.65,0.0,0
UCI_20725,2011-05-03,75,3.02,0.0,0
UCI_20725,2011-05-04,1,1.65,0.0,0
UCI_20725,2011-05-05,38,1.72,0.0,0
UCI_20725,2011-05-06,140,1.67,0.0,0
UCI_20725,2011-05-08,35,1.65,0.0,0
UCI_20725,2011-05-09,113,1.67,0.0,0
UCI_20725,2011-05-10,73,3.41,0.0,0
UCI_20725,2011-05-11,160,1.57,0.0,0
UCI_20725,2011-05-12,432,1.48,0.0,0
UCI_20725,2011-05-13,91,1.75,0.0,0
UCI_20725,2011-05-15,16,1.65,0.0,0
UCI_20725,2011-05-16,108,1.59,0.0,0
UCI_20725,2011-05-17,59,2.03,0.0,0
UCI_20725,2011-05-18,22,1.76,0.0,0
UCI_20725,2011-05-19,83,1.68,0.0,0
UCI_20725,2011-05-20,120,1.65,0.0,0
UCI_20725,2011-05-22,53,1.65,0.0,0
UCI_20725,2011-05-23,64,1.69,0.0,0
UCI_20725,2011-05-24,66,1.69,0.0,0
UCI_20725,2011-05-25,107,1.46,0.0,0
UCI_20725,2011-05-26,263,1.5,0.0,0
UCI_20725,2011-05-27,176,2.4,0.0,0
UCI_20725,2011-05-29,8,1.65,0.0,0
UCI_20725,2011-05-31,42,2.44,0.0,0
UCI_20725,2011-06-01,11,1.88,0.0,0
UCI_20725,2011-06-02,26,1.65,0.0,0
UCI_20725,2011-06-03,41,1.65,0.0,0
UCI_20725,2011-06-05,63,1.65,0.0,0
UCI_20725,2011-06-06,20,1.65,0.0,0
UCI_20725,2011-06-07,195,1.56,0.0,0
UCI_20725,2011-06-08,235,2.27,0.0,0
UCI_20725,2011-06-09,54,1.74,0.0,0
UCI_20725,2011-06-10,55,2.55,0.0,0
UCI_20725,2011-06-12,25,1.65,0.0,0
UCI_20725,2011-06-13,11,1.88,0.0,0
UCI_20725,2011-06-14,25,3.87,0.0,0
UCI_20725,2011-06-15,167,1.53,0.0,0
UCI_20725,2011-06-16,47,1.65,0.0,0
UCI_20725,2011-06-17,84,2.48,0.0,0
UCI_20725,2011-06-19,113,1.47,0.0,0
UCI_20725,2011-06-20,27,1.74,0.0,0
UCI_20725,2011-06-21,65,2.92,0.0,0
UCI_20725,2011-06-22,22,1.65,0.0,0
UCI_20725,2011-06-23,50,1.7,0.0,0
UCI_20725,2011-06-24,41,1.65,0.0,0
UCI_20725,2011-06-26,33,1.65,0.0,0
UCI_20725,2011-06-27,25,1.65,0.0,0
UCI_20725,2011-06-28,139,1.91,0.0,0
UCI_20725,2011-06-29,3,2.48,0.0,0
UCI_20725,2011-06-30,58,1.69,0.0,0
UCI_20725,2011-07-01,32,1.65,0.0,0
UCI_20725,2011-07-03,46,1.65,0.0,0
UCI_20725,2011-07-04,194,1.61,0.0,0
UCI_20725,2011-07-05,27,1.74,0.0,0
UCI_20725,2011-07-06,39,1.65,0.0,0
UCI_20725,2011-07-07,10,1.65,0.0,0
UCI_20725,2011-07-08,158,1.54,0.0,0
UCI_20725,2011-07-10,12,1.65,0.0,0
UCI_20725,2011-07-11,45,1.71,0.0,0
UCI_20725,2011-07-12,40,1.65,0.0,0
UCI_20725,2011-07-13,38,1.65,0.0,0
UCI_20725,2011-07-14,43,1.65,0.0,0
UCI_20725,2011-07-15,12,1.86,0.0,0
UCI_20725,2011-07-17,53,1.65,0.0,0
UCI_20725,2011-07-18,63,1.65,0.0,0
UCI_20725,2011-07-19,286,1.6,0.0,0
UCI_20725,2011-07-20,25,1.65,0.0,0
UCI_20725,2011-07-21,30,1.65,0.0,0
UCI_20725,2011-07-22,68,2.4,0.0,0
UCI_20725,2011-07-24,124,1.49,0.0,0
UCI_20725,2011-07-25,42,1.65,0.0,0
UCI_20725,2011-07-26,59,3.26,0.0,0
UCI_20725,2011-07-27,70,1.65,0.0,0
UCI_20725,2011-07-28,141,1.51,0.0,0
UCI_20725,2011-07-29,49,1.65,0.0,0
UCI_20725,2011-07-31,24,1.65,0.0,0
UCI_20725,2011-08-01,54,1.74,0.0,0
UCI_20725,2011-08-02,259,2.02,0.0,0
UCI_20725,2011-08-03,34,1.65,0.0,0
UCI_20725,2011-08-04,246,1.58,0.0,0
UCI_20725,2011-08-05,5,1.65,0.0,0
UCI_20725,2011-08-07,4,1.65,0.0,0
UCI_20725,2011-08-08,157,1.57,0.0,0
UCI_20725,2011-08-09,91,1.65,0.0,0
UCI_20725,2011-08-10,175,2.7,0.0,0
UCI_20725,2011-08-11,218,1.57,0.0,0
UCI_20725,2011-08-12,71,1.68,0.0,0
UCI_20725,2011-08-14,13,1.65,0.0,0
UCI_20725,2011-08-15,40,1.65,0.0,0
UCI_20725,2011-08-16,119,2.43,0.0,0
UCI_20725,2011-08-17,122,1.65,0.0,0
UCI_20725,2011-08-18,95,1.65,0.0,0
UCI_20725,2011-08-19,30,1.65,0.0,0
UCI_20725,2011-08-21,26,1.65,0.0,0
UCI_20725,2011-08-22,55,1.65,0.0,0
UCI_20725,2011-08-23,127,1.65,0.0,0
UCI_20725,2011-08-24,40,4.13,0.0,0
UCI_20725,2011-08-25,80,1.65,0.0,0
UCI_20725,2011-08-26,20,1.65,0.0,0
UCI_20725,2011-08-28,19,1.65,0.0,0
UCI_20725,2011-08-30,21,2.95,0.0,0
UCI_20725,2011-08-31,31,1.73,0.0,0
UCI_20725,2011-09-01,54,1.65,0.0,0
UCI_20725,2011-09-02,57,1.82,0.0,0
UCI_20725,2011-09-04,38,1.65,0.0,0
UCI_20725,2011-09-05,109,1.49,0.0,0
UCI_20725,2011-09-06,66,1.65,0.0,0
UCI_20725,2011-09-07,160,1.6,0.0,0
UCI_20725,2011-09-08,10,2.39,0.0,0
UCI_20725,2011-09-09,56,1.74,0.0,0
UCI_20725,2011-09-11,22,1.65,0.0,0
UCI_20725,2011-09-12,42,1.65,0.0,0
UCI_20725,2011-09-13,51,1.7,0.0,0
UCI_20725,2011-09-14,122,1.49,0.0,0
UCI_20725,2011-09-15,87,1.87,0.0,0
UCI_20725,2011-09-16,25,1.65,0.0,0
UCI_20725,2011-09-18,2,1.65,0.0,0
UCI_20725,2011-09-19,301,1.52,0.0,0
UCI_20725,2011-09-20,36,1.74,0.0,0
UCI_20725,2011-09-21,15,1.98,0.0,0
UCI_20725,2011-09-22,53,1.74,0.0,0
UCI_20725,2011-09-23,46,2.44,0.0,0
UCI_20725,2011-09-25,40,1.65,0.0,0
UCI_20725,2011-09-26,3,4.13,0.0,0
UCI_20725,2011-09-27,57,3.09,0.0,0
UCI_20725,2011-09-28,89,1.68,0.0,0
UCI_20725,2011-09-29,105,1.65,0.0,0
UCI_20725,2011-09-30,64,1.73,0.0,0
UCI_20725,2011-10-03,41,1.89,0.0,0
UCI_20725,2011-10-04,79,3.94,0.0,0
UCI_20725,2011-10-05,90,1.65,0.0,0
UCI_20725,2011-10-06,60,1.65,0.0,0
UCI_20725,2011-10-07,50,3.3,0.0,0
UCI_20725,2011-10-09,2,1.65,0.0,0
UCI_20725,2011-10-10,36,2.06,0.0,0
UCI_20725,2011-10-11,114,2.23,0.0,0
UCI_20725,2011-10-12,42,1.71,0.0,0
UCI_20725,2011-10-13,75,1.51,0.0,0
UCI_20725,2011-10-14,160,1.94,0.0,0
UCI_20725,2011-10-16,6,1.65,0.0,0
UCI_20725,2011-10-17,22,1.65,0.0,0
UCI_20725,2011-10-18,65,2.62,0.0,0
UCI_20725,2011-10-19,26,2.22,0.0,0
UCI_20725,2011-10-20,110,1.47,0.0,0
UCI_20725,2011-10-21,39,2.92,0.0,0
UCI_20725,2011-10-23,14,1.65,0.0,0
UCI_20725,2011-10-24,8,2.89,0.0,0
UCI_20725,2011-10-25,37,2.52,0.0,0
UCI_20725,2011-10-26,52,1.65,0.0,0
UCI_20725,2011-10-27,45,1.65,0.0,0
UCI_20725,2011-10-28,94,1.76,0.0,0
UCI_20725,2011-10-30,78,1.65,0.0,0
UCI_20725,2011-10-31,10,3.22,0.0,0
UCI_20725,2011-11-01,6,1.65,0.0,0
UCI_20725,2011-11-02,117,1.5,0.0,0
UCI_20725,2011-11-03,30,1.65,0.0,0
UCI_20725,2011-11-04,38,2.35,0.0,0
UCI_20725,2011-11-06,122,1.49,0.0,0
UCI_20725,2011-11-07,130,1.5,0.0,0
UCI_20725,2011-11-08,61,2.72,0.0,0
UCI_20725,2011-11-09,161,1.54,0.0,0
UCI_20725,2011-11-10,93,1.68,0.0,0
UCI_20725,2011-11-11,88,2.67,0.0,0
UCI_20725,2011-11-13,23,1.65,0.0,0
UCI_20725,2011-11-14,155,1.58,0.0,0
UCI_20725,2011-11-15,232,1.72,0.0,0
UCI_20725,2011-11-16,66,1.65,0.0,0
UCI_20725,2011-11-17,71,1.72,0.0,0
UCI_20725,2011-11-18,76,3.54,0.0,0
UCI_20725,2011-11-20,49,1.65,0.0,0
UCI_20725,2011-11-21,37,1.85,0.0,0
UCI_20725,2011-11-22,47,3.53,0.0,0
UCI_20725,2011-11-23,37,1.99,0.0,0
UCI_20725,2011-11-24,44,1.76,0.0,0
UCI_20725,2011-11-25,93,3.01,0.0,0
UCI_20725,2011-11-27,18,3.67,0.0,0
UCI_20725,2011-11-28,58,1.86,0.0,0
UCI_20725,2011-11-29,49,3.51,0.0,0
UCI_20725,2011-11-30,91,2.24,0.0,0
UCI_20725,2011-12-01,51,1.56,0.0,0
UCI_20725,2011-12-02,72,2.66,0.0,0
UCI_20725,2011-12-04,10,3.97,0.0,0
UCI_20725,2011-12-05,50,2.05,0.0,0
UCI_20725,2011-12-06,85,1.65,0.0,0
UCI_20725,2011-12-07,35,1.65,0.0,0
UCI_20725,2011-12-08,52,1.95,0.0,0
UCI_20725,2011-12-09,42,1.52,0.0,0
UCI_21212,2010-12-01,241,0.55,0.0,0
UCI_21212,2010-12-02,459,0.45,0.0,0
UCI_21212,2010-12-03,254,1.01,0.0,0
UCI_21212,2010-12-05,21,0.55,0.0,0
UCI_21212,2010-12-06,141,0.55,0.0,0
UCI_21212,2010-12-07,261,1.19,0.0,0
UCI_21212,2010-12-08,134,0.59,0.0,0
UCI_21212,2010-12-09,77,0.66,0.0,0
UCI_21212,2010-12-10,486,0.87,0.0,0
UCI_21212,2010-12-12,5,0.55,0.0,0
UCI_21212,2010-12-13,33,0.7,0.0,0
UCI_21212,2010-12-14,188,1.47,0.0,0
UCI_21212,2010-12-15,194,0.47,0.0,0
UCI_21212,2010-12-17,249,0.58,0.0,0
UCI_21212,2010-12-20,991,0.41,0.0,0
UCI_21212,2010-12-21,300,0.5,0.0,0
UCI_21212,2010-12-22,24,0.55,0.0,0
UCI_21212,2010-12-23,48,0.55,0.0,0
UCI_21212,2011-01-04,25,0.55,0.0,0
UCI_21212,2011-01-05,24,0.55,0.0,0
UCI_21212,2011-01-06,80,0.55,0.0,0
UCI_21212,2011-01-07,171,0.46,0.0,0
UCI_21212,2011-01-09,24,0.55,0.0,0
UCI_21212,2011-01-10,28,0.65,0.0,0
UCI_21212,2011-01-11,169,0.47,0.0,0
UCI_21212,2011-01-12,178,0.47,0.0,0
UCI_21212,2011-01-13,73,0.56,0.0,0
UCI_21212,2011-01-14,170,0.46,0.0,0
UCI_21212,2011-01-17,2,1.25,0.0,0
UCI_21212,2011-01-18,73,0.43,0.0,0
UCI_21212,2011-01-19,1540,0.43,0.0,0
UCI_21212,2011-01-20,1,1.25,0.0,0
UCI_21212,2011-01-21,129,0.52,0.0,0
UCI_21212,2011-01-23,8,0.55,0.0,0
UCI_21212,2011-01-24,170,0.47,0.0,0
UCI_21212,2011-01-25,149,0.84,0.0,0
UCI_21212,2011-01-26,169,0.46,0.0,0
UCI_21212,2011-01-27,47,0.62,0.0,0
UCI_21212,2011-01-28,16,2.03,0.0,0
UCI_21212,2011-01-30,4,0.55,0.0,0
UCI_21212,2011-01-31,158,0.63,0.0,0
UCI_21212,2011-02-01,148,0.6,0.0,0
UCI_21212,2011-02-02,2,0.55,0.0,0
UCI_21212,2011-02-03,160,0.45,0.0,0
UCI_21212,2011-02-04,90,0.8,0.0,0
UCI_21212,2011-02-07,50,0.58,0.0,0
UCI_21212,2011-02-08,58,0.8,0.0,0
UCI_21212,2011-02-09,53,0.56,0.0,0
UCI_21212,2011-02-10,26,0.55,0.0,0
UCI_21212,2011-02-11,134,0.59,0.0,0
UCI_21212,2011-02-13,26,0.55,0.0,0
UCI_21212,2011-02-14,102,0.55,0.0,0
UCI_21212,2011-02-15,144,0.44,0.0,0
UCI_21212,2011-02-16,27,0.63,0.0,0
UCI_21212,2011-02-17,43,1.01,0.0,0
UCI_21212,2011-02-18,197,0.49,0.0,0
UCI_21212,2011-02-20,13,0.55,0.0,0
UCI_21212,2011-02-21,47,0.56,0.0,0
UCI_21212,2011-02-22,339,0.46,0.0,0
UCI_21212,2011-02-23,82,0.72,0.0,0
UCI_21212,2011-02-24,74,0.55,0.0,0
UCI_21212,2011-02-25,76,0.63,0.0,0
UCI_21212,2011-02-27,100,0.55,0.0,0
UCI_21212,2011-02-28,104,0.58,0.0,0
UCI_21212,2011-03-01,120,0.55,0.0,0
UCI_21212,2011-03-02,121,0.55,0.0,0
UCI_21212,2011-03-03,25,0.55,0.0,0
UCI_21212,2011-03-04,199,0.48,0.0,0
UCI_21212,2011-03-06,120,0.42,0.0,0
UCI_21212,2011-03-07,86,1.22,0.0,0
UCI_21212,2011-03-08,229,0.48,0.0,0
UCI_21212,2011-03-09,97,0.56,0.0,0
UCI_21212,2011-03-10,336,0.46,0.0,0
UCI_21212,2011-03-11,64,0.93,0.0,0
UCI_21212,2011-03-13,1,0.55,0.0,0
UCI_21212,2011-03-14,555,0.55,0.0,0
UCI_21212,2011-03-15,100,0.89,0.0,0
UCI_21212,2011-03-16,360,0.41,0.0,0
UCI_21212,2011-03-17,27,0.63,0.0,0
UCI_21212,2011-03-18,35,0.94,0.0,0
UCI_21212,2011-03-20,226,0.48,0.0,0
UCI_21212,2011-03-21,53,0.55,0.0,0
UCI_21212,2011-03-22,59,1.05,0.0,0
UCI_21212,2011-03-23,125,0.56,0.0,0
UCI_21212,2011-03-24,211,0.48,0.0,0
UCI_21212,2011-03-25,51,0.56,0.0,0
UCI_21212,2011-03-27,28,0.55,0.0,0
UCI_21212,2011-03-28,50,0.56,0.0,0
UCI_21212,2011-03-29,524,0.68,0.0,0
UCI_21212,2011-03-30,78,0.56,0.0,0
UCI_21212,2011-03-31,94,0.91,0.0,0
UCI_21212,2011-04-01,30,0.55,0.0,0
UCI_21212,2011-04-03,9,0.55,0.0,0
UCI_21212,2011-04-04,294,0.5,0.0,0
UCI_21212,2011-04-05,98,0.55,0.0,0
UCI_21212,2011-04-06,162,1.15,0.0,0
UCI_21212,2011-04-07,12,0.61,0.0,0
UCI_21212,2011-04-08,76,0.59,0.0,0
UCI_21212,2011-04-10,25,0.55,0.0,0
UCI_21212,2011-04-11,129,0.81,0.0,0
UCI_21212,2011-04-12,86,0.55,0.0,0
UCI_21212,2011-04-13,24,0.55,0.0,0
UCI_21212,2011-04-14,240,0.55,0.0,0
UCI_21212,2011-04-15,65,1.52,0.0,0
UCI_21212,2011-04-17,54,0.55,0.0,0
UCI_21212,2011-04-18,208,0.5,0.0,0
UCI_21212,2011-04-19,79,0.6,0.0,0
UCI_21212,2011-04-20,1108,0.46,0.0,0
UCI_21212,2011-04-21,26,0.55,0.0,0
UCI_21212,2011-04-26,139,0.81,0.0,0
UCI_21212,2011-04-27,53,0.56,0.0,0
UCI_21212,2011-04-28,99,0.56,0.0,0
UCI_21212,2011-05-01,24,0.55,0.0,0
UCI_21212,2011-05-03,116,0.77,0.0,0
UCI_21212,2011-05-04,56,0.55,0.0,0
UCI_21212,2011-05-05,146,0.56,0.0,0
UCI_21212,2011-05-06,392,0.48,0.0,0
UCI_21212,2011-05-08,77,0.55,0.0,0
UCI_21212,2011-05-09,105,0.58,0.0,0
UCI_21212,2011-05-10,97,1.23,0.0,0
UCI_21212,2011-05-11,52,0.56,0.0,0
UCI_21212,2011-05-12,1236,0.42,0.0,0
UCI_21212,2011-05-13,128,0.89,0.0,0
UCI_21212,2011-05-15,29,0.55,0.0,0
UCI_21212,2011-05-16,129,0.57,0.0,0
UCI_21212,2011-05-17,38,1.11,0.0,0
UCI_21212,2011-05-18,217,0.48,0.0,0
UCI_21212,2011-05-19,49,0.55,0.0,0
UCI_21212,2011-05-20,29,0.57,0.0,0
UCI_21212,2011-05-22,136,0.55,0.0,0
UCI_21212,2011-05-23,63,0.57,0.0,0
UCI_21212,2011-05-24,98,0.55,0.0,0
UCI_21212,2011-05-25,27,0.63,0.0,0
UCI_21212,2011-05-26,24,0.55,0.0,0
UCI_21212,2011-05-27,136,1.16,0.0,0
UCI_21212,2011-05-29,12,0.55,0.0,0
UCI_21212,2011-05-31,47,1.2,0.0,0
UCI_21212,2011-06-01,25,0.58,0.0,0
UCI_21212,2011-06-02,78,0.55,0.0,0
UCI_21212,2011-06-03,3,1.25,0.0,0
UCI_21212,2011-06-05,76,0.55,0.0,0
UCI_21212,2011-06-06,48,0.55,0.0,0
UCI_21212,2011-06-07,173,0.47,0.0,0
UCI_21212,2011-06-08,124,1.18,0.0,0
UCI_21212,2011-06-09,78,0.56,0.0,0
UCI_21212,2011-06-10,160,0.57,0.0,0
UCI_21212,2011-06-12,36,0.55,0.0,0
UCI_21212,2011-06-13,1,0.55,0.0,0
UCI_21212,2011-06-14,38,1.01,0.0,0
UCI_21212,2011-06-15,409,0.44,0.0,0
UCI_21212,2011-06-16,122,0.56,0.0,0
UCI_21212,2011-06-17,139,0.76,0.0,0
UCI_21212,2011-06-19,147,0.44,0.0,0
UCI_21212,2011-06-20,57,0.6,0.0,0
UCI_21212,2011-06-21,36,1.04,0.0,0
UCI_21212,2011-06-22,26,0.55,0.0,0
UCI_21212,2011-06-23,59,0.57,0.0,0
UCI_21212,2011-06-26,3,0.55,0.0,0
UCI_21212,2011-06-27,36,0.55,0.0,0
UCI_21212,2011-06-28,53,1.39,0.0,0
UCI_21212,2011-06-29,7,0.85,0.0,0
UCI_21212,2011-06-30,2,0.55,0.0,0
UCI_21212,2011-07-01,24,0.55,0.0,0
UCI_21212,2011-07-03,1,0.55,0.0,0
UCI_21212,2011-07-04,97,0.56,0.0,0
UCI_21212,2011-07-05,378,0.61,0.0,0
UCI_21212,2011-07-06,32,0.55,0.0,0
UCI_21212,2011-07-07,564,0.42,0.0,0
UCI_21212,2011-07-08,35,1.46,0.0,0
UCI_21212,2011-07-10,3,0.55,0.0,0
UCI_21212,2011-07-11,27,0.55,0.0,0
UCI_21212,2011-07-12,73,0.94,0.0,0
UCI_21212,2011-07-13,29,0.6,0.0,0
UCI_21212,2011-07-14,27,0.55,0.0,0
UCI_21212,2011-07-15,73,0.56,0.0,0
UCI_21212,2011-07-17,24,0.55,0.0,0
UCI_21212,2011-07-18,66,0.58,0.0,0
UCI_21212,2011-07-19,112,1.08,0.0,0
UCI_21212,2011-07-20,95,0.56,0.0,0
UCI_21212,2011-07-21,1,0.55,0.0,0
UCI_21212,2011-07-22,33,0.83,0.0,0
UCI_21212,2011-07-24,28,0.55,0.0,0
UCI_21212,2011-07-25,195,0.47,0.0,0
UCI_21212,2011-07-26,184,0.56,0.0,0
UCI_21212,2011-07-27,48,0.55,0.0,0
UCI_21212,2011-07-28,50,0.56,0.0,0
UCI_21212,2011-07-29,72,0.55,0.0,0
UCI_21212,2011-07-31,534,0.52,0.0,0
UCI_21212,2011-08-01,24,0.55,0.0,0
UCI_21212,2011-08-02,40,1.16,0.0,0
UCI_21212,2011-08-03,127,0.43,0.0,0
UCI_21212,2011-08-04,198,0.47,0.0,0
UCI_21212,2011-08-05,30,0.55,0.0,0
UCI_21212,2011-08-07,26,0.55,0.0,0
UCI_21212,2011-08-08,51,0.59,0.0,0
UCI_21212,2011-08-09,144,0.44,0.0,0
UCI_21212,2011-08-10,36,2.01,0.0,0
UCI_21212,2011-08-11,27,0.55,0.0,0
UCI_21212,2011-08-12,74,0.57,0.0,0
UCI_21212,2011-08-14,3,0.55,0.0,0
UCI_21212,2011-08-15,78,0.55,0.0,0
UCI_21212,2011-08-16,51,1.42,0.0,0
UCI_21212,2011-08-17,72,0.55,0.0,0
UCI_21212,2011-08-18,1369,0.42,0.0,0
UCI_21212,2011-08-19,72,0.55,0.0,0
UCI_21212,2011-08-21,8,0.55,0.0,0
UCI_21212,2011-08-22,72,0.55,0.0,0
UCI_21212,2011-08-23,132,0.55,0.0,0
UCI_21212,2011-08-24,77,1.03,0.0,0
UCI_21212,2011-08-25,24,0.55,0.0,0
UCI_21212,2011-08-26,197,0.51,0.0,0
UCI_21212,2011-08-28,5,0.55,0.0,0
UCI_21212,2011-08-30,39,0.9,0.0,0
UCI_21212,2011-08-31,37,0.55,0.0,0
UCI_21212,2011-09-01,75,0.55,0.0,0
UCI_21212,2011-09-02,229,0.56,0.0,0
UCI_21212,2011-09-04,78,0.55,0.0,0
UCI_21212,2011-09-05,156,0.45,0.0,0
UCI_21212,2011-09-06,37,1.09,0.0,0
UCI_21212,2011-09-07,50,0.58,0.0,0
UCI_21212,2011-09-08,122,0.55,0.0,0
UCI_21212,2011-09-09,179,0.55,0.0,0
UCI_21212,2011-09-11,168,0.46,0.0,0
UCI_21212,2011-09-13,810,0.46,0.0,0
UCI_21212,2011-09-14,36,0.55,0.0,0
UCI_21212,2011-09-15,65,0.56,0.0,0
UCI_21212,2011-09-16,41,1.18,0.0,0
UCI_21212,2011-09-18,3,0.55,0.0,0
UCI_21212,2011-09-19,362,0.46,0.0,0
UCI_21212,2011-09-20,94,0.83,0.0,0
UCI_21212,2011-09-21,230,0.52,0.0,0
UCI_21212,2011-09-22,248,0.5,0.0,0
UCI_21212,2011-09-23,83,0.72,0.0,0
UCI_21212,2011-09-25,11,0.55,0.0,0
UCI_21212,2011-09-26,28,0.62,0.0,0
UCI_21212,2011-09-27,89,0.84,0.0,0
UCI_21212,2011-09-28,34,0.57,0.0,0
UCI_21212,2011-09-29,148,0.55,0.0,0
UCI_21212,2011-09-30,49,0.56,0.0,0
UCI_21212,2011-10-02,11,0.55,0.0,0
UCI_21212,2011-10-03,26,0.6,0.0,0
UCI_21212,2011-10-04,83,1.09,0.0,0
UCI_21212,2011-10-05,24,0.55,0.0,0
UCI_21212,2011-10-06,146,0.55,0.0,0
UCI_21212,2011-10-07,186,0.66,0.0,0
UCI_21212,2011-10-09,12,0.55,0.0,0
UCI_21212,2011-10-10,105,0.57,0.0,0
UCI_21212,2011-10-11,83,0.73,0.0,0
UCI_21212,2011-10-12,73,0.55,0.0,0
UCI_21212,2011-10-13,169,0.55,0.0,0
UCI_21212,2011-10-14,45,1.2,0.0,0
UCI_21212,2011-10-16,24,0.55,0.0,0
UCI_21212,2011-10-17,275,0.45,0.0,0
UCI_21212,2011-10-18,80,0.69,0.0,0
UCI_21212,2011-10-20,72,0.55,0.0,0
UCI_21212,2011-10-21,49,0.58,0.0,0
UCI_21212,2011-10-23,27,0.55,0.0,0
UCI_21212,2011-10-24,14,0.75,0.0,0
UCI_21212,2011-10-25,61,0.55,0.0,0
UCI_21212,2011-10-26,60,0.55,0.0,0
UCI_21212,2011-10-27,61,0.55,0.0,0
UCI_21212,2011-10-28,244,0.42,0.0,0
UCI_21212,2011-10-30,81,0.55,0.0,0
UCI_21212,2011-10-31,64,0.73,0.0,0
UCI_21212,2011-11-01,28,0.55,0.0,0
UCI_21212,2011-11-02,219,0.48,0.0,0
UCI_21212,2011-11-03,529,0.43,0.0,0
UCI_21212,2011-11-04,55,0.69,0.0,0
UCI_21212,2011-11-06,146,0.55,0.0,0
UCI_21212,2011-11-07,77,0.55,0.0,0
UCI_21212,2011-11-08,66,0.85,0.0,0
UCI_21212,2011-11-09,4,1.25,0.0,0
UCI_21212,2011-11-10,78,0.58,0.0,0
UCI_21212,2011-11-11,50,1.43,0.0,0
UCI_21212,2011-11-13,87,0.55,0.0,0
UCI_21212,2011-11-14,164,0.52,0.0,0
UCI_21212,2011-11-15,62,0.86,0.0,0
UCI_21212,2011-11-16,88,0.57,0.0,0
UCI_21212,2011-11-17,84,0.58,0.0,0
UCI_21212,2011-11-18,109,1.05,0.0,0
UCI_21212,2011-11-20,81,0.55,0.0,0
UCI_21212,2011-11-21,100,0.56,0.0,0
UCI_21212,2011-11-22,99,1.13,0.0,0
UCI_21212,2011-11-23,81,0.6,0.0,0
UCI_21212,2011-11-24,1,0.55,0.0,0
UCI_21212,2011-11-25,45,1.56,0.0,0
UCI_21212,2011-11-27,15,1.88,0.0,0
UCI_21212,2011-11-28,60,0.66,0.0,0
UCI_21212,2011-11-29,52,1.22,0.0,0
UCI_21212,2011-11-30,241,0.59,0.0,0
UCI_21212,2011-12-01,29,0.67,0.0,0
UCI_21212,2011-12-02,116,1.1,0.0,0
UCI_21212,2011-12-04,48,1.38,0.0,0
UCI_21212,2011-12-05,42,0.75,0.0,0
UCI_21212,2011-12-06,90,1.17,0.0,0
UCI_21212,2011-12-07,74,0.55,0.0,0
UCI_21212,2011-12-08,51,1.95,0.0,0
UCI_21212,2011-12-09,9,1.9,0.0,0
UCI_21213,2010-12-01,51,0.59,0.0,0
UCI_21213,2010-12-02,49,0.55,0.0,0
UCI_21213,2010-12-03,30,2.13,0.0,0
UCI_21213,2010-12-05,3,0.55,0.0,0
UCI_21213,2010-12-06,58,0.6,0.0,0
UCI_21213,2010-12-07,34,2.08,0.0,0
UCI_21213,2010-12-08,73,0.55,0.0,0
UCI_21213,2010-12-09,2,1.28,0.0,0
UCI_21213,2010-12-10,69,1.58,0.0,0
UCI_21213,2010-12-12,2,0.55,0.0,0
UCI_21213,2010-12-13,2,1.28,0.0,0
UCI_21213,2010-12-14,69,1.47,0.0,0
UCI_21213,2010-12-15,24,0.55,0.0,0
UCI_21213,2010-12-16,168,0.46,0.0,0
UCI_21213,2010-12-19,12,0.55,0.0,0
UCI_21213,2010-12-20,505,0.41,0.0,0
UCI_21213,2010-12-21,127,0.51,0.0,0
UCI_21213,2010-12-22,24,0.55,0.0,0
UCI_21213,2010-12-23,49,0.58,0.0,0
UCI_21213,2011-01-04,3,0.55,0.0,0
UCI_21213,2011-01-05,24,0.55,0.0,0
UCI_21213,2011-01-06,49,0.55,0.0,0
UCI_21213,2011-01-07,51,0.55,0.0,0
UCI_21213,2011-01-12,3,0.79,0.0,0
UCI_21213,2011-01-13,6,0.55,0.0,0
UCI_21213,2011-01-14,2,0.55,0.0,0
UCI_21213,2011-01-16,121,0.42,0.0,0
UCI_21213,2011-01-17,24,0.55,0.0,0
UCI_21213,2011-01-18,24,0.55,0.0,0
UCI_21213,2011-01-19,29,0.57,0.0,0
UCI_21213,2011-01-20,1,0.55,0.0,0
UCI_21213,2011-01-21,121,0.43,0.0,0
UCI_21213,2011-01-23,24,0.55,0.0,0
UCI_21213,2011-01-24,122,0.42,0.0,0
UCI_21213,2011-01-25,9,0.72,0.0,0
UCI_21213,2011-01-26,2,1.66,0.0,0
UCI_21213,2011-01-27,50,0.55,0.0,0
UCI_21213,2011-01-28,1,1.25,0.0,0
UCI_21213,2011-01-31,128,0.57,0.0,0
UCI_21213,2011-02-01,32,0.77,0.0,0
UCI_21213,2011-02-02,48,0.55,0.0,0
UCI_21213,2011-02-03,26,0.58,0.0,0
UCI_21213,2011-02-04,9,1.57,0.0,0
UCI_21213,2011-02-07,1,1.25,0.0,0
UCI_21213,2011-02-08,28,0.77,0.0,0
UCI_21213,2011-02-09,2,0.55,0.0,0
UCI_21213,2011-02-11,5,2.08,0.0,0
UCI_21213,2011-02-13,2,0.55,0.0,0
UCI_21213,2011-02-14,28,0.58,0.0,0
UCI_21213,2011-02-15,13,0.6,0.0,0
UCI_21213,2011-02-16,48,0.55,0.0,0
UCI_21213,2011-02-17,66,0.87,0.0,0
UCI_21213,2011-02-18,24,0.55,0.0,0
UCI_21213,2011-02-21,5,0.55,0.0,0
UCI_21213,2011-02-22,123,0.42,0.0,0
UCI_21213,2011-02-23,4,2.08,0.0,0
UCI_21213,2011-02-24,24,0.55,0.0,0
UCI_21213,2011-02-25,28,0.77,0.0,0
UCI_21213,2011-03-01,24,0.55,0.0,0
UCI_21213,2011-03-02,1,0.55,0.0,0
UCI_21213,2011-03-03,25,0.55,0.0,0
UCI_21213,2011-03-04,146,0.44,0.0,0
UCI_21213,2011-03-06,120,0.42,0.0,0
UCI_21213,2011-03-07,13,2.08,0.0,0
UCI_21213,2011-03-08,48,0.55,0.0,0
UCI_21213,2011-03-09,15,0.55,0.0,0
UCI_21213,2011-03-10,45,0.55,0.0,0
UCI_21213,2011-03-11,7,1.86,0.0,0
UCI_21213,2011-03-14,264,0.55,0.0,0
UCI_21213,2011-03-15,23,0.88,0.0,0
UCI_21213,2011-03-17,1,1.25,0.0,0
UCI_21213,2011-03-18,28,0.77,0.0,0
UCI_21213,2011-03-20,24,0.55,0.0,0
UCI_21213,2011-03-21,58,0.55,0.0,0
UCI_21213,2011-03-22,21,1.02,0.0,0
UCI_21213,2011-03-23,27,0.55,0.0,0
UCI_21213,2011-03-24,73,0.55,0.0,0
UCI_21213,2011-03-25,29,0.57,0.0,0
UCI_21213,2011-03-28,1,0.55,0.0,0
UCI_21213,2011-03-29,374,0.52,0.0,0
UCI_21213,2011-03-31,54,0.72,0.0,0
UCI_21213,2011-04-01,7,0.55,0.0,0
UCI_21213,2011-04-03,8,0.55,0.0,0
UCI_21213,2011-04-04,26,0.6,0.0,0
UCI_21213,2011-04-05,51,0.55,0.0,0
UCI_21213,2011-04-06,33,0.92,0.0,0
UCI_21213,2011-04-07,49,0.55,0.0,0
UCI_21213,2011-04-10,25,0.55,0.0,0
UCI_21213,2011-04-11,268,0.46,0.0,0
UCI_21213,2011-04-12,36,0.55,0.0,0
UCI_21213,2011-04-14,49,0.55,0.0,0
UCI_21213,2011-04-15,6,2.08,0.0,0
UCI_21213,2011-04-17,4,0.55,0.0,0
UCI_21213,2011-04-19,5,0.97,0.0,0
UCI_21213,2011-04-20,993,0.41,0.0,0
UCI_21213,2011-04-21,25,0.55,0.0,0
UCI_21213,2011-04-26,32,0.84,0.0,0
UCI_21213,2011-04-28,120,0.42,0.0,0
UCI_21213,2011-05-03,231,0.55,0.0,0
UCI_21213,2011-05-04,48,0.55,0.0,0
UCI_21213,2011-05-05,24,0.55,0.0,0
UCI_21213,2011-05-06,27,0.58,0.0,0
UCI_21213,2011-05-08,31,0.55,0.0,0
UCI_21213,2011-05-09,10,0.69,0.0,0
UCI_21213,2011-05-10,63,0.84,0.0,0
UCI_21213,2011-05-11,24,0.55,0.0,0
UCI_21213,2011-05-12,30,0.55,0.0,0
UCI_21213,2011-05-13,38,0.99,0.0,0
UCI_21213,2011-05-15,11,0.55,0.0,0
UCI_21213,2011-05-16,28,0.55,0.0,0
UCI_21213,2011-05-17,30,0.86,0.0,0
UCI_21213,2011-05-19,24,0.55,0.0,0
UCI_21213,2011-05-23,12,0.55,0.0,0
UCI_21213,2011-05-24,50,0.56,0.0,0
UCI_21213,2011-05-25,25,0.58,0.0,0
UCI_21213,2011-05-27,47,1.3,0.0,0
UCI_21213,2011-05-29,12,0.55,0.0,0
UCI_21213,2011-05-31,15,1.72,0.0,0
UCI_21213,2011-06-01,29,0.55,0.0,0
UCI_21213,2011-06-02,3,0.55,0.0,0
UCI_21213,2011-06-03,120,0.42,0.0,0
UCI_21213,2011-06-05,88,0.55,0.0,0
UCI_21213,2011-06-06,49,0.55,0.0,0
UCI_21213,2011-06-07,10,0.76,0.0,0
UCI_21213,2011-06-08,76,1.09,0.0,0
UCI_21213,2011-06-09,28,0.55,0.0,0
UCI_21213,2011-06-10,3,1.8,0.0,0
UCI_21213,2011-06-12,12,0.55,0.0,0
UCI_21213,2011-06-13,2,0.9,0.0,0
UCI_21213,2011-06-14,36,1.06,0.0,0
UCI_21213,2011-06-15,219,0.48,0.0,0
UCI_21213,2011-06-16,48,0.55,0.0,0
UCI_21213,2011-06-17,52,0.67,0.0,0
UCI_21213,2011-06-19,146,0.44,0.0,0
UCI_21213,2011-06-20,34,0.57,0.0,0
UCI_21213,2011-06-21,1,1.25,0.0,0
UCI_21213,2011-06-22,144,0.44,0.0,0
UCI_21213,2011-06-23,53,0.59,0.0,0
UCI_21213,2011-06-24,1,1.25,0.0,0
UCI_21213,2011-06-26,2,0.55,0.0,0
UCI_21213,2011-06-27,24,0.55,0.0,0
UCI_21213,2011-06-29,28,0.58,0.0,0
UCI_21213,2011-06-30,24,0.55,0.0,0
UCI_21213,2011-07-01,25,0.55,0.0,0
UCI_21213,2011-07-04,25,0.58,0.0,0
UCI_21213,2011-07-05,483,0.41,0.0,0
UCI_21213,2011-07-06,2,0.55,0.0,0
UCI_21213,2011-07-07,24,0.55,0.0,0
UCI_21213,2011-07-10,3,0.55,0.0,0
UCI_21213,2011-07-11,28,0.55,0.0,0
UCI_21213,2011-07-12,1,1.25,0.0,0
UCI_21213,2011-07-13,26,0.58,0.0,0
UCI_21213,2011-07-14,2,0.55,0.0,0
UCI_21213,2011-07-15,2,0.55,0.0,0
UCI_21213,2011-07-17,147,0.44,0.0,0
UCI_21213,2011-07-18,6,0.78,0.0,0
UCI_21213,2011-07-19,96,0.55,0.0,0
UCI_21213,2011-07-20,24,0.55,0.0,0
UCI_21213,2011-07-21,1,0.55,0.0,0
UCI_21213,2011-07-22,27,0.58,0.0,0
UCI_21213,2011-07-24,6,0.55,0.0,0
UCI_21213,2011-07-25,76,0.55,0.0,0
UCI_21213,2011-07-26,29,0.55,0.0,0
UCI_21213,2011-07-27,1,1.25,0.0,0
UCI_21213,2011-07-28,48,0.55,0.0,0
UCI_21213,2011-07-29,72,0.55,0.0,0
UCI_21213,2011-07-31,5,0.55,0.0,0
UCI_21213,2011-08-01,72,0.55,0.0,0
UCI_21213,2011-08-03,144,0.44,0.0,0
UCI_21213,2011-08-04,25,0.58,0.0,0
UCI_21213,2011-08-08,52,0.56,0.0,0
UCI_21213,2011-08-09,6,0.55,0.0,0
UCI_21213,2011-08-11,26,0.55,0.0,0
UCI_21213,2011-08-14,4,0.55,0.0,0
UCI_21213,2011-08-16,6,2.08,0.0,0
UCI_21213,2011-08-17,48,0.55,0.0,0
UCI_21213,2011-08-18,721,0.4,0.0,0
UCI_21213,2011-08-19,48,0.55,0.0,0
UCI_21213,2011-08-21,29,0.55,0.0,0
UCI_21213,2011-08-22,72,0.55,0.0,0
UCI_21213,2011-08-23,36,0.55,0.0,0
UCI_21213,2011-08-24,21,1.79,0.0,0
UCI_21213,2011-08-25,96,0.55,0.0,0
UCI_21213,2011-08-26,2,2.08,0.0,0
UCI_21213,2011-08-28,4,0.55,0.0,0
UCI_21213,2011-08-30,10,1.58,0.0,0
UCI_21213,2011-09-01,2,0.55,0.0,0
UCI_21213,2011-09-02,154,0.52,0.0,0
UCI_21213,2011-09-04,53,0.55,0.0,0
UCI_21213,2011-09-05,35,0.55,0.0,0
UCI_21213,2011-09-06,281,0.51,0.0,0
UCI_21213,2011-09-07,26,0.6,0.0,0
UCI_21213,2011-09-08,55,0.56,0.0,0
UCI_21213,2011-09-09,12,1.41,0.0,0
UCI_21213,2011-09-11,390,0.43,0.0,0
UCI_21213,2011-09-12,26,0.55,0.0,0
UCI_21213,2011-09-13,625,0.43,0.0,0
UCI_21213,2011-09-14,123,0.42,0.0,0
UCI_21213,2011-09-15,36,0.57,0.0,0
UCI_21213,2011-09-16,55,0.74,0.0,0
UCI_21213,2011-09-19,290,0.44,0.0,0
UCI_21213,2011-09-20,37,1.0,0.0,0
UCI_21213,2011-09-21,4,1.25,0.0,0
UCI_21213,2011-09-22,35,0.57,0.0,0
UCI_21213,2011-09-23,50,0.59,0.0,0
UCI_21213,2011-09-25,3,0.55,0.0,0
UCI_21213,2011-09-26,89,0.55,0.0,0
UCI_21213,2011-09-27,26,0.67,0.0,0
UCI_21213,2011-09-28,38,0.61,0.0,0
UCI_21213,2011-09-29,52,0.55,0.0,0
UCI_21213,2011-09-30,28,0.55,0.0,0
UCI_21213,2011-10-02,9,0.55,0.0,0
UCI_21213,2011-10-03,24,0.55,0.0,0
UCI_21213,2011-10-04,43,1.19,0.0,0
UCI_21213,2011-10-05,73,0.56,0.0,0
UCI_21213,2011-10-06,55,0.55,0.0,0
UCI_21213,2011-10-07,79,0.65,0.0,0
UCI_21213,2011-10-10,29,0.55,0.0,0
UCI_21213,2011-10-11,7,0.99,0.0,0
UCI_21213,2011-10-12,24,0.55,0.0,0
UCI_21213,2011-10-13,50,0.58,0.0,0
UCI_21213,2011-10-14,61,0.65,0.0,0
UCI_21213,2011-10-16,2,0.55,0.0,0
UCI_21213,2011-10-17,120,0.42,0.0,0
UCI_21213,2011-10-18,81,0.64,0.0,0
UCI_21213,2011-10-19,100,0.57,0.0,0
UCI_21213,2011-10-20,48,0.55,0.0,0
UCI_21213,2011-10-21,33,0.97,0.0,0
UCI_21213,2011-10-23,2,0.55,0.0,0
UCI_21213,2011-10-24,2,0.9,0.0,0
UCI_21213,2011-10-25,30,1.88,0.0,0
UCI_21213,2011-10-26,24,0.55,0.0,0
UCI_21213,2011-10-27,151,0.45,0.0,0
UCI_21213,2011-10-28,263,0.55,0.0,0
UCI_21213,2011-10-30,35,0.55,0.0,0
UCI_21213,2011-10-31,59,0.82,0.0,0
UCI_21213,2011-11-02,1,0.55,0.0,0
UCI_21213,2011-11-03,48,0.55,0.0,0
UCI_21213,2011-11-04,69,0.9,0.0,0
UCI_21213,2011-11-06,50,0.55,0.0,0
UCI_21213,2011-11-07,24,0.55,0.0,0
UCI_21213,2011-11-08,6,1.41,0.0,0
UCI_21213,2011-11-09,25,0.58,0.0,0
UCI_21213,2011-11-10,1,0.55,0.0,0
UCI_21213,2011-11-11,47,0.94,0.0,0
UCI_21213,2011-11-13,14,0.55,0.0,0
UCI_21213,2011-11-14,27,0.6,0.0,0
UCI_21213,2011-11-15,10,1.83,0.0,0
UCI_21213,2011-11-16,15,0.55,0.0,0
UCI_21213,2011-11-17,50,0.55,0.0,0
UCI_21213,2011-11-18,32,1.88,0.0,0
UCI_21213,2011-11-20,29,0.55,0.0,0
UCI_21213,2011-11-21,26,0.55,0.0,0
UCI_21213,2011-11-22,6,1.04,0.0,0
UCI_21213,2011-11-23,28,0.55,0.0,0
UCI_21213,2011-11-27,4,0.55,0.0,0
UCI_21213,2011-11-28,26,0.58,0.0,0
UCI_21213,2011-11-29,27,0.58,0.0,0
UCI_21213,2011-11-30,121,0.42,0.0,0
UCI_21213,2011-12-01,24,0.55,0.0,0
UCI_21213,2011-12-02,6,0.9,0.0,0
UCI_21213,2011-12-04,6,0.55,0.0,0
UCI_21213,2011-12-05,50,0.55,0.0,0
UCI_21213,2011-12-06,3,0.55,0.0,0
UCI_21213,2011-12-07,48,0.55,0.0,0
UCI_21213,2011-12-08,3,1.25,0.0,0
UCI_21213,2011-12-09,2,1.25,0.0,0
UCI_21731,2010-12-01,483,1.31,0.0,0
UCI_21731,2010-12-02,27,1.65,0.0,0
UCI_21731,2010-12-03,58,1.94,0.0,0
UCI_21731,2010-12-05,24,1.65,0.0,0
UCI_21731,2010-12-06,32,2.29,0.0,0
UCI_21731,2010-12-07,99,1.7,0.0,0
UCI_21731,2010-12-08,37,1.97,0.0,0
UCI_21731,2010-12-09,26,1.78,0.0,0
UCI_21731,2010-12-10,57,1.86,0.0,0
UCI_21731,2010-12-13,13,1.78,0.0,0
UCI_21731,2010-12-14,61,1.65,0.0,0
UCI_21731,2010-12-15,10,1.65,0.0,0
UCI_21731,2010-12-16,444,1.28,0.0,0
UCI_21731,2010-12-17,92,1.65,0.0,0
UCI_21731,2010-12-19,24,1.65,0.0,0
UCI_21731,2010-12-20,42,1.85,0.0,0
UCI_21731,2010-12-21,290,1.46,0.0,0
UCI_21731,2010-12-23,1,3.36,0.0,0
UCI_21731,2011-01-04,48,1.65,0.0,0
UCI_21731,2011-01-05,16,1.65,0.0,0
UCI_21731,2011-01-06,24,1.65,0.0,0
UCI_21731,2011-01-07,49,1.68,0.0,0
UCI_21731,2011-01-10,24,1.65,0.0,0
UCI_21731,2011-01-11,13,1.78,0.0,0
UCI_21731,2011-01-12,13,1.78,0.0,0
UCI_21731,2011-01-13,3,3.29,0.0,0
UCI_21731,2011-01-14,324,1.56,0.0,0
UCI_21731,2011-01-17,14,1.88,0.0,0
UCI_21731,2011-01-18,15,2.15,0.0,0
UCI_21731,2011-01-19,81,1.68,0.0,0
UCI_21731,2011-01-20,2,3.29,0.0,0
UCI_21731,2011-01-21,7,3.53,0.0,0
UCI_21731,2011-01-23,4,1.65,0.0,0
UCI_21731,2011-01-24,39,1.82,0.0,0
UCI_21731,2011-01-25,41,1.83,0.0,0
UCI_21731,2011-01-26,15,2.15,0.0,0
UCI_21731,2011-01-27,25,1.72,0.0,0
UCI_21731,2011-01-30,10,1.65,0.0,0
UCI_21731,2011-01-31,32,2.22,0.0,0
UCI_21731,2011-02-01,25,1.65,0.0,0
UCI_21731,2011-02-02,17,2.33,0.0,0
UCI_21731,2011-02-04,30,2.15,0.0,0
UCI_21731,2011-02-06,2,1.65,0.0,0
UCI_21731,2011-02-07,3,2.2,0.0,0
UCI_21731,2011-02-08,8,3.82,0.0,0
UCI_21731,2011-02-09,3,3.29,0.0,0
UCI_21731,2011-02-11,56,2.21,0.0,0
UCI_21731,2011-02-14,8,2.26,0.0,0
UCI_21731,2011-02-15,288,1.45,0.0,0
UCI_21731,2011-02-16,7,1.88,0.0,0
UCI_21731,2011-02-17,62,3.05,0.0,0
UCI_21731,2011-02-18,72,1.65,0.0,0
UCI_21731,2011-02-20,6,1.65,0.0,0
UCI_21731,2011-02-21,156,1.28,0.0,0
UCI_21731,2011-02-22,27,1.83,0.0,0
UCI_21731,2011-02-23,22,3.63,0.0,0
UCI_21731,2011-02-24,12,1.65,0.0,0
UCI_21731,2011-02-25,26,1.84,0.0,0
UCI_21731,2011-02-27,148,1.46,0.0,0
UCI_21731,2011-02-28,17,2.13,0.0,0
UCI_21731,2011-03-01,16,1.65,0.0,0
UCI_21731,2011-03-02,12,1.65,0.0,0
UCI_21731,2011-03-03,3,3.29,0.0,0
UCI_21731,2011-03-04,25,1.72,0.0,0
UCI_21731,2011-03-06,12,1.65,0.0,0
UCI_21731,2011-03-07,30,3.77,0.0,0
UCI_21731,2011-03-08,26,1.78,0.0,0
UCI_21731,2011-03-09,28,1.77,0.0,0
UCI_21731,2011-03-10,18,1.65,0.0,0
UCI_21731,2011-03-11,42,2.61,0.0,0
UCI_21731,2011-03-13,27,1.65,0.0,0
UCI_21731,2011-03-14,5,1.65,0.0,0
UCI_21731,2011-03-15,36,2.48,0.0,0
UCI_21731,2011-03-16,12,1.65,0.0,0
UCI_21731,2011-03-17,16,2.06,0.0,0
UCI_21731,2011-03-18,41,2.56,0.0,0
UCI_21731,2011-03-20,12,1.65,0.0,0
UCI_21731,2011-03-21,16,1.65,0.0,0
UCI_21731,2011-03-22,44,3.13,0.0,0
UCI_21731,2011-03-23,20,1.65,0.0,0
UCI_21731,2011-03-25,14,1.88,0.0,0
UCI_21731,2011-03-27,12,1.65,0.0,0
UCI_21731,2011-03-28,1,3.29,0.0,0
UCI_21731,2011-03-29,39,2.56,0.0,0
UCI_21731,2011-03-30,26,1.78,0.0,0
UCI_21731,2011-03-31,4,3.92,0.0,0
UCI_21731,2011-04-01,1,4.13,0.0,0
UCI_21731,2011-04-04,16,2.06,0.0,0
UCI_21731,2011-04-05,72,1.65,0.0,0
UCI_21731,2011-04-06,23,1.72,0.0,0
UCI_21731,2011-04-07,16,1.85,0.0,0
UCI_21731,2011-04-08,13,1.78,0.0,0
UCI_21731,2011-04-11,24,1.65,0.0,0
UCI_21731,2011-04-12,12,1.65,0.0,0
UCI_21731,2011-04-13,15,1.65,0.0,0
UCI_21731,2011-04-14,144,1.45,0.0,0
UCI_21731,2011-04-15,20,4.13,0.0,0
UCI_21731,2011-04-17,24,1.65,0.0,0
UCI_21731,2011-04-18,5,3.29,0.0,0
UCI_21731,2011-04-19,1,3.29,0.0,0
UCI_21731,2011-04-21,18,2.2,0.0,0
UCI_21731,2011-04-26,12,4.06,0.0,0
UCI_21731,2011-04-27,14,1.88,0.0,0
UCI_21731,2011-04-28,27,1.71,0.0,0
UCI_21731,2011-05-01,12,1.65,0.0,0
UCI_21731,2011-05-03,2,3.29,0.0,0
UCI_21731,2011-05-05,38,1.74,0.0,0
UCI_21731,2011-05-06,6,3.29,0.0,0
UCI_21731,2011-05-09,2,3.29,0.0,0
UCI_21731,2011-05-10,63,3.17,0.0,0
UCI_21731,2011-05-11,60,1.65,0.0,0
UCI_21731,2011-05-12,61,1.68,0.0,0
UCI_21731,2011-05-16,2,3.29,0.0,0
UCI_21731,2011-05-17,196,1.58,0.0,0
UCI_21731,2011-05-18,160,1.49,0.0,0
UCI_21731,2011-05-19,31,2.18,0.0,0
UCI_21731,2011-05-20,157,1.48,0.0,0
UCI_21731,2011-05-22,2,1.65,0.0,0
UCI_21731,2011-05-23,84,1.65,0.0,0
UCI_21731,2011-05-24,2,3.29,0.0,0
UCI_21731,2011-05-25,88,1.72,0.0,0
UCI_21731,2011-05-26,144,1.45,0.0,0
UCI_21731,2011-05-27,12,1.65,0.0,0
UCI_21731,2011-05-29,2,1.65,0.0,0
UCI_21731,2011-06-01,148,1.5,0.0,0
UCI_21731,2011-06-02,5,1.65,0.0,0
UCI_21731,2011-06-05,12,1.65,0.0,0
UCI_21731,2011-06-06,12,1.65,0.0,0
UCI_21731,2011-06-07,3,1.65,0.0,0
UCI_21731,2011-06-08,24,1.65,0.0,0
UCI_21731,2011-06-09,53,1.8,0.0,0
UCI_21731,2011-06-12,4,1.65,0.0,0
UCI_21731,2011-06-13,12,1.65,0.0,0
UCI_21731,2011-06-14,1,3.29,0.0,0
UCI_21731,2011-06-15,26,1.71,0.0,0
UCI_21731,2011-06-16,2,3.29,0.0,0
UCI_21731,2011-06-17,12,1.65,0.0,0
UCI_21731,2011-06-19,150,1.46,0.0,0
UCI_21731,2011-06-20,57,1.68,0.0,0
UCI_21731,2011-06-21,4,2.47,0.0,0
UCI_21731,2011-06-22,13,1.65,0.0,0
UCI_21731,2011-06-23,5,1.98,0.0,0
UCI_21731,2011-06-24,1,3.29,0.0,0
UCI_21731,2011-06-28,156,1.47,0.0,0
UCI_21731,2011-06-29,3,3.29,0.0,0
UCI_21731,2011-06-30,24,1.65,0.0,0
UCI_21731,2011-07-04,2,3.29,0.0,0
UCI_21731,2011-07-05,49,1.68,0.0,0
UCI_21731,2011-07-06,59,1.76,0.0,0
UCI_21731,2011-07-07,27,1.83,0.0,0
UCI_21731,2011-07-08,4,1.65,0.0,0
UCI_21731,2011-07-10,14,1.65,0.0,0
UCI_21731,2011-07-11,6,1.92,0.0,0
UCI_21731,2011-07-12,5,3.96,0.0,0
UCI_21731,2011-07-13,1,3.29,0.0,0
UCI_21731,2011-07-17,36,1.65,0.0,0
UCI_21731,2011-07-18,11,3.15,0.0,0
UCI_21731,2011-07-19,72,1.65,0.0,0
UCI_21731,2011-07-21,3,4.13,0.0,0
UCI_21731,2011-07-22,2,3.29,0.0,0
UCI_21731,2011-07-24,56,1.65,0.0,0
UCI_21731,2011-07-25,1,4.13,0.0,0
UCI_21731,2011-07-26,91,1.67,0.0,0
UCI_21731,2011-07-27,63,1.73,0.0,0
UCI_21731,2011-07-28,6,2.74,0.0,0
UCI_21731,2011-07-29,1,3.29,0.0,0
UCI_21731,2011-07-31,12,1.65,0.0,0
UCI_21731,2011-08-02,38,1.74,0.0,0
UCI_21731,2011-08-03,2,1.65,0.0,0
UCI_21731,2011-08-04,624,1.47,0.0,0
UCI_21731,2011-08-05,4,1.65,0.0,0
UCI_21731,2011-08-08,4,3.29,0.0,0
UCI_21731,2011-08-09,145,1.46,0.0,0
UCI_21731,2011-08-10,15,1.76,0.0,0
UCI_21731,2011-08-11,472,1.57,0.0,0
UCI_21731,2011-08-12,324,1.47,0.0,0
UCI_21731,2011-08-17,39,2.35,0.0,0
UCI_21731,2011-08-18,436,1.45,0.0,0
UCI_21731,2011-08-19,48,1.65,0.0,0
UCI_21731,2011-08-21,12,1.65,0.0,0
UCI_21731,2011-08-22,36,1.65,0.0,0
UCI_21731,2011-08-23,10,1.65,0.0,0
UCI_21731,2011-08-24,14,3.6,0.0,0
UCI_21731,2011-08-25,49,1.7,0.0,0
UCI_21731,2011-08-26,12,1.65,0.0,0
UCI_21731,2011-08-30,13,3.29,0.0,0
UCI_21731,2011-08-31,41,1.95,0.0,0
UCI_21731,2011-09-02,42,1.92,0.0,0
UCI_21731,2011-09-04,12,1.65,0.0,0
UCI_21731,2011-09-05,1,3.29,0.0,0
UCI_21731,2011-09-06,36,1.65,0.0,0
UCI_21731,2011-09-07,50,2.34,0.0,0
UCI_21731,2011-09-08,12,1.65,0.0,0
UCI_21731,2011-09-09,24,1.65,0.0,0
UCI_21731,2011-09-11,180,1.49,0.0,0
UCI_21731,2011-09-13,31,2.18,0.0,0
UCI_21731,2011-09-15,61,2.18,0.0,0
UCI_21731,2011-09-16,76,1.78,0.0,0
UCI_21731,2011-09-18,2,1.65,0.0,0
UCI_21731,2011-09-19,372,1.5,0.0,0
UCI_21731,2011-09-20,9,4.13,0.0,0
UCI_21731,2011-09-21,14,1.88,0.0,0
UCI_21731,2011-09-22,43,1.69,0.0,0
UCI_21731,2011-09-23,74,2.04,0.0,0
UCI_21731,2011-09-25,43,1.65,0.0,0
UCI_21731,2011-09-26,68,1.65,0.0,0
UCI_21731,2011-09-27,46,1.97,0.0,0
UCI_21731,2011-09-28,53,1.77,0.0,0
UCI_21731,2011-09-29,85,1.67,0.0,0
UCI_21731,2011-09-30,16,2.94,0.0,0
UCI_21731,2011-10-02,5,1.65,0.0,0
UCI_21731,2011-10-03,4,3.29,0.0,0
UCI_21731,2011-10-04,17,2.13,0.0,0
UCI_21731,2011-10-05,37,1.65,0.0,0
UCI_21731,2011-10-06,27,1.77,0.0,0
UCI_21731,2011-10-07,25,1.72,0.0,0
UCI_21731,2011-10-09,12,1.65,0.0,0
UCI_21731,2011-10-10,53,2.02,0.0,0
UCI_21731,2011-10-11,24,1.65,0.0,0
UCI_21731,2011-10-12,61,1.68,0.0,0
UCI_21731,2011-10-13,47,2.19,0.0,0
UCI_21731,2011-10-14,1,3.29,0.0,0
UCI_21731,2011-10-16,10,1.65,0.0,0
UCI_21731,2011-10-17,56,1.97,0.0,0
UCI_21731,2011-10-18,29,1.82,0.0,0
UCI_21731,2011-10-19,42,1.89,0.0,0
UCI_21731,2011-10-20,288,1.45,0.0,0
UCI_21731,2011-10-21,12,1.65,0.0,0
UCI_21731,2011-10-23,2,1.65,0.0,0
UCI_21731,2011-10-24,6,3.71,0.0,0
UCI_21731,2011-10-25,36,1.65,0.0,0
UCI_21731,2011-10-26,8,3.82,0.0,0
UCI_21731,2011-10-27,36,1.65,0.0,0
UCI_21731,2011-10-28,24,1.65,0.0,0
UCI_21731,2011-10-30,36,1.65,0.0,0
UCI_21731,2011-10-31,71,2.22,0.0,0
UCI_21731,2011-11-01,6,1.65,0.0,0
UCI_21731,2011-11-02,16,2.06,0.0,0
UCI_21731,2011-11-03,24,1.65,0.0,0
UCI_21731,2011-11-04,65,1.78,0.0,0
UCI_21731,2011-11-06,40,1.65,0.0,0
UCI_21731,2011-11-07,7,3.42,0.0,0
UCI_21731,2011-11-08,98,1.93,0.0,0
UCI_21731,2011-11-09,16,1.85,0.0,0
UCI_21731,2011-11-10,1,3.29,0.0,0
UCI_21731,2011-11-11,268,1.57,0.0,0
UCI_21731,2011-11-13,35,2.5,0.0,0
UCI_21731,2011-11-14,107,1.77,0.0,0
UCI_21731,2011-11-15,167,1.57,0.0,0
UCI_21731,2011-11-16,78,2.12,0.0,0
UCI_21731,2011-11-17,265,1.57,0.0,0
UCI_21731,2011-11-18,174,1.7,0.0,0
UCI_21731,2011-11-20,42,2.0,0.0,0
UCI_21731,2011-11-21,14,1.77,0.0,0
UCI_21731,2011-11-22,45,1.98,0.0,0
UCI_21731,2011-11-23,89,2.14,0.0,0
UCI_21731,2011-11-24,40,1.81,0.0,0
UCI_21731,2011-11-25,81,2.21,0.0,0
UCI_21731,2011-11-27,16,1.65,0.0,0
UCI_21731,2011-11-28,69,1.94,0.0,0
UCI_21731,2011-11-29,69,2.23,0.0,0
UCI_21731,2011-11-30,47,2.18,0.0,0
UCI_21731,2011-12-01,51,1.94,0.0,0
UCI_21731,2011-12-02,105,1.8,0.0,0
UCI_21731,2011-12-04,18,1.65,0.0,0
UCI_21731,2011-12-05,40,2.93,0.0,0
UCI_21731,2011-12-06,38,2.21,0.0,0
UCI_21731,2011-12-07,145,1.67,0.0,0
UCI_21731,2011-12-08,49,2.57,0.0,0
UCI_21731,2011-12-09,39,2.47,0.0,0
UCI_21790,2010-12-01,41,1.13,0.0,0
UCI_21790,2010-12-02,228,0.77,0.0,0
UCI_21790,2010-12-03,21,1.2,0.0,0
UCI_21790,2010-12-05,23,0.85,0.0,0
UCI_21790,2010-12-06,108,0.88,0.0,0
UCI_21790,2010-12-07,18,1.12,0.0,0
UCI_21790,2010-12-08,196,0.77,0.0,0
UCI_21790,2010-12-09,25,1.01,0.0,0
UCI_21790,2010-12-10,121,0.86,0.0,0
UCI_21790,2010-12-12,18,0.85,0.0,0
UCI_21790,2010-12-13,3,1.66,0.0,0
UCI_21790,2010-12-14,60,0.85,0.0,0
UCI_21790,2010-12-16,12,0.85,0.0,0
UCI_21790,2010-12-17,37,1.4,0.0,0
UCI_21790,2010-12-19,2,0.85,0.0,0
UCI_21790,2010-12-20,17,1.09,0.0,0
UCI_21790,2010-12-21,2,0.85,0.0,0
UCI_21790,2010-12-23,13,0.91,0.0,0
UCI_21790,2011-01-04,144,0.72,0.0,0
UCI_21790,2011-01-05,74,0.75,0.0,0
UCI_21790,2011-01-06,13,0.91,0.0,0
UCI_21790,2011-01-07,5,1.17,0.0,0
UCI_21790,2011-01-12,19,0.89,0.0,0
UCI_21790,2011-01-13,2,1.63,0.0,0
UCI_21790,2011-01-14,1,1.63,0.0,0
UCI_21790,2011-01-16,2,0.85,0.0,0
UCI_21790,2011-01-17,29,0.98,0.0,0
UCI_21790,2011-01-20,7,0.96,0.0,0
UCI_21790,2011-01-23,5,0.85,0.0,0
UCI_21790,2011-01-24,1,1.63,0.0,0
UCI_21790,2011-01-25,73,0.73,0.0,0
UCI_21790,2011-01-26,12,0.85,0.0,0
UCI_21790,2011-01-27,12,0.85,0.0,0
UCI_21790,2011-01-28,12,0.85,0.0,0
UCI_21790,2011-01-31,12,0.85,0.0,0
UCI_21790,2011-02-01,12,0.85,0.0,0
UCI_21790,2011-02-02,1,1.63,0.0,0
UCI_21790,2011-02-03,12,0.85,0.0,0
UCI_21790,2011-02-04,12,0.85,0.0,0
UCI_21790,2011-02-07,24,0.85,0.0,0
UCI_21790,2011-02-08,2,1.63,0.0,0
UCI_21790,2011-02-09,1,1.63,0.0,0
UCI_21790,2011-02-10,3,0.85,0.0,0
UCI_21790,2011-02-11,13,0.91,0.0,0
UCI_21790,2011-02-13,1,0.85,0.0,0
UCI_21790,2011-02-14,13,0.91,0.0,0
UCI_21790,2011-02-15,24,0.85,0.0,0
UCI_21790,2011-02-17,36,0.85,0.0,0
UCI_21790,2011-02-21,172,0.75,0.0,0
UCI_21790,2011-02-22,2,0.85,0.0,0
UCI_21790,2011-02-24,24,0.85,0.0,0
UCI_21790,2011-02-27,18,0.85,0.0,0
UCI_21790,2011-02-28,19,0.89,0.0,0
UCI_21790,2011-03-01,12,0.85,0.0,0
UCI_21790,2011-03-02,24,0.85,0.0,0
UCI_21790,2011-03-03,3,1.11,0.0,0
UCI_21790,2011-03-04,37,0.87,0.0,0
UCI_21790,2011-03-07,15,1.01,0.0,0
UCI_21790,2011-03-08,26,0.91,0.0,0
UCI_21790,2011-03-09,12,0.85,0.0,0
UCI_21790,2011-03-10,84,0.74,0.0,0
UCI_21790,2011-03-11,3,0.85,0.0,0
UCI_21790,2011-03-13,3,0.85,0.0,0
UCI_21790,2011-03-14,36,0.85,0.0,0
UCI_21790,2011-03-15,15,0.85,0.0,0
UCI_21790,2011-03-16,2,0.85,0.0,0
UCI_21790,2011-03-17,48,0.9,0.0,0
UCI_21790,2011-03-18,84,0.74,0.0,0
UCI_21790,2011-03-20,12,0.85,0.0,0
UCI_21790,2011-03-21,15,0.85,0.0,0
UCI_21790,2011-03-22,52,0.91,0.0,0
UCI_21790,2011-03-24,12,0.85,0.0,0
UCI_21790,2011-03-25,28,0.85,0.0,0
UCI_21790,2011-03-27,1,0.85,0.0,0
UCI_21790,2011-03-28,13,0.91,0.0,0
UCI_21790,2011-03-29,113,1.6,0.0,0
UCI_21790,2011-03-30,88,0.74,0.0,0
UCI_21790,2011-03-31,27,0.85,0.0,0
UCI_21790,2011-04-01,73,0.85,0.0,0
UCI_21790,2011-04-03,4,0.85,0.0,0
UCI_21790,2011-04-04,72,0.72,0.0,0
UCI_21790,2011-04-05,12,0.85,0.0,0
UCI_21790,2011-04-06,13,0.85,0.0,0
UCI_21790,2011-04-07,15,0.85,0.0,0
UCI_21790,2011-04-08,67,0.86,0.0,0
UCI_21790,2011-04-10,1,0.85,0.0,0
UCI_21790,2011-04-11,24,0.85,0.0,0
UCI_21790,2011-04-12,48,0.85,0.0,0
UCI_21790,2011-04-13,12,0.85,0.0,0
UCI_21790,2011-04-14,228,0.73,0.0,0
UCI_21790,2011-04-15,2,0.85,0.0,0
UCI_21790,2011-04-17,27,0.85,0.0,0
UCI_21790,2011-04-18,47,1.03,0.0,0
UCI_21790,2011-04-19,25,0.88,0.0,0
UCI_21790,2011-04-20,36,0.85,0.0,0
UCI_21790,2011-04-21,265,0.75,0.0,0
UCI_21790,2011-04-26,12,0.85,0.0,0
UCI_21790,2011-04-27,19,1.01,0.0,0
UCI_21790,2011-04-28,24,0.85,0.0,0
UCI_21790,2011-05-01,13,0.85,0.0,0
UCI_21790,2011-05-03,1,1.63,0.0,0
UCI_21790,2011-05-04,24,0.85,0.0,0
UCI_21790,2011-05-05,38,0.89,0.0,0
UCI_21790,2011-05-06,74,0.74,0.0,0
UCI_21790,2011-05-08,24,0.85,0.0,0
UCI_21790,2011-05-09,24,1.08,0.0,0
UCI_21790,2011-05-10,13,0.85,0.0,0
UCI_21790,2011-05-11,195,0.75,0.0,0
UCI_21790,2011-05-12,13,0.91,0.0,0
UCI_21790,2011-05-13,12,0.85,0.0,0
UCI_21790,2011-05-15,12,0.85,0.0,0
UCI_21790,2011-05-16,81,0.9,0.0,0
UCI_21790,2011-05-17,12,0.85,0.0,0
UCI_21790,2011-05-18,12,0.85,0.0,0
UCI_21790,2011-05-19,12,0.85,0.0,0
UCI_21790,2011-05-20,12,0.85,0.0,0
UCI_21790,2011-05-22,4,0.85,0.0,0
UCI_21790,2011-05-23,23,0.85,0.0,0
UCI_21790,2011-05-24,2,1.63,0.0,0
UCI_21790,2011-05-26,48,0.85,0.0,0
UCI_21790,2011-05-27,12,0.85,0.0,0
UCI_21790,2011-05-29,2,0.85,0.0,0
UCI_21790,2011-05-31,157,0.73,0.0,0
UCI_21790,2011-06-01,8,1.24,0.0,0
UCI_21790,2011-06-02,1,1.63,0.0,0
UCI_21790,2011-06-03,13,0.85,0.0,0
UCI_21790,2011-06-06,12,0.85,0.0,0
UCI_21790,2011-06-07,21,0.96,0.0,0
UCI_21790,2011-06-08,19,0.85,0.0,0
UCI_21790,2011-06-09,48,0.85,0.0,0
UCI_21790,2011-06-10,2,1.24,0.0,0
UCI_21790,2011-06-12,12,0.85,0.0,0
UCI_21790,2011-06-13,24,0.85,0.0,0
UCI_21790,2011-06-14,22,1.13,0.0,0
UCI_21790,2011-06-15,74,0.74,0.0,0
UCI_21790,2011-06-16,4,0.85,0.0,0
UCI_21790,2011-06-19,66,0.85,0.0,0
UCI_21790,2011-06-20,32,1.34,0.0,0
UCI_21790,2011-06-21,290,0.58,0.0,0
UCI_21790,2011-06-22,14,0.85,0.0,0
UCI_21790,2011-06-23,37,0.87,0.0,0
UCI_21790,2011-06-24,1,1.63,0.0,0
UCI_21790,2011-06-28,1,0.85,0.0,0
UCI_21790,2011-06-29,85,0.75,0.0,0
UCI_21790,2011-07-01,48,0.85,0.0,0
UCI_21790,2011-07-03,15,0.85,0.0,0
UCI_21790,2011-07-04,53,0.91,0.0,0
UCI_21790,2011-07-05,51,0.9,0.0,0
UCI_21790,2011-07-06,9,1.02,0.0,0
UCI_21790,2011-07-07,1,1.63,0.0,0
UCI_21790,2011-07-08,8,0.85,0.0,0
UCI_21790,2011-07-10,19,0.85,0.0,0
UCI_21790,2011-07-11,144,0.72,0.0,0
UCI_21790,2011-07-12,148,0.74,0.0,0
UCI_21790,2011-07-13,13,0.91,0.0,0
UCI_21790,2011-07-14,13,0.91,0.0,0
UCI_21790,2011-07-15,19,0.85,0.0,0
UCI_21790,2011-07-17,15,0.85,0.0,0
UCI_21790,2011-07-18,2,1.63,0.0,0
UCI_21790,2011-07-19,110,0.76,0.0,0
UCI_21790,2011-07-20,19,0.89,0.0,0
UCI_21790,2011-07-21,21,0.89,0.0,0
UCI_21790,2011-07-22,26,0.91,0.0,0
UCI_21790,2011-07-24,12,0.85,0.0,0
UCI_21790,2011-07-25,75,0.76,0.0,0
UCI_21790,2011-07-26,1,1.63,0.0,0
UCI_21790,2011-07-27,28,0.93,0.0,0
UCI_21790,2011-07-28,289,0.58,0.0,0
UCI_21790,2011-07-29,24,0.85,0.0,0
UCI_21790,2011-07-31,14,0.85,0.0,0
UCI_21790,2011-08-01,2,0.85,0.0,0
UCI_21790,2011-08-02,1,1.63,0.0,0
UCI_21790,2011-08-03,51,0.85,0.0,0
UCI_21790,2011-08-04,18,0.85,0.0,0
UCI_21790,2011-08-05,31,0.85,0.0,0
UCI_21790,2011-08-08,14,0.85,0.0,0
UCI_21790,2011-08-09,24,0.85,0.0,0
UCI_21790,2011-08-10,25,0.88,0.0,0
UCI_21790,2011-08-11,231,0.78,0.0,0
UCI_21790,2011-08-12,12,0.85,0.0,0
UCI_21790,2011-08-14,36,0.85,0.0,0
UCI_21790,2011-08-15,60,0.85,0.0,0
UCI_21790,2011-08-16,3,0.85,0.0,0
UCI_21790,2011-08-17,26,0.85,0.0,0
UCI_21790,2011-08-18,74,0.85,0.0,0
UCI_21790,2011-08-19,12,0.85,0.0,0
UCI_21790,2011-08-21,2,0.85,0.0,0
UCI_21790,2011-08-22,49,0.85,0.0,0
UCI_21790,2011-08-23,12,0.85,0.0,0
UCI_21790,2011-08-24,30,0.98,0.0,0
UCI_21790,2011-08-25,12,0.85,0.0,0
UCI_21790,2011-08-26,12,0.85,0.0,0
UCI_21790,2011-08-28,24,0.85,0.0,0
UCI_21790,2011-08-30,11,1.49,0.0,0
UCI_21790,2011-08-31,1,1.63,0.0,0
UCI_21790,2011-09-01,254,0.74,0.0,0
UCI_21790,2011-09-02,30,0.93,0.0,0
UCI_21790,2011-09-04,15,0.85,0.0,0
UCI_21790,2011-09-05,234,0.73,0.0,0
UCI_21790,2011-09-06,12,0.85,0.0,0
UCI_21790,2011-09-07,13,0.91,0.0,0
UCI_21790,2011-09-08,181,0.8,0.0,0
UCI_21790,2011-09-09,384,0.6,0.0,0
UCI_21790,2011-09-11,144,0.72,0.0,0
UCI_21790,2011-09-12,33,0.87,0.0,0
UCI_21790,2011-09-13,50,0.88,0.0,0
UCI_21790,2011-09-14,2,0.85,0.0,0
UCI_21790,2011-09-15,65,0.86,0.0,0
UCI_21790,2011-09-16,64,0.9,0.0,0
UCI_21790,2011-09-18,8,0.85,0.0,0
UCI_21790,2011-09-19,14,0.85,0.0,0
UCI_21790,2011-09-20,312,0.73,0.0,0
UCI_21790,2011-09-21,108,0.79,0.0,0
UCI_21790,2011-09-22,70,0.85,0.0,0
UCI_21790,2011-09-23,49,0.85,0.0,0
UCI_21790,2011-09-25,44,0.85,0.0,0
UCI_21790,2011-09-26,180,0.8,0.0,0
UCI_21790,2011-09-27,38,1.14,0.0,0
UCI_21790,2011-09-28,2,1.24,0.0,0
UCI_21790,2011-09-29,84,0.85,0.0,0
UCI_21790,2011-09-30,32,0.87,0.0,0
UCI_21790,2011-10-02,7,0.85,0.0,0
UCI_21790,2011-10-03,51,0.9,0.0,0
UCI_21790,2011-10-04,255,0.75,0.0,0
UCI_21790,2011-10-05,74,0.87,0.0,0
UCI_21790,2011-10-06,40,0.87,0.0,0
UCI_21790,2011-10-07,145,0.86,0.0,0
UCI_21790,2011-10-09,6,0.85,0.0,0
UCI_21790,2011-10-10,13,0.91,0.0,0
UCI_21790,2011-10-11,86,0.76,0.0,0
UCI_21790,2011-10-12,71,0.9,0.0,0
UCI_21790,2011-10-13,50,0.88,0.0,0
UCI_21790,2011-10-14,25,0.88,0.0,0
UCI_21790,2011-10-16,56,0.85,0.0,0
UCI_21790,2011-10-17,46,0.92,0.0,0
UCI_21790,2011-10-18,137,0.79,0.0,0
UCI_21790,2011-10-19,49,0.85,0.0,0
UCI_21790,2011-10-20,25,0.85,0.0,0
UCI_21790,2011-10-21,31,0.85,0.0,0
UCI_21790,2011-10-23,12,0.85,0.0,0
UCI_21790,2011-10-24,65,0.95,0.0,0
UCI_21790,2011-10-25,41,0.85,0.0,0
UCI_21790,2011-10-26,2,0.85,0.0,0
UCI_21790,2011-10-27,157,0.79,0.0,0
UCI_21790,2011-10-28,107,0.76,0.0,0
UCI_21790,2011-10-30,9,0.85,0.0,0
UCI_21790,2011-10-31,30,1.42,0.0,0
UCI_21790,2011-11-01,29,0.85,0.0,0
UCI_21790,2011-11-02,319,0.62,0.0,0
UCI_21790,2011-11-03,37,0.87,0.0,0
UCI_21790,2011-11-04,31,0.88,0.0,0
UCI_21790,2011-11-06,98,0.85,0.0,0
UCI_21790,2011-11-07,280,1.85,0.0,0
UCI_21790,2011-11-08,40,1.1,0.0,0
UCI_21790,2011-11-09,159,0.81,0.0,0
UCI_21790,2011-11-10,55,0.92,0.0,0
UCI_21790,2011-11-11,67,0.99,0.0,0
UCI_21790,2011-11-13,190,0.75,0.0,0
UCI_21790,2011-11-14,385,1.66,0.0,0
UCI_21790,2011-11-15,52,1.03,0.0,0
UCI_21790,2011-11-16,112,0.82,0.0,0
UCI_21790,2011-11-17,13,0.91,0.0,0
UCI_21790,2011-11-18,19,0.97,0.0,0
UCI_21790,2011-11-20,177,0.8,0.0,0
UCI_21790,2011-11-21,52,0.89,0.0,0
UCI_21790,2011-11-22,102,0.89,0.0,0
UCI_21790,2011-11-23,113,0.93,0.0,0
UCI_21790,2011-11-24,92,0.9,0.0,0
UCI_21790,2011-11-25,55,0.95,0.0,0
UCI_21790,2011-11-27,18,0.85,0.0,0
UCI_21790,2011-11-28,109,1.06,0.0,0
UCI_21790,2011-11-29,88,0.94,0.0,0
UCI_21790,2011-11-30,46,1.04,0.0,0
UCI_21790,2011-12-01,349,0.78,0.0,0
UCI_21790,2011-12-02,9,0.85,0.0,0
UCI_21790,2011-12-04,66,0.85,0.0,0
UCI_21790,2011-12-05,87,1.07,0.0,0
UCI_21790,2011-12-06,34,1.01,0.0,0
UCI_21790,2011-12-07,38,0.87,0.0,0
UCI_21790,2011-12-08,71,1.08,0.0,0
UCI_21790,2011-12-09,13,1.21,0.0,0
UCI_21915,2010-12-01,101,1.31,0.0,0
UCI_21915,2010-12-02,1448,1.07,0.0,0
UCI_21915,2010-12-03,14,1.43,0.0,0
UCI_21915,2010-12-05,97,1.25,0.0,0
UCI_21915,2010-12-06,55,1.55,0.0,0
UCI_21915,2010-12-07,65,1.33,0.0,0
UCI_21915,2010-12-09,19,1.38,0.0,0
UCI_21915,2010-12-10,26,1.35,0.0,0
UCI_21915,2010-12-12,73,1.25,0.0,0
UCI_21915,2010-12-13,38,1.32,0.0,0
UCI_21915,2010-12-14,126,1.25,0.0,0
UCI_21915,2010-12-15,12,1.25,0.0,0
UCI_21915,2010-12-16,109,1.19,0.0,0
UCI_21915,2010-12-17,29,1.99,0.0,0
UCI_21915,2010-12-20,11,1.59,0.0,0
UCI_21915,2010-12-21,2,1.88,0.0,0
UCI_21915,2011-01-04,1,2.51,0.0,0
UCI_21915,2011-01-05,18,1.25,0.0,0
UCI_21915,2011-01-06,252,1.07,0.0,0
UCI_21915,2011-01-09,14,1.25,0.0,0
UCI_21915,2011-01-10,12,1.25,0.0,0
UCI_21915,2011-01-11,12,1.25,0.0,0
UCI_21915,2011-01-13,12,1.25,0.0,0
UCI_21915,2011-01-14,36,1.25,0.0,0
UCI_21915,2011-01-17,25,1.3,0.0,0
UCI_21915,2011-01-18,13,1.34,0.0,0
UCI_21915,2011-01-19,24,1.25,0.0,0
UCI_21915,2011-01-20,24,1.25,0.0,0
UCI_21915,2011-01-21,13,1.34,0.0,0
UCI_21915,2011-01-23,17,1.25,0.0,0
UCI_21915,2011-01-24,12,1.25,0.0,0
UCI_21915,2011-01-25,22,1.8,0.0,0
UCI_21915,2011-01-26,24,1.25,0.0,0
UCI_21915,2011-01-27,12,1.25,0.0,0
UCI_21915,2011-01-28,12,1.25,0.0,0
UCI_21915,2011-01-30,2,1.25,0.0,0
UCI_21915,2011-01-31,61,1.25,0.0,0
UCI_21915,2011-02-01,24,1.25,0.0,0
UCI_21915,2011-02-02,25,1.3,0.0,0
UCI_21915,2011-02-03,422,1.06,0.0,0
UCI_21915,2011-02-04,24,1.25,0.0,0
UCI_21915,2011-02-08,1,1.25,0.0,0
UCI_21915,2011-02-09,12,1.25,0.0,0
UCI_21915,2011-02-11,12,1.25,0.0,0
UCI_21915,2011-02-14,13,1.34,0.0,0
UCI_21915,2011-02-17,14,1.25,0.0,0
UCI_21915,2011-02-18,12,1.25,0.0,0
UCI_21915,2011-02-21,15,1.49,0.0,0
UCI_21915,2011-02-22,13,1.25,0.0,0
UCI_21915,2011-02-23,36,1.25,0.0,0
UCI_21915,2011-02-24,36,1.25,0.0,0
UCI_21915,2011-02-25,24,1.25,0.0,0
UCI_21915,2011-02-27,1,1.25,0.0,0
UCI_21915,2011-02-28,12,1.25,0.0,0
UCI_21915,2011-03-01,48,1.25,0.0,0
UCI_21915,2011-03-03,240,1.06,0.0,0
UCI_21915,2011-03-04,304,1.08,0.0,0
UCI_21915,2011-03-07,252,1.07,0.0,0
UCI_21915,2011-03-08,2,2.46,0.0,0
UCI_21915,2011-03-09,26,1.25,0.0,0
UCI_21915,2011-03-10,36,1.25,0.0,0
UCI_21915,2011-03-13,3,1.25,0.0,0
UCI_21915,2011-03-14,60,1.25,0.0,0
UCI_21915,2011-03-15,12,1.25,0.0,0
UCI_21915,2011-03-16,12,1.25,0.0,0
UCI_21915,2011-03-17,60,1.25,0.0,0
UCI_21915,2011-03-18,12,1.25,0.0,0
UCI_21915,2011-03-20,36,1.25,0.0,0
UCI_21915,2011-03-22,24,1.25,0.0,0
UCI_21915,2011-03-23,36,1.25,0.0,0
UCI_21915,2011-03-27,60,1.25,0.0,0
UCI_21915,2011-03-28,25,1.3,0.0,0
UCI_21915,2011-03-29,69,2.36,0.0,0
UCI_21915,2011-03-30,24,1.25,0.0,0
UCI_21915,2011-03-31,51,1.25,0.0,0
UCI_21915,2011-04-01,572,1.06,0.0,0
UCI_21915,2011-04-03,1,1.25,0.0,0
UCI_21915,2011-04-05,6,1.25,0.0,0
UCI_21915,2011-04-07,16,1.33,0.0,0
UCI_21915,2011-04-08,49,1.27,0.0,0
UCI_21915,2011-04-10,12,1.25,0.0,0
UCI_21915,2011-04-11,36,1.25,0.0,0
UCI_21915,2011-04-13,36,1.25,0.0,0
UCI_21915,2011-04-17,24,1.25,0.0,0
UCI_21915,2011-04-18,23,1.83,0.0,0
UCI_21915,2011-04-19,30,1.25,0.0,0
UCI_21915,2011-04-20,36,1.25,0.0,0
UCI_21915,2011-04-21,36,1.25,0.0,0
UCI_21915,2011-04-26,36,1.19,0.0,0
UCI_21915,2011-04-27,304,1.08,0.0,0
UCI_21915,2011-04-28,24,1.25,0.0,0
UCI_21915,2011-05-04,48,1.25,0.0,0
UCI_21915,2011-05-05,53,1.82,0.0,0
UCI_21915,2011-05-06,27,1.25,0.0,0
UCI_21915,2011-05-08,24,1.25,0.0,0
UCI_21915,2011-05-09,24,1.25,0.0,0
UCI_21915,2011-05-10,24,1.25,0.0,0
UCI_21915,2011-05-11,36,1.25,0.0,0
UCI_21915,2011-05-13,60,1.25,0.0,0
UCI_21915,2011-05-15,16,1.25,0.0,0
UCI_21915,2011-05-16,84,1.25,0.0,0
UCI_21915,2011-05-17,24,1.25,0.0,0
UCI_21915,2011-05-18,24,1.25,0.0,0
UCI_21915,2011-05-19,156,1.25,0.0,0
UCI_21915,2011-05-20,12,1.25,0.0,0
UCI_21915,2011-05-22,12,1.25,0.0,0
UCI_21915,2011-05-23,12,1.25,0.0,0
UCI_21915,2011-05-24,25,1.3,0.0,0
UCI_21915,2011-05-25,12,1.25,0.0,0
UCI_21915,2011-05-26,24,1.25,0.0,0
UCI_21915,2011-05-27,12,1.25,0.0,0
UCI_21915,2011-05-31,280,1.06,0.0,0
UCI_21915,2011-06-01,1,2.46,0.0,0
UCI_21915,2011-06-03,12,1.25,0.0,0
UCI_21915,2011-06-05,12,1.25,0.0,0
UCI_21915,2011-06-06,12,1.25,0.0,0
UCI_21915,2011-06-07,12,1.25,0.0,0
UCI_21915,2011-06-08,24,1.25,0.0,0
UCI_21915,2011-06-09,24,1.25,0.0,0
UCI_21915,2011-06-12,12,1.25,0.0,0
UCI_21915,2011-06-13,36,1.25,0.0,0
UCI_21915,2011-06-14,2,1.86,0.0,0
UCI_21915,2011-06-15,264,1.08,0.0,0
UCI_21915,2011-06-16,72,1.25,0.0,0
UCI_21915,2011-06-17,36,1.25,0.0,0
UCI_21915,2011-06-19,24,1.25,0.0,0
UCI_21915,2011-06-20,1,2.46,0.0,0
UCI_21915,2011-06-21,12,1.25,0.0,0
UCI_21915,2011-06-22,84,1.13,0.0,0
UCI_21915,2011-06-23,240,1.06,0.0,0
UCI_21915,2011-06-24,1,2.46,0.0,0
UCI_21915,2011-06-29,25,1.3,0.0,0
UCI_21915,2011-06-30,14,1.25,0.0,0
UCI_21915,2011-07-01,72,1.25,0.0,0
UCI_21915,2011-07-03,15,1.25,0.0,0
UCI_21915,2011-07-04,14,1.42,0.0,0
UCI_21915,2011-07-05,49,1.27,0.0,0
UCI_21915,2011-07-06,3,1.25,0.0,0
UCI_21915,2011-07-07,4,1.55,0.0,0
UCI_21915,2011-07-08,12,1.25,0.0,0
UCI_21915,2011-07-10,3,1.25,0.0,0
UCI_21915,2011-07-11,6,1.25,0.0,0
UCI_21915,2011-07-12,12,1.25,0.0,0
UCI_21915,2011-07-13,12,1.25,0.0,0
UCI_21915,2011-07-14,48,1.25,0.0,0
UCI_21915,2011-07-15,85,1.26,0.0,0
UCI_21915,2011-07-17,12,1.25,0.0,0
UCI_21915,2011-07-18,61,1.27,0.0,0
UCI_21915,2011-07-19,133,1.25,0.0,0
UCI_21915,2011-07-21,12,1.25,0.0,0
UCI_21915,2011-07-22,1,2.46,0.0,0
UCI_21915,2011-07-24,24,1.25,0.0,0
UCI_21915,2011-07-25,86,1.28,0.0,0
UCI_21915,2011-07-27,12,1.25,0.0,0
UCI_21915,2011-07-28,12,1.25,0.0,0
UCI_21915,2011-07-29,37,1.28,0.0,0
UCI_21915,2011-07-31,39,1.25,0.0,0
UCI_21915,2011-08-01,48,1.25,0.0,0
UCI_21915,2011-08-02,12,1.25,0.0,0
UCI_21915,2011-08-03,24,1.25,0.0,0
UCI_21915,2011-08-04,288,1.09,0.0,0
UCI_21915,2011-08-05,7,1.42,0.0,0
UCI_21915,2011-08-07,2,1.25,0.0,0
UCI_21915,2011-08-08,701,1.06,0.0,0
UCI_21915,2011-08-10,1,1.25,0.0,0
UCI_21915,2011-08-11,144,1.16,0.0,0
UCI_21915,2011-08-12,11,1.25,0.0,0
UCI_21915,2011-08-15,24,1.25,0.0,0
UCI_21915,2011-08-17,72,1.25,0.0,0
UCI_21915,2011-08-18,240,1.06,0.0,0
UCI_21915,2011-08-22,39,1.25,0.0,0
UCI_21915,2011-08-23,48,1.25,0.0,0
UCI_21915,2011-08-24,255,1.07,0.0,0
UCI_21915,2011-08-26,24,1.25,0.0,0
UCI_21915,2011-08-30,1,2.46,0.0,0
UCI_21915,2011-08-31,12,1.25,0.0,0
UCI_21915,2011-09-01,720,1.06,0.0,0
UCI_21915,2011-09-02,852,1.06,0.0,0
UCI_21915,2011-09-04,36,1.25,0.0,0
UCI_21915,2011-09-05,103,1.25,0.0,0
UCI_21915,2011-09-06,12,1.25,0.0,0
UCI_21915,2011-09-07,64,1.27,0.0,0
UCI_21915,2011-09-08,42,1.28,0.0,0
UCI_21915,2011-09-09,14,1.25,0.0,0
UCI_21915,2011-09-11,27,1.25,0.0,0
UCI_21915,2011-09-12,44,1.28,0.0,0
UCI_21915,2011-09-13,38,1.31,0.0,0
UCI_21915,2011-09-14,29,1.25,0.0,0
UCI_21915,2011-09-15,157,1.25,0.0,0
UCI_21915,2011-09-16,36,1.25,0.0,0
UCI_21915,2011-09-18,3,1.25,0.0,0
UCI_21915,2011-09-19,122,1.25,0.0,0
UCI_21915,2011-09-20,12,1.25,0.0,0
UCI_21915,2011-09-21,269,1.13,0.0,0
UCI_21915,2011-09-22,61,1.27,0.0,0
UCI_21915,2011-09-23,19,1.25,0.0,0
UCI_21915,2011-09-25,62,1.25,0.0,0
UCI_21915,2011-09-26,48,1.55,0.0,0
UCI_21915,2011-09-27,3,1.25,0.0,0
UCI_21915,2011-09-28,50,1.25,0.0,0
UCI_21915,2011-09-29,65,1.25,0.0,0
UCI_21915,2011-09-30,132,1.25,0.0,0
UCI_21915,2011-10-02,14,1.25,0.0,0
UCI_21915,2011-10-03,45,1.28,0.0,0
UCI_21915,2011-10-04,1566,1.06,0.0,0
UCI_21915,2011-10-05,64,1.25,0.0,0
UCI_21915,2011-10-06,58,1.25,0.0,0
UCI_21915,2011-10-07,98,1.25,0.0,0
UCI_21915,2011-10-10,34,1.53,0.0,0
UCI_21915,2011-10-11,24,1.25,0.0,0
UCI_21915,2011-10-12,109,1.26,0.0,0
UCI_21915,2011-10-13,61,1.27,0.0,0
UCI_21915,2011-10-14,12,1.25,0.0,0
UCI_21915,2011-10-16,12,1.25,0.0,0
UCI_21915,2011-10-17,293,1.27,0.0,0
UCI_21915,2011-10-18,107,1.27,0.0,0
UCI_21915,2011-10-19,76,1.25,0.0,0
UCI_21915,2011-10-20,65,1.25,0.0,0
UCI_21915,2011-10-21,276,1.08,0.0,0
UCI_21915,2011-10-23,12,1.25,0.0,0
UCI_21915,2011-10-24,33,1.58,0.0,0
UCI_21915,2011-10-25,24,1.25,0.0,0
UCI_21915,2011-10-26,21,1.25,0.0,0
UCI_21915,2011-10-27,99,1.27,0.0,0
UCI_21915,2011-10-28,147,1.25,0.0,0
UCI_21915,2011-10-30,27,1.25,0.0,0
UCI_21915,2011-10-31,42,1.77,0.0,0
UCI_21915,2011-11-01,291,1.09,0.0,0
UCI_21915,2011-11-02,27,1.29,0.0,0
UCI_21915,2011-11-03,2158,1.07,0.0,0
UCI_21915,2011-11-04,80,1.27,0.0,0
UCI_21915,2011-11-06,54,1.25,0.0,0
UCI_21915,2011-11-07,575,2.16,0.0,0
UCI_21915,2011-11-08,59,1.37,0.0,0
UCI_21915,2011-11-09,13,1.34,0.0,0
UCI_21915,2011-11-10,8,2.46,0.0,0
UCI_21915,2011-11-11,6,2.46,0.0,0
UCI_21915,2011-11-14,285,2.92,0.0,0
UCI_21915,2011-11-15,36,1.52,0.0,0
UCI_21915,2011-11-16,22,1.64,0.0,0
UCI_21915,2011-11-17,5,1.49,0.0,0
UCI_21915,2011-11-18,3,2.46,0.0,0
UCI_21915,2011-11-21,3,2.06,0.0,0
UCI_21915,2011-11-22,1,1.25,0.0,0
UCI_21915,2011-11-23,18,1.92,0.0,0
UCI_21915,2011-12-02,1120,1.06,0.0,0
UCI_21915,2011-12-07,2,1.25,0.0,0
UCI_21931,2010-12-01,54,1.99,0.0,0
UCI_21931,2010-12-02,14,1.95,0.0,0
UCI_21931,2010-12-03,43,3.5,0.0,0
UCI_21931,2010-12-05,9,1.95,0.0,0
UCI_21931,2010-12-06,38,2.19,0.0,0
UCI_21931,2010-12-07,25,4.8,0.0,0
UCI_21931,2010-12-08,101,1.68,0.0,0
UCI_21931,2010-12-09,23,1.95,0.0,0
UCI_21931,2010-12-10,35,4.1,0.0,0
UCI_21931,2010-12-12,7,1.95,0.0,0
UCI_21931,2010-12-13,23,2.05,0.0,0
UCI_21931,2010-12-14,72,3.51,0.0,0
UCI_21931,2010-12-15,32,1.95,0.0,0
UCI_21931,2010-12-16,44,1.95,0.0,0
UCI_21931,2010-12-17,3,4.21,0.0,0
UCI_21931,2010-12-20,24,2.23,0.0,0
UCI_21931,2010-12-21,35,5.06,0.0,0
UCI_21931,2010-12-23,3,5.06,0.0,0
UCI_21931,2011-01-04,1,1.95,0.0,0
UCI_21931,2011-01-05,110,1.68,0.0,0
UCI_21931,2011-01-06,59,4.27,0.0,0
UCI_21931,2011-01-07,20,1.95,0.0,0
UCI_21931,2011-01-09,36,1.95,0.0,0
UCI_21931,2011-01-10,130,1.72,0.0,0
UCI_21931,2011-01-11,64,4.96,0.0,0
UCI_21931,2011-01-12,3,4.21,0.0,0
UCI_21931,2011-01-13,5,3.26,0.0,0
UCI_21931,2011-01-14,175,2.38,0.0,0
UCI_21931,2011-01-16,14,1.95,0.0,0
UCI_21931,2011-01-17,11,2.15,0.0,0
UCI_21931,2011-01-18,30,4.88,0.0,0
UCI_21931,2011-01-20,3,2.68,0.0,0
UCI_21931,2011-01-21,33,3.32,0.0,0
UCI_21931,2011-01-23,3,1.95,0.0,0
UCI_21931,2011-01-24,33,2.15,0.0,0
UCI_21931,2011-01-25,164,1.95,0.0,0
UCI_21931,2011-01-26,2,4.13,0.0,0
UCI_21931,2011-01-27,41,2.0,0.0,0
UCI_21931,2011-01-28,19,3.33,0.0,0
UCI_21931,2011-01-31,32,2.09,0.0,0
UCI_21931,2011-02-01,61,1.95,0.0,0
UCI_21931,2011-02-03,20,1.95,0.0,0
UCI_21931,2011-02-04,14,2.57,0.0,0
UCI_21931,2011-02-06,20,1.95,0.0,0
UCI_21931,2011-02-07,40,1.95,0.0,0
UCI_21931,2011-02-08,32,2.63,0.0,0
UCI_21931,2011-02-09,39,3.01,0.0,0
UCI_21931,2011-02-10,15,2.68,0.0,0
UCI_21931,2011-02-11,114,1.74,0.0,0
UCI_21931,2011-02-14,102,1.68,0.0,0
UCI_21931,2011-02-15,123,1.72,0.0,0
UCI_21931,2011-02-16,11,2.15,0.0,0
UCI_21931,2011-02-17,60,3.0,0.0,0
UCI_21931,2011-02-18,205,1.66,0.0,0
UCI_21931,2011-02-20,11,1.95,0.0,0
UCI_21931,2011-02-21,11,2.15,0.0,0
UCI_21931,2011-02-22,110,1.68,0.0,0
UCI_21931,2011-02-23,9,2.92,0.0,0
UCI_21931,2011-02-24,1,4.13,0.0,0
UCI_21931,2011-02-25,43,2.1,0.0,0
UCI_21931,2011-02-28,12,2.13,0.0,0
UCI_21931,2011-03-01,8,4.13,0.0,0
UCI_21931,2011-03-03,21,2.05,0.0,0
UCI_21931,2011-03-04,111,1.68,0.0,0
UCI_21931,2011-03-06,20,1.95,0.0,0
UCI_21931,2011-03-07,43,3.07,0.0,0
UCI_21931,2011-03-08,62,1.95,0.0,0
UCI_21931,2011-03-10,6,2.31,0.0,0
UCI_21931,2011-03-11,6,4.13,0.0,0
UCI_21931,2011-03-14,112,1.68,0.0,0
UCI_21931,2011-03-15,8,1.95,0.0,0
UCI_21931,2011-03-16,2,1.95,0.0,0
UCI_21931,2011-03-17,62,1.83,0.0,0
UCI_21931,2011-03-18,44,2.05,0.0,0
UCI_21931,2011-03-20,40,1.95,0.0,0
UCI_21931,2011-03-21,10,1.95,0.0,0
UCI_21931,2011-03-22,26,2.62,0.0,0
UCI_21931,2011-03-23,117,1.79,0.0,0
UCI_21931,2011-03-24,46,1.95,0.0,0
UCI_21931,2011-03-25,211,1.68,0.0,0
UCI_21931,2011-03-28,125,1.71,0.0,0
UCI_21931,2011-03-29,165,2.23,0.0,0
UCI_21931,2011-03-30,21,2.21,0.0,0
UCI_21931,2011-03-31,16,3.87,0.0,0
UCI_21931,2011-04-01,26,2.06,0.0,0
UCI_21931,2011-04-03,6,2.08,0.0,0
UCI_21931,2011-04-04,95,2.09,0.0,0
UCI_21931,2011-04-07,16,2.21,0.0,0
UCI_21931,2011-04-08,24,1.97,0.0,0
UCI_21931,2011-04-10,108,1.81,0.0,0
UCI_21931,2011-04-11,10,2.08,0.0,0
UCI_21931,2011-04-12,20,2.01,0.0,0
UCI_21931,2011-04-13,44,2.08,0.0,0
UCI_21931,2011-04-14,42,2.08,0.0,0
UCI_21931,2011-04-15,52,3.34,0.0,0
UCI_21931,2011-04-17,14,2.08,0.0,0
UCI_21931,2011-04-18,29,2.57,0.0,0
UCI_21931,2011-04-19,15,2.22,0.0,0
UCI_21931,2011-04-20,10,2.08,0.0,0
UCI_21931,2011-04-21,15,2.35,0.0,0
UCI_21931,2011-04-26,54,3.37,0.0,0
UCI_21931,2011-04-27,32,2.08,0.0,0
UCI_21931,2011-04-28,13,2.08,0.0,0
UCI_21931,2011-05-01,30,2.08,0.0,0
UCI_21931,2011-05-03,64,2.18,0.0,0
UCI_21931,2011-05-04,15,2.08,0.0,0
UCI_21931,2011-05-05,21,2.28,0.0,0
UCI_21931,2011-05-06,50,2.28,0.0,0
UCI_21931,2011-05-08,31,2.08,0.0,0
UCI_21931,2011-05-09,30,2.22,0.0,0
UCI_21931,2011-05-10,186,2.76,0.0,0
UCI_21931,2011-05-11,114,1.83,0.0,0
UCI_21931,2011-05-12,10,2.08,0.0,0
UCI_21931,2011-05-13,113,1.82,0.0,0
UCI_21931,2011-05-15,10,2.08,0.0,0
UCI_21931,2011-05-16,33,2.76,0.0,0
UCI_21931,2011-05-17,41,3.63,0.0,0
UCI_21931,2011-05-18,16,2.46,0.0,0
UCI_21931,2011-05-19,52,2.83,0.0,0
UCI_21931,2011-05-20,41,2.13,0.0,0
UCI_21931,2011-05-22,13,2.08,0.0,0
UCI_21931,2011-05-23,50,2.74,0.0,0
UCI_21931,2011-05-24,2,4.13,0.0,0
UCI_21931,2011-05-25,162,1.91,0.0,0
UCI_21931,2011-05-26,19,2.84,0.0,0
UCI_21931,2011-05-27,33,2.89,0.0,0
UCI_21931,2011-05-29,5,2.08,0.0,0
UCI_21931,2011-05-31,60,2.08,0.0,0
UCI_21931,2011-06-01,17,2.92,0.0,0
UCI_21931,2011-06-02,27,3.37,0.0,0
UCI_21931,2011-06-03,10,2.08,0.0,0
UCI_21931,2011-06-05,30,2.08,0.0,0
UCI_21931,2011-06-06,13,2.08,0.0,0
UCI_21931,2011-06-07,43,2.22,0.0,0
UCI_21931,2011-06-08,94,3.63,0.0,0
UCI_21931,2011-06-09,45,2.31,0.0,0
UCI_21931,2011-06-10,31,3.27,0.0,0
UCI_21931,2011-06-12,4,2.08,0.0,0
UCI_21931,2011-06-13,30,3.1,0.0,0
UCI_21931,2011-06-14,11,2.08,0.0,0
UCI_21931,2011-06-15,37,3.47,0.0,0
UCI_21931,2011-06-16,24,2.25,0.0,0
UCI_21931,2011-06-17,11,2.08,0.0,0
UCI_21931,2011-06-20,51,3.73,0.0,0
UCI_21931,2011-06-21,145,1.92,0.0,0
UCI_21931,2011-06-22,15,2.08,0.0,0
UCI_21931,2011-06-23,13,2.08,0.0,0
UCI_21931,2011-06-24,20,2.7,0.0,0
UCI_21931,2011-06-27,41,3.13,0.0,0
UCI_21931,2011-06-28,230,1.87,0.0,0
UCI_21931,2011-06-29,127,1.88,0.0,0
UCI_21931,2011-06-30,11,2.08,0.0,0
UCI_21931,2011-07-01,26,3.5,0.0,0
UCI_21931,2011-07-03,2,2.08,0.0,0
UCI_21931,2011-07-04,52,2.87,0.0,0
UCI_21931,2011-07-05,45,2.4,0.0,0
UCI_21931,2011-07-06,65,2.24,0.0,0
UCI_21931,2011-07-07,7,2.37,0.0,0
UCI_21931,2011-07-08,178,2.35,0.0,0
UCI_21931,2011-07-10,4,2.08,0.0,0
UCI_21931,2011-07-11,3,2.76,0.0,0
UCI_21931,2011-07-12,4,3.62,0.0,0
UCI_21931,2011-07-13,34,2.32,0.0,0
UCI_21931,2011-07-14,1,2.08,0.0,0
UCI_21931,2011-07-15,42,2.18,0.0,0
UCI_21931,2011-07-17,102,1.8,0.0,0
UCI_21931,2011-07-18,46,3.68,0.0,0
UCI_21931,2011-07-20,150,1.89,0.0,0
UCI_21931,2011-07-21,26,4.05,0.0,0
UCI_21931,2011-07-22,14,2.08,0.0,0
UCI_21931,2011-07-24,51,2.08,0.0,0
UCI_21931,2011-07-25,16,2.85,0.0,0
UCI_21931,2011-07-26,6,2.42,0.0,0
UCI_21931,2011-07-27,135,1.9,0.0,0
UCI_21931,2011-07-28,23,2.26,0.0,0
UCI_21931,2011-07-29,41,2.08,0.0,0
UCI_21931,2011-07-31,10,2.08,0.0,0
UCI_21931,2011-08-01,131,1.86,0.0,0
UCI_21931,2011-08-02,20,2.08,0.0,0
UCI_21931,2011-08-03,4,2.08,0.0,0
UCI_21931,2011-08-04,116,1.87,0.0,0
UCI_21931,2011-08-05,112,1.79,0.0,0
UCI_21931,2011-08-07,10,2.08,0.0,0
UCI_21931,2011-08-08,15,2.22,0.0,0
UCI_21931,2011-08-09,30,2.08,0.0,0
UCI_21931,2011-08-10,121,1.86,0.0,0
UCI_21931,2011-08-11,118,3.96,0.0,0
UCI_21931,2011-08-12,18,2.42,0.0,0
UCI_21931,2011-08-14,5,2.08,0.0,0
UCI_21931,2011-08-15,22,2.08,0.0,0
UCI_21931,2011-08-16,50,2.08,0.0,0
UCI_21931,2011-08-17,157,1.92,0.0,0
UCI_21931,2011-08-18,141,1.85,0.0,0
UCI_21931,2011-08-19,20,2.08,0.0,0
UCI_21931,2011-08-21,25,2.08,0.0,0
UCI_21931,2011-08-22,50,2.08,0.0,0
UCI_21931,2011-08-23,86,2.08,0.0,0
UCI_21931,2011-08-24,134,2.19,0.0,0
UCI_21931,2011-08-25,54,2.12,0.0,0
UCI_21931,2011-08-26,30,2.08,0.0,0
UCI_21931,2011-08-28,2,2.08,0.0,0
UCI_21931,2011-08-30,33,3.51,0.0,0
UCI_21931,2011-08-31,140,2.31,0.0,0
UCI_21931,2011-09-01,64,1.9,0.0,0
UCI_21931,2011-09-02,65,2.62,0.0,0
UCI_21931,2011-09-04,10,2.08,0.0,0
UCI_21931,2011-09-05,22,2.36,0.0,0
UCI_21931,2011-09-06,4,2.08,0.0,0
UCI_21931,2011-09-07,173,2.66,0.0,0
UCI_21931,2011-09-08,26,2.16,0.0,0
UCI_21931,2011-09-09,15,2.35,0.0,0
UCI_21931,2011-09-11,36,2.08,0.0,0
UCI_21931,2011-09-12,53,2.08,0.0,0
UCI_21931,2011-09-13,65,2.52,0.0,0
UCI_21931,2011-09-14,3,2.08,0.0,0
UCI_21931,2011-09-15,38,3.27,0.0,0
UCI_21931,2011-09-16,67,2.81,0.0,0
UCI_21931,2011-09-18,104,1.8,0.0,0
UCI_21931,2011-09-19,12,2.08,0.0,0
UCI_21931,2011-09-20,152,2.42,0.0,0
UCI_21931,2011-09-21,5,4.13,0.0,0
UCI_21931,2011-09-22,63,2.02,0.0,0
UCI_21931,2011-09-23,26,3.97,0.0,0
UCI_21931,2011-09-25,30,2.08,0.0,0
UCI_21931,2011-09-26,10,2.08,0.0,0
UCI_21931,2011-09-27,45,3.17,0.0,0
UCI_21931,2011-09-28,34,1.97,0.0,0
UCI_21931,2011-09-29,148,1.88,0.0,0
UCI_21931,2011-09-30,22,3.2,0.0,0
UCI_21931,2011-10-02,1,2.08,0.0,0
UCI_21931,2011-10-03,71,2.11,0.0,0
UCI_21931,2011-10-04,24,3.96,0.0,0
UCI_21931,2011-10-05,131,1.84,0.0,0
UCI_21931,2011-10-06,14,2.67,0.0,0
UCI_21931,2011-10-07,209,1.78,0.0,0
UCI_21931,2011-10-09,5,2.08,0.0,0
UCI_21931,2011-10-10,43,3.08,0.0,0
UCI_21931,2011-10-11,107,1.84,0.0,0
UCI_21931,2011-10-12,22,2.17,0.0,0
UCI_21931,2011-10-13,61,2.75,0.0,0
UCI_21931,2011-10-14,28,2.23,0.0,0
UCI_21931,2011-10-16,2,2.08,0.0,0
UCI_21931,2011-10-17,15,4.13,0.0,0
UCI_21931,2011-10-18,66,2.3,0.0,0
UCI_21931,2011-10-19,30,3.45,0.0,0
UCI_21931,2011-10-20,20,2.08,0.0,0
UCI_21931,2011-10-21,8,2.08,0.0,0
UCI_21931,2011-10-23,1,2.08,0.0,0
UCI_21931,2011-10-24,249,2.09,0.0,0
UCI_21931,2011-10-25,21,2.18,0.0,0
UCI_21931,2011-10-26,16,3.62,0.0,0
UCI_21931,2011-10-27,20,2.08,0.0,0
UCI_21931,2011-10-28,32,2.08,0.0,0
UCI_21931,2011-10-30,34,2.08,0.0,0
UCI_21931,2011-10-31,48,3.19,0.0,0
UCI_21931,2011-11-01,112,1.78,0.0,0
UCI_21931,2011-11-02,13,2.55,0.0,0
UCI_21931,2011-11-03,16,2.34,0.0,0
UCI_21931,2011-11-04,13,2.55,0.0,0
UCI_21931,2011-11-06,43,2.08,0.0,0
UCI_21931,2011-11-07,53,2.62,0.0,0
UCI_21931,2011-11-08,156,2.09,0.0,0
UCI_21931,2011-11-09,226,1.83,0.0,0
UCI_21931,2011-11-10,27,2.08,0.0,0
UCI_21931,2011-11-11,19,2.4,0.0,0
UCI_21931,2011-11-13,26,3.26,0.0,0
UCI_21931,2011-11-14,20,2.08,0.0,0
UCI_21931,2011-11-15,41,2.08,0.0,0
UCI_21931,2011-11-16,35,2.49,0.0,0
UCI_21931,2011-11-17,36,2.14,0.0,0
UCI_21931,2011-11-18,41,2.08,0.0,0
UCI_21931,2011-11-20,16,2.08,0.0,0
UCI_21931,2011-11-21,10,2.08,0.0,0
UCI_21931,2011-11-22,14,2.08,0.0,0
UCI_21931,2011-11-23,17,3.65,0.0,0
UCI_21931,2011-11-24,125,1.86,0.0,0
UCI_21931,2011-11-25,35,2.96,0.0,0
UCI_21931,2011-11-27,11,2.08,0.0,0
UCI_21931,2011-11-28,46,2.17,0.0,0
UCI_21931,2011-11-29,19,2.4,0.0,0
UCI_21931,2011-11-30,7,2.37,0.0,0
UCI_21931,2011-12-01,153,1.88,0.0,0
UCI_21931,2011-12-02,31,2.15,0.0,0
UCI_21931,2011-12-04,2,2.08,0.0,0
UCI_21931,2011-12-05,44,3.15,0.0,0
UCI_21931,2011-12-06,47,2.08,0.0,0
UCI_21931,2011-12-07,46,2.79,0.0,0
UCI_21931,2011-12-08,23,3.24,0.0,0
UCI_21931,2011-12-09,17,2.75,0.0,0
UCI_21977,2010-12-01,122,0.68,0.0,0
UCI_21977,2010-12-02,144,0.44,0.0,0
UCI_21977,2010-12-03,133,0.56,0.0,0
UCI_21977,2010-12-05,10,0.55,0.0,0
UCI_21977,2010-12-06,56,0.65,0.0,0
UCI_21977,2010-12-07,9,1.85,0.0,0
UCI_21977,2010-12-08,57,0.59,0.0,0
UCI_21977,2010-12-09,33,0.57,0.0,0
UCI_21977,2010-12-10,75,0.58,0.0,0
UCI_21977,2010-12-12,2,0.55,0.0,0
UCI_21977,2010-12-13,36,0.59,0.0,0
UCI_21977,2010-12-14,53,0.55,0.0,0
UCI_21977,2010-12-15,24,0.55,0.0,0
UCI_21977,2010-12-16,168,0.46,0.0,0
UCI_21977,2010-12-17,267,0.56,0.0,0
UCI_21977,2010-12-19,1,0.55,0.0,0
UCI_21977,2010-12-20,507,0.41,0.0,0
UCI_21977,2010-12-21,27,0.6,0.0,0
UCI_21977,2011-01-04,3,0.55,0.0,0
UCI_21977,2011-01-05,74,0.57,0.0,0
UCI_21977,2011-01-06,26,0.61,0.0,0
UCI_21977,2011-01-07,28,0.6,0.0,0
UCI_21977,2011-01-09,48,0.55,0.0,0
UCI_21977,2011-01-10,77,0.58,0.0,0
UCI_21977,2011-01-12,4,1.28,0.0,0
UCI_21977,2011-01-13,24,0.55,0.0,0
UCI_21977,2011-01-14,2,0.55,0.0,0
UCI_21977,2011-01-17,25,0.58,0.0,0
UCI_21977,2011-01-18,2,1.25,0.0,0
UCI_21977,2011-01-19,2,0.55,0.0,0
UCI_21977,2011-01-20,1,1.25,0.0,0
UCI_21977,2011-01-21,124,0.45,0.0,0
UCI_21977,2011-01-24,32,0.59,0.0,0
UCI_21977,2011-01-25,51,0.56,0.0,0
UCI_21977,2011-01-26,4,0.93,0.0,0
UCI_21977,2011-01-27,54,0.58,0.0,0
UCI_21977,2011-01-30,3,0.55,0.0,0
UCI_21977,2011-01-31,174,0.46,0.0,0
UCI_21977,2011-02-01,103,0.62,0.0,0
UCI_21977,2011-02-02,3,0.55,0.0,0
UCI_21977,2011-02-03,504,0.43,0.0,0
UCI_21977,2011-02-04,3,2.08,0.0,0
UCI_21977,2011-02-06,24,0.55,0.0,0
UCI_21977,2011-02-07,24,0.55,0.0,0
UCI_21977,2011-02-08,3,1.8,0.0,0
UCI_21977,2011-02-09,24,0.55,0.0,0
UCI_21977,2011-02-10,24,0.55,0.0,0
UCI_21977,2011-02-14,30,0.55,0.0,0
UCI_21977,2011-02-15,181,0.47,0.0,0
UCI_21977,2011-02-16,25,0.58,0.0,0
UCI_21977,2011-02-17,57,0.57,0.0,0
UCI_21977,2011-02-18,171,0.47,0.0,0
UCI_21977,2011-02-21,30,0.57,0.0,0
UCI_21977,2011-02-22,89,0.57,0.0,0
UCI_21977,2011-02-24,48,0.55,0.0,0
UCI_21977,2011-02-25,48,0.55,0.0,0
UCI_21977,2011-02-27,24,0.55,0.0,0
UCI_21977,2011-02-28,125,0.57,0.0,0
UCI_21977,2011-03-02,72,0.55,0.0,0
UCI_21977,2011-03-03,49,0.56,0.0,0
UCI_21977,2011-03-04,27,0.58,0.0,0
UCI_21977,2011-03-06,3,0.55,0.0,0
UCI_21977,2011-03-07,49,0.56,0.0,0
UCI_21977,2011-03-08,183,0.46,0.0,0
UCI_21977,2011-03-09,76,0.56,0.0,0
UCI_21977,2011-03-10,352,0.47,0.0,0
UCI_21977,2011-03-11,24,0.55,0.0,0
UCI_21977,2011-03-14,528,0.55,0.0,0
UCI_21977,2011-03-15,29,0.76,0.0,0
UCI_21977,2011-03-16,72,0.55,0.0,0
UCI_21977,2011-03-17,3,1.25,0.0,0
UCI_21977,2011-03-18,391,0.45,0.0,0
UCI_21977,2011-03-20,80,0.56,0.0,0
UCI_21977,2011-03-21,55,0.55,0.0,0
UCI_21977,2011-03-22,56,0.59,0.0,0
UCI_21977,2011-03-23,78,0.55,0.0,0
UCI_21977,2011-03-24,207,0.47,0.0,0
UCI_21977,2011-03-25,11,0.55,0.0,0
UCI_21977,2011-03-27,1,0.55,0.0,0
UCI_21977,2011-03-28,77,0.55,0.0,0
UCI_21977,2011-03-29,76,0.62,0.0,0
UCI_21977,2011-03-30,121,0.55,0.0,0
UCI_21977,2011-03-31,53,0.63,0.0,0
UCI_21977,2011-04-01,48,0.55,0.0,0
UCI_21977,2011-04-03,11,0.55,0.0,0
UCI_21977,2011-04-04,2,0.55,0.0,0
UCI_21977,2011-04-05,53,0.55,0.0,0
UCI_21977,2011-04-06,1,0.55,0.0,0
UCI_21977,2011-04-07,5,0.55,0.0,0
UCI_21977,2011-04-08,96,0.55,0.0,0
UCI_21977,2011-04-10,1,0.55,0.0,0
UCI_21977,2011-04-11,421,0.44,0.0,0
UCI_21977,2011-04-12,81,0.55,0.0,0
UCI_21977,2011-04-13,168,0.46,0.0,0
UCI_21977,2011-04-14,72,0.55,0.0,0
UCI_21977,2011-04-15,5,1.47,0.0,0
UCI_21977,2011-04-17,4,0.55,0.0,0
UCI_21977,2011-04-18,76,0.58,0.0,0
UCI_21977,2011-04-19,51,0.59,0.0,0
UCI_21977,2011-04-20,1046,0.41,0.0,0
UCI_21977,2011-04-21,148,0.45,0.0,0
UCI_21977,2011-04-26,150,0.57,0.0,0
UCI_21977,2011-04-27,9,0.55,0.0,0
UCI_21977,2011-04-28,96,0.55,0.0,0
UCI_21977,2011-05-03,50,0.58,0.0,0
UCI_21977,2011-05-04,48,0.55,0.0,0
UCI_21977,2011-05-05,50,0.58,0.0,0
UCI_21977,2011-05-06,322,0.46,0.0,0
UCI_21977,2011-05-08,85,0.55,0.0,0
UCI_21977,2011-05-09,2,1.25,0.0,0
UCI_21977,2011-05-10,191,0.59,0.0,0
UCI_21977,2011-05-11,52,0.55,0.0,0
UCI_21977,2011-05-12,136,0.44,0.0,0
UCI_21977,2011-05-13,97,0.55,0.0,0
UCI_21977,2011-05-15,20,0.55,0.0,0
UCI_21977,2011-05-16,29,0.55,0.0,0
UCI_21977,2011-05-17,78,0.58,0.0,0
UCI_21977,2011-05-19,3,2.08,0.0,0
UCI_21977,2011-05-20,28,0.55,0.0,0
UCI_21977,2011-05-22,35,0.55,0.0,0
UCI_21977,2011-05-23,2724,0.42,0.0,0
UCI_21977,2011-05-24,25,0.58,0.0,0
UCI_21977,2011-05-25,26,0.6,0.0,0
UCI_21977,2011-05-26,2,0.55,0.0,0
UCI_21977,2011-05-27,48,0.55,0.0,0
UCI_21977,2011-05-31,4,0.55,0.0,0
UCI_21977,2011-06-01,7,0.85,0.0,0
UCI_21977,2011-06-02,7,0.75,0.0,0
UCI_21977,2011-06-03,1,1.25,0.0,0
UCI_21977,2011-06-05,1,0.55,0.0,0
UCI_21977,2011-06-06,48,0.55,0.0,0
UCI_21977,2011-06-07,52,0.55,0.0,0
UCI_21977,2011-06-08,4,1.7,0.0,0
UCI_21977,2011-06-09,202,0.48,0.0,0
UCI_21977,2011-06-10,2,1.66,0.0,0
UCI_21977,2011-06-12,29,0.55,0.0,0
UCI_21977,2011-06-13,51,0.58,0.0,0
UCI_21977,2011-06-14,28,0.58,0.0,0
UCI_21977,2011-06-15,266,0.44,0.0,0
UCI_21977,2011-06-16,48,0.55,0.0,0
UCI_21977,2011-06-17,72,0.55,0.0,0
UCI_21977,2011-06-19,6,0.55,0.0,0
UCI_21977,2011-06-20,27,0.63,0.0,0
UCI_21977,2011-06-21,2,1.25,0.0,0
UCI_21977,2011-06-22,444,0.55,0.0,0
UCI_21977,2011-06-23,72,0.55,0.0,0
UCI_21977,2011-06-27,39,0.55,0.0,0
UCI_21977,2011-06-28,24,0.55,0.0,0
UCI_21977,2011-06-29,49,0.56,0.0,0
UCI_21977,2011-06-30,24,0.55,0.0,0
UCI_21977,2011-07-03,24,0.55,0.0,0
UCI_21977,2011-07-04,48,0.55,0.0,0
UCI_21977,2011-07-05,49,0.56,0.0,0
UCI_21977,2011-07-06,7,0.85,0.0,0
UCI_21977,2011-07-07,12,0.55,0.0,0
UCI_21977,2011-07-08,1,0.55,0.0,0
UCI_21977,2011-07-11,9,0.63,0.0,0
UCI_21977,2011-07-12,8,0.9,0.0,0
UCI_21977,2011-07-13,27,0.55,0.0,0
UCI_21977,2011-07-14,51,0.55,0.0,0
UCI_21977,2011-07-15,72,0.55,0.0,0
UCI_21977,2011-07-17,24,0.55,0.0,0
UCI_21977,2011-07-18,28,0.58,0.0,0
UCI_21977,2011-07-19,624,0.42,0.0,0
UCI_21977,2011-07-20,27,0.63,0.0,0
UCI_21977,2011-07-21,49,0.55,0.0,0
UCI_21977,2011-07-22,3,0.55,0.0,0
UCI_21977,2011-07-24,600,0.42,0.0,0
UCI_21977,2011-07-25,175,0.46,0.0,0
UCI_21977,2011-07-26,78,0.56,0.0,0
UCI_21977,2011-07-27,51,0.59,0.0,0
UCI_21977,2011-07-28,100,0.55,0.0,0
UCI_21977,2011-07-29,72,0.55,0.0,0
UCI_21977,2011-07-31,266,0.55,0.0,0
UCI_21977,2011-08-01,49,0.56,0.0,0
UCI_21977,2011-08-02,24,0.55,0.0,0
UCI_21977,2011-08-03,78,0.55,0.0,0
UCI_21977,2011-08-04,72,0.55,0.0,0
UCI_21977,2011-08-07,48,0.55,0.0,0
UCI_21977,2011-08-08,25,0.55,0.0,0
UCI_21977,2011-08-09,149,0.45,0.0,0
UCI_21977,2011-08-11,26,0.55,0.0,0
UCI_21977,2011-08-12,48,0.55,0.0,0
UCI_21977,2011-08-15,4,0.55,0.0,0
UCI_21977,2011-08-16,24,0.55,0.0,0
UCI_21977,2011-08-17,24,0.55,0.0,0
UCI_21977,2011-08-18,792,0.41,0.0,0
UCI_21977,2011-08-19,24,0.55,0.0,0
UCI_21977,2011-08-21,10,0.55,0.0,0
UCI_21977,2011-08-22,24,0.55,0.0,0
UCI_21977,2011-08-23,698,0.44,0.0,0
UCI_21977,2011-08-24,150,0.45,0.0,0
UCI_21977,2011-08-28,4,0.55,0.0,0
UCI_21977,2011-08-30,4,1.25,0.0,0
UCI_21977,2011-08-31,5,0.69,0.0,0
UCI_21977,2011-09-01,48,0.55,0.0,0
UCI_21977,2011-09-02,147,0.44,0.0,0
UCI_21977,2011-09-04,1,0.55,0.0,0
UCI_21977,2011-09-05,49,0.55,0.0,0
UCI_21977,2011-09-06,4,0.55,0.0,0
UCI_21977,2011-09-07,26,0.6,0.0,0
UCI_21977,2011-09-08,79,0.56,0.0,0
UCI_21977,2011-09-09,144,0.44,0.0,0
UCI_21977,2011-09-11,362,0.42,0.0,0
UCI_21977,2011-09-12,48,0.55,0.0,0
UCI_21977,2011-09-13,700,0.44,0.0,0
UCI_21977,2011-09-14,28,0.55,0.0,0
UCI_21977,2011-09-15,11,0.68,0.0,0
UCI_21977,2011-09-18,3,0.55,0.0,0
UCI_21977,2011-09-19,48,0.55,0.0,0
UCI_21977,2011-09-20,101,0.52,0.0,0
UCI_21977,2011-09-21,124,0.45,0.0,0
UCI_21977,2011-09-22,72,0.55,0.0,0
UCI_21977,2011-09-23,52,0.55,0.0,0
UCI_21977,2011-09-25,1,0.55,0.0,0
UCI_21977,2011-09-26,29,0.67,0.0,0
UCI_21977,2011-09-27,72,0.55,0.0,0
UCI_21977,2011-09-28,36,0.57,0.0,0
UCI_21977,2011-09-29,72,0.55,0.0,0
UCI_21977,2011-10-02,4,0.55,0.0,0
UCI_21977,2011-10-03,26,0.6,0.0,0
UCI_21977,2011-10-04,2,0.9,0.0,0
UCI_21977,2011-10-05,674,0.44,0.0,0
UCI_21977,2011-10-06,74,0.55,0.0,0
UCI_21977,2011-10-07,99,0.55,0.0,0
UCI_21977,2011-10-09,2,0.55,0.0,0
UCI_21977,2011-10-10,33,0.59,0.0,0
UCI_21977,2011-10-11,27,0.63,0.0,0
UCI_21977,2011-10-12,24,0.55,0.0,0
UCI_21977,2011-10-13,133,0.55,0.0,0
UCI_21977,2011-10-14,29,0.55,0.0,0
UCI_21977,2011-10-16,24,0.55,0.0,0
UCI_21977,2011-10-17,30,0.6,0.0,0
UCI_21977,2011-10-18,7,0.65,0.0,0
UCI_21977,2011-10-19,24,0.55,0.0,0
UCI_21977,2011-10-20,56,0.55,0.0,0
UCI_21977,2011-10-23,1,0.55,0.0,0
UCI_21977,2011-10-24,5,0.83,0.0,0
UCI_21977,2011-10-25,28,0.55,0.0,0
UCI_21977,2011-10-27,11,0.61,0.0,0
UCI_21977,2011-10-28,50,0.55,0.0,0
UCI_21977,2011-10-30,3,0.55,0.0,0
UCI_21977,2011-10-31,51,0.59,0.0,0
UCI_21977,2011-11-01,27,0.55,0.0,0
UCI_21977,2011-11-02,2,0.9,0.0,0
UCI_21977,2011-11-03,27,0.55,0.0,0
UCI_21977,2011-11-04,2,0.55,0.0,0
UCI_21977,2011-11-06,48,0.55,0.0,0
UCI_21977,2011-11-07,1,0.55,0.0,0
UCI_21977,2011-11-08,28,0.65,0.0,0
UCI_21977,2011-11-09,25,0.45,0.0,0
UCI_21977,2011-11-10,146,0.45,0.0,0
UCI_21977,2011-11-11,40,0.62,0.0,0
UCI_21977,2011-11-13,62,0.55,0.0,0
UCI_21977,2011-11-14,6,1.13,0.0,0
UCI_21977,2011-11-15,53,0.56,0.0,0
UCI_21977,2011-11-16,243,0.42,0.0,0
UCI_21977,2011-11-17,6,0.78,0.0,0
UCI_21977,2011-11-18,97,0.56,0.0,0
UCI_21977,2011-11-20,10,0.55,0.0,0
UCI_21977,2011-11-21,221,0.55,0.0,0
UCI_21977,2011-11-22,49,0.55,0.0,0
UCI_21977,2011-11-23,77,0.59,0.0,0
UCI_21977,2011-11-24,29,0.6,0.0,0
UCI_21977,2011-11-25,5,1.11,0.0,0
UCI_21977,2011-11-27,11,0.55,0.0,0
UCI_21977,2011-11-28,29,0.65,0.0,0
UCI_21977,2011-11-29,58,0.59,0.0,0
UCI_21977,2011-11-30,124,0.56,0.0,0
UCI_21977,2011-12-01,13,0.6,0.0,0
UCI_21977,2011-12-02,6,1.02,0.0,0
UCI_21977,2011-12-04,9,0.55,0.0,0
UCI_21977,2011-12-05,56,0.62,0.0,0
UCI_21977,2011-12-06,26,0.6,0.0,0
UCI_21977,2011-12-07,55,0.55,0.0,0
UCI_21977,2011-12-08,66,0.59,0.0,0
UCI_21977,2011-12-09,3,1.53,0.0,0
UCI_22086,2010-12-01,274,3.25,0.0,0
UCI_22086,2010-12-02,136,2.83,0.0,0
UCI_22086,2010-12-03,140,5.63,0.0,0
UCI_22086,2010-12-05,129,2.7,0.0,0
UCI_22086,2010-12-06,237,3.79,0.0,0
UCI_22086,2010-12-07,274,4.05,0.0,0
UCI_22086,2010-12-08,106,3.61,0.0,0
UCI_22086,2010-12-09,154,2.85,0.0,0
UCI_22086,2010-12-10,222,4.67,0.0,0
UCI_22086,2010-12-12,60,2.95,0.0,0
UCI_22086,2010-12-13,205,2.84,0.0,0
UCI_22086,2010-12-14,115,5.67,0.0,0
UCI_22086,2010-12-15,91,2.77,0.0,0
UCI_22086,2010-12-16,131,2.64,0.0,0
UCI_22086,2010-12-17,55,5.75,0.0,0
UCI_22086,2010-12-20,51,3.27,0.0,0
UCI_22086,2010-12-21,70,5.88,0.0,0
UCI_22086,2010-12-23,4,5.91,0.0,0
UCI_22086,2011-01-04,1,5.91,0.0,0
UCI_22086,2011-01-05,10,5.91,0.0,0
UCI_22086,2011-01-06,3,6.48,0.0,0
UCI_22086,2011-01-07,2,5.91,0.0,0
UCI_22086,2011-01-10,1,5.91,0.0,0
UCI_22086,2011-01-12,5,5.91,0.0,0
UCI_22086,2011-01-17,2,5.79,0.0,0
UCI_22086,2011-02-17,2,6.63,0.0,0
UCI_22086,2011-02-22,2,2.95,0.0,0
UCI_22086,2011-02-28,1,5.79,0.0,0
UCI_22086,2011-03-01,4,2.95,0.0,0
UCI_22086,2011-03-02,40,2.55,0.0,0
UCI_22086,2011-03-08,1,2.95,0.0,0
UCI_22086,2011-03-23,2,6.63,0.0,0
UCI_22086,2011-03-24,40,2.55,0.0,0
UCI_22086,2011-04-03,3,2.95,0.0,0
UCI_22086,2011-04-07,8,3.31,0.0,0
UCI_22086,2011-04-18,1,5.79,0.0,0
UCI_22086,2011-05-06,4,5.79,0.0,0
UCI_22086,2011-05-10,13,3.23,0.0,0
UCI_22086,2011-06-07,1,5.79,0.0,0
UCI_22086,2011-06-08,1,6.63,0.0,0
UCI_22086,2011-06-14,1,5.79,0.0,0
UCI_22086,2011-06-23,6,2.95,0.0,0
UCI_22086,2011-06-27,4,6.63,0.0,0
UCI_22086,2011-06-28,320,2.55,0.0,0
UCI_22086,2011-06-29,11,2.95,0.0,0
UCI_22086,2011-07-03,30,2.95,0.0,0
UCI_22086,2011-07-05,18,2.95,0.0,0
UCI_22086,2011-07-12,2,5.79,0.0,0
UCI_22086,2011-07-14,13,3.17,0.0,0
UCI_22086,2011-07-15,1,2.95,0.0,0
UCI_22086,2011-07-18,19,3.14,0.0,0
UCI_22086,2011-07-20,3,4.84,0.0,0
UCI_22086,2011-07-21,8,3.87,0.0,0
UCI_22086,2011-07-24,2,2.95,0.0,0
UCI_22086,2011-07-26,22,2.95,0.0,0
UCI_22086,2011-07-27,7,3.36,0.0,0
UCI_22086,2011-07-28,190,2.61,0.0,0
UCI_22086,2011-07-29,6,2.95,0.0,0
UCI_22086,2011-07-31,62,2.69,0.0,0
UCI_22086,2011-08-02,46,2.6,0.0,0
UCI_22086,2011-08-03,44,2.59,0.0,0
UCI_22086,2011-08-04,145,2.64,0.0,0
UCI_22086,2011-08-05,46,2.6,0.0,0
UCI_22086,2011-08-11,13,3.23,0.0,0
UCI_22086,2011-08-14,9,2.95,0.0,0
UCI_22086,2011-08-17,18,3.77,0.0,0
UCI_22086,2011-08-19,6,2.95,0.0,0
UCI_22086,2011-08-21,10,2.95,0.0,0
UCI_22086,2011-08-22,6,2.95,0.0,0
UCI_22086,2011-08-23,1,2.95,0.0,0
UCI_22086,2011-08-24,8,2.95,0.0,0
UCI_22086,2011-08-25,1,6.63,0.0,0
UCI_22086,2011-08-26,12,2.95,0.0,0
UCI_22086,2011-08-30,83,2.67,0.0,0
UCI_22086,2011-08-31,40,2.55,0.0,0
UCI_22086,2011-09-01,40,2.55,0.0,0
UCI_22086,2011-09-02,4,5.29,0.0,0
UCI_22086,2011-09-04,24,2.95,0.0,0
UCI_22086,2011-09-05,210,2.65,0.0,0
UCI_22086,2011-09-06,24,2.95,0.0,0
UCI_22086,2011-09-07,15,3.57,0.0,0
UCI_22086,2011-09-08,10,3.23,0.0,0
UCI_22086,2011-09-09,25,3.06,0.0,0
UCI_22086,2011-09-11,211,2.65,0.0,0
UCI_22086,2011-09-12,116,2.81,0.0,0
UCI_22086,2011-09-13,170,2.79,0.0,0
UCI_22086,2011-09-14,50,3.01,0.0,0
UCI_22086,2011-09-15,156,2.78,0.0,0
UCI_22086,2011-09-16,99,3.06,0.0,0
UCI_22086,2011-09-18,8,2.95,0.0,0
UCI_22086,2011-09-19,70,2.72,0.0,0
UCI_22086,2011-09-20,63,2.93,0.0,0
UCI_22086,2011-09-21,29,4.03,0.0,0
UCI_22086,2011-09-22,175,2.86,0.0,0
UCI_22086,2011-09-23,122,2.93,0.0,0
UCI_22086,2011-09-25,143,2.84,0.0,0
UCI_22086,2011-09-26,38,3.55,0.0,0
UCI_22086,2011-09-27,105,2.82,0.0,0
UCI_22086,2011-09-28,22,3.47,0.0,0
UCI_22086,2011-09-29,96,2.78,0.0,0
UCI_22086,2011-09-30,78,2.74,0.0,0
UCI_22086,2011-10-02,20,2.95,0.0,0
UCI_22086,2011-10-03,70,3.11,0.0,0
UCI_22086,2011-10-04,743,2.66,0.0,0
UCI_22086,2011-10-05,45,2.95,0.0,0
UCI_22086,2011-10-06,60,3.04,0.0,0
UCI_22086,2011-10-07,33,3.71,0.0,0
UCI_22086,2011-10-09,26,2.95,0.0,0
UCI_22086,2011-10-10,375,2.67,0.0,0
UCI_22086,2011-10-11,100,3.3,0.0,0
UCI_22086,2011-10-12,164,2.73,0.0,0
UCI_22086,2011-10-13,55,2.71,0.0,0
UCI_22086,2011-10-14,52,4.29,0.0,0
UCI_22086,2011-10-16,70,2.61,0.0,0
UCI_22086,2011-10-17,323,2.76,0.0,0
UCI_22086,2011-10-18,71,4.63,0.0,0
UCI_22086,2011-10-19,137,2.64,0.0,0
UCI_22086,2011-10-20,116,2.67,0.0,0
UCI_22086,2011-10-21,96,3.05,0.0,0
UCI_22086,2011-10-23,13,2.95,0.0,0
UCI_22086,2011-10-24,391,2.78,0.0,0
UCI_22086,2011-10-25,130,3.23,0.0,0
UCI_22086,2011-10-26,48,2.62,0.0,0
UCI_22086,2011-10-27,71,3.15,0.0,0
UCI_22086,2011-10-28,30,4.88,0.0,0
UCI_22086,2011-10-30,94,2.78,0.0,0
UCI_22086,2011-10-31,93,4.67,0.0,0
UCI_22086,2011-11-01,82,2.75,0.0,0
UCI_22086,2011-11-02,254,2.8,0.0,0
UCI_22086,2011-11-03,1079,2.58,0.0,0
UCI_22086,2011-11-04,144,4.18,0.0,0
UCI_22086,2011-11-06,93,2.78,0.0,0
UCI_22086,2011-11-07,539,6.5,0.0,0
UCI_22086,2011-11-08,140,4.07,0.0,0
UCI_22086,2011-11-09,265,2.77,0.0,0
UCI_22086,2011-11-10,138,3.24,0.0,0
UCI_22086,2011-11-11,201,3.2,0.0,0
UCI_22086,2011-11-13,153,2.66,0.0,0
UCI_22086,2011-11-14,914,6.0,0.0,0
UCI_22086,2011-11-15,172,3.55,0.0,0
UCI_22086,2011-11-16,255,2.94,0.0,0
UCI_22086,2011-11-17,280,2.85,0.0,0
UCI_22086,2011-11-18,279,4.07,0.0,0
UCI_22086,2011-11-20,253,2.7,0.0,0
UCI_22086,2011-11-21,271,2.8,0.0,0
UCI_22086,2011-11-22,456,3.47,0.0,0
UCI_22086,2011-11-23,454,2.77,0.0,0
UCI_22086,2011-11-24,114,3.65,0.0,0
UCI_22086,2011-11-25,296,3.97,0.0,0
UCI_22086,2011-11-27,100,5.08,0.0,0
UCI_22086,2011-11-28,328,2.84,0.0,0
UCI_22086,2011-11-29,355,3.07,0.0,0
UCI_22086,2011-11-30,283,3.13,0.0,0
UCI_22086,2011-12-01,304,2.69,0.0,0
UCI_22086,2011-12-02,240,3.01,0.0,0
UCI_22086,2011-12-04,52,3.02,0.0,0
UCI_22086,2011-12-05,493,3.52,0.0,0
UCI_22086,2011-12-06,198,2.97,0.0,0
UCI_22086,2011-12-07,306,3.2,0.0,0
UCI_22086,2011-12-08,381,3.35,0.0,0
UCI_22086,2011-12-09,114,5.19,0.0,0
UCI_22151,2010-12-01,17,0.42,0.0,0
UCI_22151,2010-12-03,24,0.42,0.0,0
UCI_22151,2010-12-05,49,0.42,0.0,0
UCI_22151,2010-12-06,62,0.5,0.0,0
UCI_22151,2010-12-08,24,0.42,0.0,0
UCI_22151,2010-12-09,11,0.42,0.0,0
UCI_22151,2010-12-10,6,1.66,0.0,0
UCI_22151,2010-12-13,12,0.42,0.0,0
UCI_22151,2010-12-14,97,0.44,0.0,0
UCI_22151,2010-12-15,37,0.42,0.0,0
UCI_22151,2010-12-16,72,0.42,0.0,0
UCI_22151,2010-12-17,4,1.66,0.0,0
UCI_22151,2010-12-20,1,1.66,0.0,0
UCI_22151,2011-01-04,120,0.42,0.0,0
UCI_22151,2011-01-07,24,0.42,0.0,0
UCI_22151,2011-01-09,27,0.42,0.0,0
UCI_22151,2011-01-10,24,0.42,0.0,0
UCI_22151,2011-01-11,72,0.42,0.0,0
UCI_22151,2011-01-12,24,0.42,0.0,0
UCI_22151,2011-01-13,26,0.42,0.0,0
UCI_22151,2011-01-14,38,0.55,0.0,0
UCI_22151,2011-01-17,6,1.63,0.0,0
UCI_22151,2011-01-18,26,0.42,0.0,0
UCI_22151,2011-01-19,72,0.42,0.0,0
UCI_22151,2011-01-20,25,0.42,0.0,0
UCI_22151,2011-01-21,17,0.42,0.0,0
UCI_22151,2011-01-23,72,0.42,0.0,0
UCI_22151,2011-01-24,8,1.63,0.0,0
UCI_22151,2011-01-26,6,1.63,0.0,0
UCI_22151,2011-01-28,10,0.42,0.0,0
UCI_22151,2011-01-31,174,0.42,0.0,0
UCI_22151,2011-02-01,504,0.37,0.0,0
UCI_22151,2011-02-02,48,0.42,0.0,0
UCI_22151,2011-02-03,26,0.42,0.0,0
UCI_22151,2011-02-06,24,0.42,0.0,0
UCI_22151,2011-02-08,2,1.63,0.0,0
UCI_22151,2011-02-09,50,0.47,0.0,0
UCI_22151,2011-02-11,11,1.63,0.0,0
UCI_22151,2011-02-14,24,0.42,0.0,0
UCI_22151,2011-02-16,144,0.42,0.0,0
UCI_22151,2011-02-21,24,0.42,0.0,0
UCI_22151,2011-02-22,65,0.64,0.0,0
UCI_22151,2011-02-23,11,1.63,0.0,0
UCI_22151,2011-02-24,48,0.42,0.0,0
UCI_22151,2011-02-25,144,0.42,0.0,0
UCI_22151,2011-02-28,29,0.63,0.0,0
UCI_22151,2011-03-01,8,0.42,0.0,0
UCI_22151,2011-03-06,2,0.42,0.0,0
UCI_22151,2011-03-07,38,0.87,0.0,0
UCI_22151,2011-03-08,48,0.42,0.0,0
UCI_22151,2011-03-09,72,0.42,0.0,0
UCI_22151,2011-03-10,72,0.42,0.0,0
UCI_22151,2011-03-14,24,0.42,0.0,0
UCI_22151,2011-03-15,24,0.42,0.0,0
UCI_22151,2011-03-17,42,0.94,0.0,0
UCI_22151,2011-03-18,10,0.42,0.0,0
UCI_22151,2011-03-20,54,0.42,0.0,0
UCI_22151,2011-03-22,24,0.42,0.0,0
UCI_22151,2011-03-24,48,0.42,0.0,0
UCI_22151,2011-03-27,40,0.42,0.0,0
UCI_22151,2011-03-28,34,0.42,0.0,0
UCI_22151,2011-03-31,864,0.36,0.0,0
UCI_22151,2011-04-05,24,0.42,0.0,0
UCI_22151,2011-04-06,44,0.42,0.0,0
UCI_22151,2011-04-07,397,0.42,0.0,0
UCI_22151,2011-04-10,3,0.42,0.0,0
UCI_22151,2011-04-12,48,0.42,0.0,0
UCI_22151,2011-04-13,294,0.42,0.0,0
UCI_22151,2011-04-14,24,0.42,0.0,0
UCI_22151,2011-04-15,27,0.42,0.0,0
UCI_22151,2011-04-17,96,0.42,0.0,0
UCI_22151,2011-04-18,27,0.55,0.0,0
UCI_22151,2011-04-19,24,0.42,0.0,0
UCI_22151,2011-04-21,54,0.42,0.0,0
UCI_22151,2011-04-26,336,0.42,0.0,0
UCI_22151,2011-04-27,10,1.63,0.0,0
UCI_22151,2011-04-28,48,0.42,0.0,0
UCI_22151,2011-05-04,72,0.42,0.0,0
UCI_22151,2011-05-05,443,0.39,0.0,0
UCI_22151,2011-05-06,48,0.42,0.0,0
UCI_22151,2011-05-08,12,0.42,0.0,0
UCI_22151,2011-05-09,24,0.42,0.0,0
UCI_22151,2011-05-10,101,0.43,0.0,0
UCI_22151,2011-05-12,461,0.38,0.0,0
UCI_22151,2011-05-13,24,0.42,0.0,0
UCI_22151,2011-05-17,2,1.63,0.0,0
UCI_22151,2011-05-18,48,0.42,0.0,0
UCI_22151,2011-05-19,240,0.42,0.0,0
UCI_22151,2011-05-22,30,0.42,0.0,0
UCI_22151,2011-05-24,8,1.63,0.0,0
UCI_22151,2011-05-25,24,0.42,0.0,0
UCI_22151,2011-05-27,600,0.42,0.0,0
UCI_22151,2011-05-29,48,0.42,0.0,0
UCI_22151,2011-05-31,53,0.53,0.0,0
UCI_22151,2011-06-01,48,0.42,0.0,0
UCI_22151,2011-06-05,72,0.42,0.0,0
UCI_22151,2011-06-07,24,0.42,0.0,0
UCI_22151,2011-06-12,561,0.37,0.0,0
UCI_22151,2011-06-16,6,0.42,0.0,0
UCI_22151,2011-06-17,24,0.42,0.0,0
UCI_22151,2011-06-19,432,0.36,0.0,0
UCI_22151,2011-06-21,78,0.47,0.0,0
UCI_22151,2011-06-22,24,0.42,0.0,0
UCI_22151,2011-06-23,24,0.42,0.0,0
UCI_22151,2011-06-24,48,0.42,0.0,0
UCI_22151,2011-06-28,10,0.42,0.0,0
UCI_22151,2011-06-29,3,1.63,0.0,0
UCI_22151,2011-06-30,24,0.42,0.0,0
UCI_22151,2011-07-03,24,0.42,0.0,0
UCI_22151,2011-07-04,6,0.42,0.0,0
UCI_22151,2011-07-06,24,0.42,0.0,0
UCI_22151,2011-07-07,24,0.42,0.0,0
UCI_22151,2011-07-12,4,0.42,0.0,0
UCI_22151,2011-07-14,566,0.37,0.0,0
UCI_22151,2011-07-17,96,0.42,0.0,0
UCI_22151,2011-07-18,21,1.63,0.0,0
UCI_22151,2011-07-19,26,0.42,0.0,0
UCI_22151,2011-07-21,24,0.42,0.0,0
UCI_22151,2011-07-22,24,0.42,0.0,0
UCI_22151,2011-07-24,432,0.36,0.0,0
UCI_22151,2011-07-25,14,1.11,0.0,0
UCI_22151,2011-07-27,13,1.63,0.0,0
UCI_22151,2011-07-28,240,0.42,0.0,0
UCI_22151,2011-07-31,432,0.42,0.0,0
UCI_22151,2011-08-04,912,0.36,0.0,0
UCI_22151,2011-08-05,24,0.42,0.0,0
UCI_22151,2011-08-08,24,0.42,0.0,0
UCI_22151,2011-08-10,36,0.82,0.0,0
UCI_22151,2011-08-15,24,0.42,0.0,0
UCI_22151,2011-08-18,51,0.42,0.0,0
UCI_22151,2011-08-21,432,0.36,0.0,0
UCI_22151,2011-08-23,48,0.42,0.0,0
UCI_22151,2011-08-25,24,0.42,0.0,0
UCI_22151,2011-08-28,24,0.42,0.0,0
UCI_22151,2011-08-31,74,0.42,0.0,0
UCI_22151,2011-09-01,24,0.42,0.0,0
UCI_22151,2011-09-02,1,1.63,0.0,0
UCI_22151,2011-09-04,7,0.42,0.0,0
UCI_22151,2011-09-05,168,0.42,0.0,0
UCI_22151,2011-09-06,432,0.36,0.0,0
UCI_22151,2011-09-08,1,1.63,0.0,0
UCI_22151,2011-09-09,24,0.42,0.0,0
UCI_22151,2011-09-11,24,0.42,0.0,0
UCI_22151,2011-09-12,54,0.42,0.0,0
UCI_22151,2011-09-13,25,0.47,0.0,0
UCI_22151,2011-09-14,72,0.42,0.0,0
UCI_22151,2011-09-15,24,0.42,0.0,0
UCI_22151,2011-09-18,34,0.42,0.0,0
UCI_22151,2011-09-19,24,0.42,0.0,0
UCI_22151,2011-09-21,2,1.63,0.0,0
UCI_22151,2011-09-22,60,0.42,0.0,0
UCI_22151,2011-09-23,6,0.42,0.0,0
UCI_22151,2011-09-25,48,0.42,0.0,0
UCI_22151,2011-09-28,6,1.63,0.0,0
UCI_22151,2011-09-30,24,0.42,0.0,0
UCI_22151,2011-10-02,80,0.42,0.0,0
UCI_22151,2011-10-03,12,0.42,0.0,0
UCI_22151,2011-10-05,24,0.42,0.0,0
UCI_22151,2011-10-06,13,0.42,0.0,0
UCI_22151,2011-10-09,5,0.42,0.0,0
UCI_22151,2011-10-11,48,0.42,0.0,0
UCI_22151,2011-10-12,15,1.63,0.0,0
UCI_22151,2011-10-14,14,0.42,0.0,0
UCI_22151,2011-10-17,24,0.42,0.0,0
UCI_22151,2011-10-19,81,0.42,0.0,0
UCI_22151,2011-10-20,24,0.42,0.0,0
UCI_22151,2011-10-21,24,0.42,0.0,0
UCI_22151,2011-10-23,41,0.42,0.0,0
UCI_22151,2011-10-25,24,0.42,0.0,0
UCI_22151,2011-10-26,72,0.42,0.0,0
UCI_22151,2011-10-28,29,0.42,0.0,0
UCI_22151,2011-10-30,48,0.42,0.0,0
UCI_22151,2011-10-31,30,0.42,0.0,0
UCI_22151,2011-11-01,48,0.42,0.0,0
UCI_22151,2011-11-04,53,0.42,0.0,0
UCI_22151,2011-11-06,24,0.42,0.0,0
UCI_22151,2011-11-08,10,0.42,0.0,0
UCI_22151,2011-11-09,24,0.42,0.0,0
UCI_22151,2011-11-10,6,1.63,0.0,0
UCI_22151,2011-11-13,20,0.42,0.0,0
UCI_22151,2011-11-14,36,0.42,0.0,0
UCI_22151,2011-11-16,24,0.42,0.0,0
UCI_22151,2011-11-17,11,0.42,0.0,0
UCI_22151,2011-11-18,48,0.42,0.0,0
UCI_22151,2011-11-20,5,0.42,0.0,0
UCI_22151,2011-11-21,5,0.42,0.0,0
UCI_22151,2011-11-22,55,0.42,0.0,0
UCI_22151,2011-11-23,48,0.42,0.0,0
UCI_22151,2011-11-24,34,0.42,0.0,0
UCI_22151,2011-11-25,120,0.42,0.0,0
UCI_22151,2011-11-28,66,0.42,0.0,0
UCI_22151,2011-11-29,26,0.42,0.0,0
UCI_22151,2011-11-30,24,0.42,0.0,0
UCI_22151,2011-12-02,96,0.42,0.0,0
UCI_22151,2011-12-04,27,0.42,0.0,0
UCI_22151,2011-12-05,38,0.42,0.0,0
UCI_22151,2011-12-07,6,0.42,0.0,0
UCI_22151,2011-12-08,120,0.42,0.0,0
UCI_22151,2011-12-09,24,0.42,0.0,0
UCI_22178,2010-12-01,69,1.63,0.0,0
UCI_22178,2010-12-02,24,1.25,0.0,0
UCI_22178,2010-12-03,14,2.51,0.0,0
UCI_22178,2010-12-06,125,1.54,0.0,0
UCI_22178,2010-12-07,155,1.32,0.0,0
UCI_22178,2010-12-08,54,1.39,0.0,0
UCI_22178,2010-12-09,50,1.45,0.0,0
UCI_22178,2010-12-10,123,1.26,0.0,0
UCI_22178,2010-12-12,18,1.25,0.0,0
UCI_22178,2010-12-13,310,1.11,0.0,0
UCI_22178,2010-12-14,36,1.25,0.0,0
UCI_22178,2010-12-15,111,1.25,0.0,0
UCI_22178,2010-12-16,72,1.25,0.0,0
UCI_22178,2010-12-17,64,1.56,0.0,0
UCI_22178,2010-12-20,95,1.32,0.0,0
UCI_22178,2010-12-21,23,1.85,0.0,0
UCI_22178,2010-12-23,12,1.25,0.0,0
UCI_22178,2011-01-04,27,1.25,0.0,0
UCI_22178,2011-01-05,43,1.28,0.0,0
UCI_22178,2011-01-06,158,1.15,0.0,0
UCI_22178,2011-01-07,156,1.13,0.0,0
UCI_22178,2011-01-09,12,1.25,0.0,0
UCI_22178,2011-01-10,1,2.51,0.0,0
UCI_22178,2011-01-11,156,1.13,0.0,0
UCI_22178,2011-01-12,12,1.25,0.0,0
UCI_22178,2011-01-13,16,1.55,0.0,0
UCI_22178,2011-01-14,19,1.7,0.0,0
UCI_22178,2011-01-17,138,1.16,0.0,0
UCI_22178,2011-01-18,39,2.46,0.0,0
UCI_22178,2011-01-19,18,1.25,0.0,0
UCI_22178,2011-01-20,12,1.25,0.0,0
UCI_22178,2011-01-21,36,1.65,0.0,0
UCI_22178,2011-01-23,96,1.06,0.0,0
UCI_22178,2011-01-24,3,2.46,0.0,0
UCI_22178,2011-01-25,234,1.24,0.0,0
UCI_22178,2011-01-26,18,1.25,0.0,0
UCI_22178,2011-01-27,29,1.96,0.0,0
UCI_22178,2011-01-28,25,2.46,0.0,0
UCI_22178,2011-01-30,18,1.25,0.0,0
UCI_22178,2011-01-31,108,1.25,0.0,0
UCI_22178,2011-02-01,120,1.1,0.0,0
UCI_22178,2011-02-02,192,1.16,0.0,0
UCI_22178,2011-02-03,23,1.51,0.0,0
UCI_22178,2011-02-04,24,1.25,0.0,0
UCI_22178,2011-02-06,15,1.25,0.0,0
UCI_22178,2011-02-07,20,1.73,0.0,0
UCI_22178,2011-02-08,27,1.92,0.0,0
UCI_22178,2011-02-09,37,1.28,0.0,0
UCI_22178,2011-02-10,12,1.25,0.0,0
UCI_22178,2011-02-11,128,1.13,0.0,0
UCI_22178,2011-02-13,12,1.25,0.0,0
UCI_22178,2011-02-14,26,1.34,0.0,0
UCI_22178,2011-02-15,15,1.25,0.0,0
UCI_22178,2011-02-16,24,1.25,0.0,0
UCI_22178,2011-02-17,54,1.25,0.0,0
UCI_22178,2011-02-18,12,1.25,0.0,0
UCI_22178,2011-02-20,2,1.25,0.0,0
UCI_22178,2011-02-21,4,2.46,0.0,0
UCI_22178,2011-02-22,16,1.55,0.0,0
UCI_22178,2011-02-23,16,1.55,0.0,0
UCI_22178,2011-02-24,204,1.07,0.0,0
UCI_22178,2011-02-25,246,1.1,0.0,0
UCI_22178,2011-02-27,24,1.25,0.0,0
UCI_22178,2011-02-28,62,1.76,0.0,0
UCI_22178,2011-03-01,224,1.63,0.0,0
UCI_22178,2011-03-02,24,1.25,0.0,0
UCI_22178,2011-03-03,40,1.73,0.0,0
UCI_22178,2011-03-04,19,1.31,0.0,0
UCI_22178,2011-03-06,37,1.25,0.0,0
UCI_22178,2011-03-07,125,1.21,0.0,0
UCI_22178,2011-03-08,63,1.31,0.0,0
UCI_22178,2011-03-09,36,1.25,0.0,0
UCI_22178,2011-03-10,25,1.59,0.0,0
UCI_22178,2011-03-11,39,1.34,0.0,0
UCI_22178,2011-03-13,2,1.25,0.0,0
UCI_22178,2011-03-14,6,1.25,0.0,0
UCI_22178,2011-03-15,12,1.25,0.0,0
UCI_22178,2011-03-16,156,1.13,0.0,0
UCI_22178,2011-03-17,303,1.45,0.0,0
UCI_22178,2011-03-18,50,1.3,0.0,0
UCI_22178,2011-03-20,127,1.28,0.0,0
UCI_22178,2011-03-21,195,1.16,0.0,0
UCI_22178,2011-03-22,154,1.52,0.0,0
UCI_22178,2011-03-23,39,1.34,0.0,0
UCI_22178,2011-03-24,54,1.25,0.0,0
UCI_22178,2011-03-25,24,1.55,0.0,0
UCI_22178,2011-03-27,60,1.25,0.0,0
UCI_22178,2011-03-28,71,1.44,0.0,0
UCI_22178,2011-03-29,242,2.22,0.0,0
UCI_22178,2011-03-30,401,1.08,0.0,0
UCI_22178,2011-03-31,179,1.18,0.0,0
UCI_22178,2011-04-01,54,1.25,0.0,0
UCI_22178,2011-04-03,5,1.25,0.0,0
UCI_22178,2011-04-04,82,1.49,0.0,0
UCI_22178,2011-04-05,30,1.25,0.0,0
UCI_22178,2011-04-06,153,1.14,0.0,0
UCI_22178,2011-04-07,57,1.31,0.0,0
UCI_22178,2011-04-08,147,1.15,0.0,0
UCI_22178,2011-04-10,24,1.25,0.0,0
UCI_22178,2011-04-11,150,1.13,0.0,0
UCI_22178,2011-04-12,48,1.25,0.0,0
UCI_22178,2011-04-13,6,1.25,0.0,0
UCI_22178,2011-04-14,326,1.08,0.0,0
UCI_22178,2011-04-15,36,1.25,0.0,0
UCI_22178,2011-04-17,60,1.25,0.0,0
UCI_22178,2011-04-18,227,1.3,0.0,0
UCI_22178,2011-04-19,94,1.46,0.0,0
UCI_22178,2011-04-20,204,1.07,0.0,0
UCI_22178,2011-04-21,120,1.25,0.0,0
UCI_22178,2011-04-26,2,2.46,0.0,0
UCI_22178,2011-04-27,69,1.27,0.0,0
UCI_22178,2011-04-28,24,1.25,0.0,0
UCI_22178,2011-05-03,283,1.13,0.0,0
UCI_22178,2011-05-04,18,1.25,0.0,0
UCI_22178,2011-05-05,101,1.31,0.0,0
UCI_22178,2011-05-06,154,1.21,0.0,0
UCI_22178,2011-05-08,44,1.25,0.0,0
UCI_22178,2011-05-09,156,1.18,0.0,0
UCI_22178,2011-05-10,54,1.25,0.0,0
UCI_22178,2011-05-11,57,1.25,0.0,0
UCI_22178,2011-05-12,194,1.17,0.0,0
UCI_22178,2011-05-13,29,1.54,0.0,0
UCI_22178,2011-05-15,102,1.07,0.0,0
UCI_22178,2011-05-16,27,1.38,0.0,0
UCI_22178,2011-05-17,360,1.1,0.0,0
UCI_22178,2011-05-18,36,1.25,0.0,0
UCI_22178,2011-05-19,58,1.46,0.0,0
UCI_22178,2011-05-20,174,1.15,0.0,0
UCI_22178,2011-05-22,108,1.25,0.0,0
UCI_22178,2011-05-23,73,1.27,0.0,0
UCI_22178,2011-05-24,108,1.38,0.0,0
UCI_22178,2011-05-25,202,1.18,0.0,0
UCI_22178,2011-05-26,18,1.25,0.0,0
UCI_22178,2011-05-27,207,1.09,0.0,0
UCI_22178,2011-05-31,41,1.57,0.0,0
UCI_22178,2011-06-01,47,1.38,0.0,0
UCI_22178,2011-06-02,37,1.68,0.0,0
UCI_22178,2011-06-03,254,1.19,0.0,0
UCI_22178,2011-06-05,360,1.1,0.0,0
UCI_22178,2011-06-06,34,1.39,0.0,0
UCI_22178,2011-06-07,150,1.27,0.0,0
UCI_22178,2011-06-08,134,1.24,0.0,0
UCI_22178,2011-06-09,75,1.49,0.0,0
UCI_22178,2011-06-10,68,1.39,0.0,0
UCI_22178,2011-06-12,82,1.25,0.0,0
UCI_22178,2011-06-13,42,1.25,0.0,0
UCI_22178,2011-06-14,116,1.3,0.0,0
UCI_22178,2011-06-15,34,1.61,0.0,0
UCI_22178,2011-06-16,18,1.25,0.0,0
UCI_22178,2011-06-19,66,1.25,0.0,0
UCI_22178,2011-06-20,24,1.25,0.0,0
UCI_22178,2011-06-21,44,1.25,0.0,0
UCI_22178,2011-06-22,24,1.25,0.0,0
UCI_22178,2011-06-23,6,1.25,0.0,0
UCI_22178,2011-06-24,12,1.25,0.0,0
UCI_22178,2011-06-26,12,1.25,0.0,0
UCI_22178,2011-06-27,14,2.29,0.0,0
UCI_22178,2011-06-28,192,1.06,0.0,0
UCI_22178,2011-06-29,105,1.09,0.0,0
UCI_22178,2011-06-30,23,1.51,0.0,0
UCI_22178,2011-07-01,12,1.25,0.0,0
UCI_22178,2011-07-03,3,1.25,0.0,0
UCI_22178,2011-07-04,139,1.13,0.0,0
UCI_22178,2011-07-05,40,1.37,0.0,0
UCI_22178,2011-07-06,2,1.25,0.0,0
UCI_22178,2011-07-07,322,1.12,0.0,0
UCI_22178,2011-07-08,63,1.4,0.0,0
UCI_22178,2011-07-10,24,1.25,0.0,0
UCI_22178,2011-07-11,12,1.25,0.0,0
UCI_22178,2011-07-12,14,1.42,0.0,0
UCI_22178,2011-07-13,29,1.63,0.0,0
UCI_22178,2011-07-14,63,1.25,0.0,0
UCI_22178,2011-07-17,36,1.25,0.0,0
UCI_22178,2011-07-18,16,1.55,0.0,0
UCI_22178,2011-07-19,60,1.25,0.0,0
UCI_22178,2011-07-20,168,2.25,0.0,0
UCI_22178,2011-07-21,120,1.1,0.0,0
UCI_22178,2011-07-22,8,1.55,0.0,0
UCI_22178,2011-07-24,160,1.14,0.0,0
UCI_22178,2011-07-25,22,1.8,0.0,0
UCI_22178,2011-07-26,16,1.55,0.0,0
UCI_22178,2011-07-27,49,1.27,0.0,0
UCI_22178,2011-07-28,29,1.46,0.0,0
UCI_22178,2011-07-29,96,1.25,0.0,0
UCI_22178,2011-07-31,24,1.25,0.0,0
UCI_22178,2011-08-01,96,1.25,0.0,0
UCI_22178,2011-08-02,83,1.56,0.0,0
UCI_22178,2011-08-03,366,1.1,0.0,0
UCI_22178,2011-08-04,177,1.27,0.0,0
UCI_22178,2011-08-05,102,1.07,0.0,0
UCI_22178,2011-08-08,16,2.01,0.0,0
UCI_22178,2011-08-10,18,1.65,0.0,0
UCI_22178,2011-08-11,159,1.46,0.0,0
UCI_22178,2011-08-12,115,1.17,0.0,0
UCI_22178,2011-08-15,12,1.25,0.0,0
UCI_22178,2011-08-16,24,1.25,0.0,0
UCI_22178,2011-08-17,168,1.14,0.0,0
UCI_22178,2011-08-18,42,1.25,0.0,0
UCI_22178,2011-08-19,36,1.25,0.0,0
UCI_22178,2011-08-21,30,1.25,0.0,0
UCI_22178,2011-08-22,144,1.12,0.0,0
UCI_22178,2011-08-23,50,1.25,0.0,0
UCI_22178,2011-08-24,34,1.82,0.0,0
UCI_22178,2011-08-25,144,1.12,0.0,0
UCI_22178,2011-08-26,36,1.25,0.0,0
UCI_22178,2011-08-28,48,1.25,0.0,0
UCI_22178,2011-08-30,34,2.03,0.0,0
UCI_22178,2011-08-31,202,1.13,0.0,0
UCI_22178,2011-09-01,96,1.06,0.0,0
UCI_22178,2011-09-02,161,1.78,0.0,0
UCI_22178,2011-09-05,11,2.46,0.0,0
UCI_22178,2011-09-06,108,1.68,0.0,0
UCI_22178,2011-09-07,85,2.06,0.0,0
UCI_22178,2011-09-08,6,1.95,0.0,0
UCI_22178,2011-09-09,6,1.95,0.0,0
UCI_22178,2011-09-11,14,1.95,0.0,0
UCI_22178,2011-09-12,99,1.66,0.0,0
UCI_22178,2011-09-13,54,1.95,0.0,0
UCI_22178,2011-09-14,18,1.95,0.0,0
UCI_22178,2011-09-15,41,2.01,0.0,0
UCI_22178,2011-09-16,24,1.95,0.0,0
UCI_22178,2011-09-18,12,1.95,0.0,0
UCI_22178,2011-09-19,98,1.66,0.0,0
UCI_22178,2011-09-20,46,1.99,0.0,0
UCI_22178,2011-09-21,88,2.04,0.0,0
UCI_22178,2011-09-22,66,1.95,0.0,0
UCI_22178,2011-09-23,13,1.99,0.0,0
UCI_22178,2011-09-25,114,1.7,0.0,0
UCI_22178,2011-09-26,5,2.46,0.0,0
UCI_22178,2011-09-27,6,1.95,0.0,0
UCI_22178,2011-09-28,30,1.95,0.0,0
UCI_22178,2011-09-29,24,1.95,0.0,0
UCI_22178,2011-09-30,25,1.97,0.0,0
UCI_22178,2011-10-03,986,0.93,0.0,0
UCI_22178,2011-10-04,30,1.95,0.0,0
UCI_22178,2011-10-05,222,1.61,0.0,0
UCI_22178,2011-10-06,132,1.95,0.0,0
UCI_22178,2011-10-07,97,1.66,0.0,0
UCI_22178,2011-10-09,16,1.95,0.0,0
UCI_22178,2011-10-10,38,2.06,0.0,0
UCI_22178,2011-10-11,72,1.95,0.0,0
UCI_22178,2011-10-12,1,2.46,0.0,0
UCI_22178,2011-10-13,6,1.95,0.0,0
UCI_22178,2011-10-14,186,1.8,0.0,0
UCI_22178,2011-10-17,29,2.25,0.0,0
UCI_22178,2011-10-18,20,2.15,0.0,0
UCI_22178,2011-10-19,102,1.67,0.0,0
UCI_22178,2011-10-20,42,1.95,0.0,0
UCI_22178,2011-10-21,18,1.95,0.0,0
UCI_22178,2011-10-24,28,2.02,0.0,0
UCI_22178,2011-10-25,42,1.95,0.0,0
UCI_22178,2011-10-26,966,0.91,0.0,0
UCI_22178,2011-10-27,18,1.95,0.0,0
UCI_22178,2011-10-28,78,1.95,0.0,0
UCI_22178,2011-10-30,114,1.7,0.0,0
UCI_22178,2011-10-31,77,2.06,0.0,0
UCI_22178,2011-11-01,27,1.95,0.0,0
UCI_22178,2011-11-02,118,1.72,0.0,0
UCI_22178,2011-11-03,12,1.95,0.0,0
UCI_22178,2011-11-04,102,1.67,0.0,0
UCI_22178,2011-11-06,23,1.95,0.0,0
UCI_22178,2011-11-07,8,2.08,0.0,0
UCI_22178,2011-11-08,50,2.09,0.0,0
UCI_22178,2011-11-09,4,2.46,0.0,0
UCI_22178,2011-11-10,186,1.81,0.0,0
UCI_22178,2011-11-11,34,2.01,0.0,0
UCI_22178,2011-11-13,6,1.95,0.0,0
UCI_22178,2011-11-14,49,2.09,0.0,0
UCI_22178,2011-11-15,39,1.99,0.0,0
UCI_22178,2011-11-16,97,1.66,0.0,0
UCI_22178,2011-11-17,214,1.82,0.0,0
UCI_22178,2011-11-18,2,2.46,0.0,0
UCI_22178,2011-11-20,48,1.95,0.0,0
UCI_22178,2011-11-21,209,1.0,0.0,0
UCI_22178,2011-11-22,32,2.08,0.0,0
UCI_22178,2011-11-23,11,2.18,0.0,0
UCI_22178,2011-11-24,78,2.15,0.0,0
UCI_22178,2011-11-25,12,2.2,0.0,0
UCI_22178,2011-11-27,30,1.95,0.0,0
UCI_22178,2011-11-28,247,2.02,0.0,0
UCI_22178,2011-11-29,80,2.1,0.0,0
UCI_22178,2011-11-30,88,1.96,0.0,0
UCI_22178,2011-12-01,158,1.79,0.0,0
UCI_22178,2011-12-02,26,1.99,0.0,0
UCI_22178,2011-12-04,150,1.76,0.0,0
UCI_22178,2011-12-05,377,1.93,0.0,0
UCI_22178,2011-12-06,74,1.96,0.0,0
UCI_22178,2011-12-07,78,1.95,0.0,0
UCI_22178,2011-12-08,109,2.07,0.0,0
UCI_22178,2011-12-09,18,2.12,0.0,0
UCI_22197,2010-12-01,271,0.91,0.0,0
UCI_22197,2010-12-02,74,0.85,0.0,0
UCI_22197,2010-12-03,67,1.37,0.0,0
UCI_22197,2010-12-05,81,0.85,0.0,0
UCI_22197,2010-12-06,265,0.97,0.0,0
UCI_22197,2010-12-07,130,1.33,0.0,0
UCI_22197,2010-12-08,213,0.95,0.0,0
UCI_22197,2010-12-09,260,1.02,0.0,0
UCI_22197,2010-12-10,95,1.4,0.0,0
UCI_22197,2010-12-12,49,0.85,0.0,0
UCI_22197,2010-12-13,45,1.48,0.0,0
UCI_22197,2010-12-14,282,0.82,0.0,0
UCI_22197,2010-12-15,355,0.74,0.0,0
UCI_22197,2010-12-16,19,0.85,0.0,0
UCI_22197,2010-12-17,272,0.93,0.0,0
UCI_22197,2010-12-19,7,0.85,0.0,0
UCI_22197,2010-12-20,169,0.79,0.0,0
UCI_22197,2010-12-21,75,1.4,0.0,0
UCI_22197,2010-12-23,8,1.46,0.0,0
UCI_22197,2011-01-04,23,0.85,0.0,0
UCI_22197,2011-01-05,3,0.85,0.0,0
UCI_22197,2011-01-06,736,0.75,0.0,0
UCI_22197,2011-01-07,36,0.85,0.0,0
UCI_22197,2011-01-09,9,0.85,0.0,0
UCI_22197,2011-01-10,7,1.43,0.0,0
UCI_22197,2011-01-11,20,1.05,0.0,0
UCI_22197,2011-01-12,24,1.25,0.0,0
UCI_22197,2011-01-13,29,1.01,0.0,0
UCI_22197,2011-01-14,34,1.35,0.0,0
UCI_22197,2011-01-16,230,0.74,0.0,0
UCI_22197,2011-01-17,41,1.1,0.0,0
UCI_22197,2011-01-18,4,1.63,0.0,0
UCI_22197,2011-01-19,52,0.91,0.0,0
UCI_22197,2011-01-20,12,1.17,0.0,0
UCI_22197,2011-01-21,152,0.78,0.0,0
UCI_22197,2011-01-24,23,1.22,0.0,0
UCI_22197,2011-01-25,134,0.81,0.0,0
UCI_22197,2011-01-26,103,0.75,0.0,0
UCI_22197,2011-01-27,57,0.86,0.0,0
UCI_22197,2011-01-28,24,0.85,0.0,0
UCI_22197,2011-01-30,10,0.85,0.0,0
UCI_22197,2011-01-31,61,0.91,0.0,0
UCI_22197,2011-02-01,6,0.85,0.0,0
UCI_22197,2011-02-02,6,1.63,0.0,0
UCI_22197,2011-02-04,34,1.63,0.0,0
UCI_22197,2011-02-07,13,0.85,0.0,0
UCI_22197,2011-02-08,39,1.19,0.0,0
UCI_22197,2011-02-09,36,1.15,0.0,0
UCI_22197,2011-02-10,44,0.89,0.0,0
UCI_22197,2011-02-11,102,0.74,0.0,0
UCI_22197,2011-02-13,5,0.85,0.0,0
UCI_22197,2011-02-14,17,1.03,0.0,0
UCI_22197,2011-02-15,631,0.73,0.0,0
UCI_22197,2011-02-16,21,1.15,0.0,0
UCI_22197,2011-02-17,311,0.81,0.0,0
UCI_22197,2011-02-18,48,0.85,0.0,0
UCI_22197,2011-02-20,10,0.85,0.0,0
UCI_22197,2011-02-21,9,1.63,0.0,0
UCI_22197,2011-02-22,106,0.76,0.0,0
UCI_22197,2011-02-23,1048,0.74,0.0,0
UCI_22197,2011-02-24,48,0.85,0.0,0
UCI_22197,2011-02-25,101,0.89,0.0,0
UCI_22197,2011-02-28,29,0.98,0.0,0
UCI_22197,2011-03-01,17,1.13,0.0,0
UCI_22197,2011-03-02,112,0.73,0.0,0
UCI_22197,2011-03-03,134,0.75,0.0,0
UCI_22197,2011-03-04,78,0.85,0.0,0
UCI_22197,2011-03-07,67,0.91,0.0,0
UCI_22197,2011-03-08,13,0.91,0.0,0
UCI_22197,2011-03-09,143,0.76,0.0,0
UCI_22197,2011-03-10,14,0.96,0.0,0
UCI_22197,2011-03-11,542,0.74,0.0,0
UCI_22197,2011-03-14,240,0.74,0.0,0
UCI_22197,2011-03-15,65,0.85,0.0,0
UCI_22197,2011-03-16,100,0.72,0.0,0
UCI_22197,2011-03-17,64,1.24,0.0,0
UCI_22197,2011-03-18,87,0.85,0.0,0
UCI_22197,2011-03-20,27,0.85,0.0,0
UCI_22197,2011-03-21,49,0.85,0.0,0
UCI_22197,2011-03-22,37,1.23,0.0,0
UCI_22197,2011-03-23,19,0.97,0.0,0
UCI_22197,2011-03-24,34,0.85,0.0,0
UCI_22197,2011-03-25,77,1.12,0.0,0
UCI_22197,2011-03-27,21,0.85,0.0,0
UCI_22197,2011-03-28,38,0.89,0.0,0
UCI_22197,2011-03-29,663,1.94,0.0,0
UCI_22197,2011-03-30,28,0.85,0.0,0
UCI_22197,2011-03-31,134,0.79,0.0,0
UCI_22197,2011-04-01,136,0.75,0.0,0
UCI_22197,2011-04-03,43,0.85,0.0,0
UCI_22197,2011-04-04,112,0.73,0.0,0
UCI_22197,2011-04-05,124,0.75,0.0,0
UCI_22197,2011-04-06,56,0.85,0.0,0
UCI_22197,2011-04-07,232,0.81,0.0,0
UCI_22197,2011-04-08,16,1.04,0.0,0
UCI_22197,2011-04-10,24,0.85,0.0,0
UCI_22197,2011-04-11,48,0.85,0.0,0
UCI_22197,2011-04-12,54,0.85,0.0,0
UCI_22197,2011-04-13,25,0.85,0.0,0
UCI_22197,2011-04-14,640,0.73,0.0,0
UCI_22197,2011-04-15,14,1.63,0.0,0
UCI_22197,2011-04-17,3,0.85,0.0,0
UCI_22197,2011-04-18,46,1.36,0.0,0
UCI_22197,2011-04-19,6,1.37,0.0,0
UCI_22197,2011-04-20,48,0.85,0.0,0
UCI_22197,2011-04-21,132,0.75,0.0,0
UCI_22197,2011-04-26,50,1.01,0.0,0
UCI_22197,2011-04-27,60,0.8,0.0,0
UCI_22197,2011-05-01,200,0.72,0.0,0
UCI_22197,2011-05-03,39,0.85,0.0,0
UCI_22197,2011-05-04,221,0.73,0.0,0
UCI_22197,2011-05-05,19,1.1,0.0,0
UCI_22197,2011-05-06,30,1.01,0.0,0
UCI_22197,2011-05-08,63,0.85,0.0,0
UCI_22197,2011-05-09,64,0.85,0.0,0
UCI_22197,2011-05-10,50,1.51,0.0,0
UCI_22197,2011-05-11,84,0.85,0.0,0
UCI_22197,2011-05-12,51,0.85,0.0,0
UCI_22197,2011-05-13,115,0.76,0.0,0
UCI_22197,2011-05-15,11,0.85,0.0,0
UCI_22197,2011-05-16,61,0.85,0.0,0
UCI_22197,2011-05-17,556,0.76,0.0,0
UCI_22197,2011-05-18,91,0.87,0.0,0
UCI_22197,2011-05-19,140,0.84,0.0,0
UCI_22197,2011-05-20,420,0.73,0.0,0
UCI_22197,2011-05-22,30,0.85,0.0,0
UCI_22197,2011-05-23,44,0.85,0.0,0
UCI_22197,2011-05-24,63,0.85,0.0,0
UCI_22197,2011-05-25,73,0.85,0.0,0
UCI_22197,2011-05-26,38,0.89,0.0,0
UCI_22197,2011-05-27,4314,0.72,0.0,0
UCI_22197,2011-05-29,30,0.85,0.0,0
UCI_22197,2011-05-31,34,0.85,0.0,0
UCI_22197,2011-06-01,6,0.85,0.0,0
UCI_22197,2011-06-02,44,1.12,0.0,0
UCI_22197,2011-06-03,368,0.74,0.0,0
UCI_22197,2011-06-05,81,0.85,0.0,0
UCI_22197,2011-06-06,17,0.85,0.0,0
UCI_22197,2011-06-07,19,0.85,0.0,0
UCI_22197,2011-06-08,51,1.09,0.0,0
UCI_22197,2011-06-09,161,0.77,0.0,0
UCI_22197,2011-06-10,105,0.73,0.0,0
UCI_22197,2011-06-12,57,0.85,0.0,0
UCI_22197,2011-06-13,33,0.99,0.0,0
UCI_22197,2011-06-14,127,0.75,0.0,0
UCI_22197,2011-06-15,128,0.75,0.0,0
UCI_22197,2011-06-16,13,1.09,0.0,0
UCI_22197,2011-06-17,82,0.85,0.0,0
UCI_22197,2011-06-19,54,0.85,0.0,0
UCI_22197,2011-06-20,59,1.0,0.0,0
UCI_22197,2011-06-21,49,0.88,0.0,0
UCI_22197,2011-06-22,1,0.85,0.0,0
UCI_22197,2011-06-23,110,0.87,0.0,0
UCI_22197,2011-06-24,126,0.76,0.0,0
UCI_22197,2011-06-27,60,1.03,0.0,0
UCI_22197,2011-06-28,56,0.86,0.0,0
UCI_22197,2011-06-29,24,0.85,0.0,0
UCI_22197,2011-06-30,264,0.75,0.0,0
UCI_22197,2011-07-01,26,0.85,0.0,0
UCI_22197,2011-07-04,57,1.01,0.0,0
UCI_22197,2011-07-05,227,0.79,0.0,0
UCI_22197,2011-07-06,16,0.85,0.0,0
UCI_22197,2011-07-07,48,0.85,0.0,0
UCI_22197,2011-07-08,259,0.81,0.0,0
UCI_22197,2011-07-10,29,0.85,0.0,0
UCI_22197,2011-07-11,14,0.96,0.0,0
UCI_22197,2011-07-12,20,1.12,0.0,0
UCI_22197,2011-07-13,35,1.05,0.0,0
UCI_22197,2011-07-14,70,0.85,0.0,0
UCI_22197,2011-07-15,4,0.85,0.0,0
UCI_22197,2011-07-17,14,0.85,0.0,0
UCI_22197,2011-07-18,48,0.95,0.0,0
UCI_22197,2011-07-19,97,0.85,0.0,0
UCI_22197,2011-07-20,74,0.92,0.0,0
UCI_22197,2011-07-21,168,0.74,0.0,0
UCI_22197,2011-07-22,100,0.72,0.0,0
UCI_22197,2011-07-24,134,0.75,0.0,0
UCI_22197,2011-07-25,31,0.93,0.0,0
UCI_22197,2011-07-26,25,0.88,0.0,0
UCI_22197,2011-07-27,72,0.85,0.0,0
UCI_22197,2011-07-28,18,0.94,0.0,0
UCI_22197,2011-07-29,86,0.87,0.0,0
UCI_22197,2011-07-31,204,0.72,0.0,0
UCI_22197,2011-08-01,21,0.85,0.0,0
UCI_22197,2011-08-02,45,1.01,0.0,0
UCI_22197,2011-08-03,15,0.9,0.0,0
UCI_22197,2011-08-04,2036,0.72,0.0,0
UCI_22197,2011-08-05,61,0.85,0.0,0
UCI_22197,2011-08-08,257,0.75,0.0,0
UCI_22197,2011-08-09,3,1.63,0.0,0
UCI_22197,2011-08-10,600,0.72,0.0,0
UCI_22197,2011-08-11,691,0.77,0.0,0
UCI_22197,2011-08-12,160,0.77,0.0,0
UCI_22197,2011-08-14,24,0.85,0.0,0
UCI_22197,2011-08-15,100,0.72,0.0,0
UCI_22197,2011-08-16,33,1.06,0.0,0
UCI_22197,2011-08-17,194,0.78,0.0,0
UCI_22197,2011-08-18,38,0.85,0.0,0
UCI_22197,2011-08-19,98,0.85,0.0,0
UCI_22197,2011-08-21,55,0.85,0.0,0
UCI_22197,2011-08-22,36,0.85,0.0,0
UCI_22197,2011-08-23,49,0.85,0.0,0
UCI_22197,2011-08-24,76,1.13,0.0,0
UCI_22197,2011-08-25,34,0.85,0.0,0
UCI_22197,2011-08-26,613,0.72,0.0,0
UCI_22197,2011-08-28,18,0.85,0.0,0
UCI_22197,2011-08-30,40,1.55,0.0,0
UCI_22197,2011-08-31,124,0.75,0.0,0
UCI_22197,2011-09-01,101,0.8,0.0,0
UCI_22197,2011-09-02,667,0.78,0.0,0
UCI_22197,2011-09-04,24,0.85,0.0,0
UCI_22197,2011-09-05,105,0.87,0.0,0
UCI_22197,2011-09-06,27,1.28,0.0,0
UCI_22197,2011-09-07,79,0.9,0.0,0
UCI_22197,2011-09-08,67,0.88,0.0,0
UCI_22197,2011-09-09,136,0.86,0.0,0
UCI_22197,2011-09-11,102,0.72,0.0,0
UCI_22197,2011-09-12,209,1.41,0.0,0
UCI_22197,2011-09-13,50,1.26,0.0,0
UCI_22197,2011-09-14,102,0.74,0.0,0
UCI_22197,2011-09-15,35,0.89,0.0,0
UCI_22197,2011-09-16,134,1.0,0.0,0
UCI_22197,2011-09-18,40,0.85,0.0,0
UCI_22197,2011-09-19,222,0.79,0.0,0
UCI_22197,2011-09-20,181,0.86,0.0,0
UCI_22197,2011-09-21,143,0.86,0.0,0
UCI_22197,2011-09-22,25,0.85,0.0,0
UCI_22197,2011-09-23,99,1.44,0.0,0
UCI_22197,2011-09-25,12,0.85,0.0,0
UCI_22197,2011-09-26,27,1.05,0.0,0
UCI_22197,2011-09-27,85,1.13,0.0,0
UCI_22197,2011-09-28,143,0.86,0.0,0
UCI_22197,2011-09-29,296,0.79,0.0,0
UCI_22197,2011-09-30,1085,0.73,0.0,0
UCI_22197,2011-10-02,39,0.85,0.0,0
UCI_22197,2011-10-03,76,0.85,0.0,0
UCI_22197,2011-10-04,147,1.09,0.0,0
UCI_22197,2011-10-05,50,0.94,0.0,0
UCI_22197,2011-10-06,389,0.76,0.0,0
UCI_22197,2011-10-07,47,1.41,0.0,0
UCI_22197,2011-10-09,126,0.75,0.0,0
UCI_22197,2011-10-10,159,0.87,0.0,0
UCI_22197,2011-10-11,124,1.45,0.0,0
UCI_22197,2011-10-12,210,0.83,0.0,0
UCI_22197,2011-10-13,133,0.75,0.0,0
UCI_22197,2011-10-14,252,0.83,0.0,0
UCI_22197,2011-10-16,6,0.85,0.0,0
UCI_22197,2011-10-17,534,0.74,0.0,0
UCI_22197,2011-10-18,294,0.96,0.0,0
UCI_22197,2011-10-19,247,0.75,0.0,0
UCI_22197,2011-10-20,15,0.85,0.0,0
UCI_22197,2011-10-21,62,0.9,0.0,0
UCI_22197,2011-10-23,12,0.85,0.0,0
UCI_22197,2011-10-24,232,0.86,0.0,0
UCI_22197,2011-10-25,251,0.84,0.0,0
UCI_22197,2011-10-26,43,0.85,0.0,0
UCI_22197,2011-10-27,47,0.9,0.0,0
UCI_22197,2011-10-28,2065,0.73,0.0,0
UCI_22197,2011-10-30,133,0.75,0.0,0
UCI_22197,2011-10-31,210,0.93,0.0,0
UCI_22197,2011-11-01,286,0.8,0.0,0
UCI_22197,2011-11-02,172,0.84,0.0,0
UCI_22197,2011-11-03,20,0.97,0.0,0
UCI_22197,2011-11-04,174,0.93,0.0,0
UCI_22197,2011-11-06,293,0.76,0.0,0
UCI_22197,2011-11-07,2012,1.84,0.0,0
UCI_22197,2011-11-08,172,1.49,0.0,0
UCI_22197,2011-11-09,1079,0.73,0.0,0
UCI_22197,2011-11-10,339,0.78,0.0,0
UCI_22197,2011-11-11,184,1.56,0.0,0
UCI_22197,2011-11-13,114,0.85,0.0,0
UCI_22197,2011-11-14,1767,1.53,0.0,0
UCI_22197,2011-11-15,221,1.11,0.0,0
UCI_22197,2011-11-16,352,0.9,0.0,0
UCI_22197,2011-11-17,135,1.14,0.0,0
UCI_22197,2011-11-18,449,1.11,0.0,0
UCI_22197,2011-11-20,218,0.85,0.0,0
UCI_22197,2011-11-21,349,0.79,0.0,0
UCI_22197,2011-11-22,1162,0.88,0.0,0
UCI_22197,2011-11-23,497,0.77,0.0,0
UCI_22197,2011-11-24,558,0.77,0.0,0
UCI_22197,2011-11-25,342,1.25,0.0,0
UCI_22197,2011-11-27,47,0.95,0.0,0
UCI_22197,2011-11-28,244,1.07,0.0,0
UCI_22197,2011-11-29,796,0.8,0.0,0
UCI_22197,2011-11-30,470,0.93,0.0,0
UCI_22197,2011-12-01,279,0.85,0.0,0
UCI_22197,2011-12-02,1369,0.8,0.0,0
UCI_22197,2011-12-04,113,1.76,0.0,0
UCI_22197,2011-12-05,410,0.88,0.0,0
UCI_22197,2011-12-06,337,1.24,0.0,0
UCI_22197,2011-12-07,368,0.78,0.0,0
UCI_22197,2011-12-08,3111,0.81,0.0,0
UCI_22197,2011-12-09,230,1.38,0.0,0
UCI_22355,2010-12-01,65,0.91,0.0,0
UCI_22355,2010-12-02,10,0.85,0.0,0
UCI_22355,2010-12-03,122,2.36,0.0,0
UCI_22355,2010-12-05,110,0.73,0.0,0
UCI_22355,2010-12-06,23,1.31,0.0,0
UCI_22355,2010-12-07,281,2.38,0.0,0
UCI_22355,2010-12-08,43,0.91,0.0,0
UCI_22355,2010-12-09,25,1.3,0.0,0
UCI_22355,2010-12-10,272,2.49,0.0,0
UCI_22355,2010-12-12,1,0.85,0.0,0
UCI_22355,2010-12-13,17,1.18,0.0,0
UCI_22355,2010-12-14,338,1.86,0.0,0
UCI_22355,2010-12-15,20,0.85,0.0,0
UCI_22355,2010-12-16,41,0.85,0.0,0
UCI_22355,2010-12-17,46,0.96,0.0,0
UCI_22355,2010-12-20,46,0.81,0.0,0
UCI_22355,2010-12-21,397,2.06,0.0,0
UCI_22355,2010-12-22,110,0.73,0.0,0
UCI_22355,2010-12-23,14,2.51,0.0,0
UCI_22355,2011-01-04,1,0.85,0.0,0
UCI_22355,2011-01-05,10,0.85,0.0,0
UCI_22355,2011-01-06,120,2.01,0.0,0
UCI_22355,2011-01-07,11,0.92,0.0,0
UCI_22355,2011-01-09,31,0.85,0.0,0
UCI_22355,2011-01-10,115,0.77,0.0,0
UCI_22355,2011-01-11,126,2.31,0.0,0
UCI_22355,2011-01-12,2,1.66,0.0,0
UCI_22355,2011-01-13,3,1.63,0.0,0
UCI_22355,2011-01-14,192,1.38,0.0,0
UCI_22355,2011-01-16,24,0.85,0.0,0
UCI_22355,2011-01-17,6,1.63,0.0,0
UCI_22355,2011-01-18,91,2.26,0.0,0
UCI_22355,2011-01-20,16,0.95,0.0,0
UCI_22355,2011-01-21,77,2.23,0.0,0
UCI_22355,2011-01-23,1,0.85,0.0,0
UCI_22355,2011-01-24,53,0.89,0.0,0
UCI_22355,2011-01-25,240,1.38,0.0,0
UCI_22355,2011-01-26,30,0.85,0.0,0
UCI_22355,2011-01-27,10,0.85,0.0,0
UCI_22355,2011-01-28,94,1.95,0.0,0
UCI_22355,2011-01-30,30,0.85,0.0,0
UCI_22355,2011-01-31,34,2.46,0.0,0
UCI_22355,2011-02-01,9,1.2,0.0,0
UCI_22355,2011-02-02,1,1.63,0.0,0
UCI_22355,2011-02-03,10,0.85,0.0,0
UCI_22355,2011-02-04,94,2.46,0.0,0
UCI_22355,2011-02-08,147,2.22,0.0,0
UCI_22355,2011-02-11,65,2.15,0.0,0
UCI_22355,2011-02-14,56,0.85,0.0,0
UCI_22355,2011-02-15,2,0.85,0.0,0
UCI_22355,2011-02-16,20,0.85,0.0,0
UCI_22355,2011-02-17,169,2.03,0.0,0
UCI_22355,2011-02-18,112,0.75,0.0,0
UCI_22355,2011-02-20,10,0.85,0.0,0
UCI_22355,2011-02-21,111,0.74,0.0,0
UCI_22355,2011-02-22,10,0.85,0.0,0
UCI_22355,2011-02-23,202,1.6,0.0,0
UCI_22355,2011-02-24,10,0.85,0.0,0
UCI_22355,2011-02-25,47,2.12,0.0,0
UCI_22355,2011-02-27,100,0.72,0.0,0
UCI_22355,2011-02-28,17,0.94,0.0,0
UCI_22355,2011-03-01,2,1.63,0.0,0
UCI_22355,2011-03-02,10,0.85,0.0,0
UCI_22355,2011-03-03,32,0.87,0.0,0
UCI_22355,2011-03-04,2,1.63,0.0,0
UCI_22355,2011-03-06,5,0.85,0.0,0
UCI_22355,2011-03-07,232,2.43,0.0,0
UCI_22355,2011-03-08,20,0.85,0.0,0
UCI_22355,2011-03-09,22,0.92,0.0,0
UCI_22355,2011-03-10,19,0.89,0.0,0
UCI_22355,2011-03-11,95,2.45,0.0,0
UCI_22355,2011-03-13,30,0.85,0.0,0
UCI_22355,2011-03-14,102,0.72,0.0,0
UCI_22355,2011-03-15,5,2.14,0.0,0
UCI_22355,2011-03-16,10,0.85,0.0,0
UCI_22355,2011-03-17,103,0.93,0.0,0
UCI_22355,2011-03-18,113,1.75,0.0,0
UCI_22355,2011-03-21,10,0.85,0.0,0
UCI_22355,2011-03-22,150,1.29,0.0,0
UCI_22355,2011-03-23,141,0.76,0.0,0
UCI_22355,2011-03-24,1,0.85,0.0,0
UCI_22355,2011-03-25,42,0.89,0.0,0
UCI_22355,2011-03-28,16,0.85,0.0,0
UCI_22355,2011-03-29,303,2.21,0.0,0
UCI_22355,2011-03-30,11,0.92,0.0,0
UCI_22355,2011-03-31,104,2.13,0.0,0
UCI_22355,2011-04-01,100,0.72,0.0,0
UCI_22355,2011-04-04,10,0.85,0.0,0
UCI_22355,2011-04-05,2,0.85,0.0,0
UCI_22355,2011-04-06,129,2.46,0.0,0
UCI_22355,2011-04-07,19,0.89,0.0,0
UCI_22355,2011-04-08,21,0.89,0.0,0
UCI_22355,2011-04-10,3,0.85,0.0,0
UCI_22355,2011-04-11,102,2.24,0.0,0
UCI_22355,2011-04-12,40,0.85,0.0,0
UCI_22355,2011-04-13,20,0.85,0.0,0
UCI_22355,2011-04-14,14,0.85,0.0,0
UCI_22355,2011-04-15,51,2.14,0.0,0
UCI_22355,2011-04-18,138,0.85,0.0,0
UCI_22355,2011-04-19,17,1.03,0.0,0
UCI_22355,2011-04-20,92,1.58,0.0,0
UCI_22355,2011-04-21,32,0.87,0.0,0
UCI_22355,2011-04-26,82,2.05,0.0,0
UCI_22355,2011-04-27,86,0.8,0.0,0
UCI_22355,2011-04-28,11,0.85,0.0,0
UCI_22355,2011-05-03,109,1.95,0.0,0
UCI_22355,2011-05-04,10,0.85,0.0,0
UCI_22355,2011-05-05,10,0.85,0.0,0
UCI_22355,2011-05-06,31,0.98,0.0,0
UCI_22355,2011-05-08,12,0.85,0.0,0
UCI_22355,2011-05-09,14,0.91,0.0,0
UCI_22355,2011-05-10,251,1.43,0.0,0
UCI_22355,2011-05-11,21,0.89,0.0,0
UCI_22355,2011-05-12,250,0.75,0.0,0
UCI_22355,2011-05-13,42,2.46,0.0,0
UCI_22355,2011-05-16,40,0.85,0.0,0
UCI_22355,2011-05-17,90,1.96,0.0,0
UCI_22355,2011-05-18,23,0.95,0.0,0
UCI_22355,2011-05-19,10,0.85,0.0,0
UCI_22355,2011-05-20,60,0.85,0.0,0
UCI_22355,2011-05-22,24,0.85,0.0,0
UCI_22355,2011-05-23,14,0.96,0.0,0
UCI_22355,2011-05-24,27,0.94,0.0,0
UCI_22355,2011-05-25,20,0.85,0.0,0
UCI_22355,2011-05-26,120,0.74,0.0,0
UCI_22355,2011-05-27,168,2.25,0.0,0
UCI_22355,2011-05-29,5,0.85,0.0,0
UCI_22355,2011-05-31,50,1.49,0.0,0
UCI_22355,2011-06-01,10,0.85,0.0,0
UCI_22355,2011-06-02,3,0.85,0.0,0
UCI_22355,2011-06-03,20,0.85,0.0,0
UCI_22355,2011-06-05,69,0.85,0.0,0
UCI_22355,2011-06-06,5,1.01,0.0,0
UCI_22355,2011-06-07,43,0.89,0.0,0
UCI_22355,2011-06-08,129,2.27,0.0,0
UCI_22355,2011-06-09,22,0.92,0.0,0
UCI_22355,2011-06-10,43,1.97,0.0,0
UCI_22355,2011-06-12,1,0.85,0.0,0
UCI_22355,2011-06-13,23,0.92,0.0,0
UCI_22355,2011-06-14,155,1.28,0.0,0
UCI_22355,2011-06-15,30,0.85,0.0,0
UCI_22355,2011-06-16,114,0.74,0.0,0
UCI_22355,2011-06-17,71,2.01,0.0,0
UCI_22355,2011-06-19,12,0.85,0.0,0
UCI_22355,2011-06-21,75,2.15,0.0,0
UCI_22355,2011-06-22,20,0.85,0.0,0
UCI_22355,2011-06-23,24,0.88,0.0,0
UCI_22355,2011-06-24,11,0.92,0.0,0
UCI_22355,2011-06-26,30,0.85,0.0,0
UCI_22355,2011-06-27,12,0.98,0.0,0
UCI_22355,2011-06-28,224,1.61,0.0,0
UCI_22355,2011-06-29,24,1.01,0.0,0
UCI_22355,2011-06-30,25,0.85,0.0,0
UCI_22355,2011-07-01,30,0.85,0.0,0
UCI_22355,2011-07-04,48,0.98,0.0,0
UCI_22355,2011-07-05,88,1.85,0.0,0
UCI_22355,2011-07-06,21,0.85,0.0,0
UCI_22355,2011-07-07,29,0.98,0.0,0
UCI_22355,2011-07-08,57,2.46,0.0,0
UCI_22355,2011-07-10,4,0.85,0.0,0
UCI_22355,2011-07-11,12,0.98,0.0,0
UCI_22355,2011-07-12,91,2.26,0.0,0
UCI_22355,2011-07-13,22,0.85,0.0,0
UCI_22355,2011-07-14,44,0.87,0.0,0
UCI_22355,2011-07-15,15,0.9,0.0,0
UCI_22355,2011-07-17,10,0.85,0.0,0
UCI_22355,2011-07-18,27,0.85,0.0,0
UCI_22355,2011-07-19,147,2.23,0.0,0
UCI_22355,2011-07-20,10,0.85,0.0,0
UCI_22355,2011-07-22,66,1.9,0.0,0
UCI_22355,2011-07-24,30,0.85,0.0,0
UCI_22355,2011-07-25,6,1.11,0.0,0
UCI_22355,2011-07-26,90,1.54,0.0,0
UCI_22355,2011-07-27,133,0.75,0.0,0
UCI_22355,2011-07-28,8,0.95,0.0,0
UCI_22355,2011-07-29,50,0.85,0.0,0
UCI_22355,2011-08-01,20,0.85,0.0,0
UCI_22355,2011-08-02,133,2.21,0.0,0
UCI_22355,2011-08-03,31,0.88,0.0,0
UCI_22355,2011-08-04,7,0.96,0.0,0
UCI_22355,2011-08-05,18,0.85,0.0,0
UCI_22355,2011-08-07,20,0.85,0.0,0
UCI_22355,2011-08-08,54,0.74,0.0,0
UCI_22355,2011-08-09,111,0.73,0.0,0
UCI_22355,2011-08-10,131,2.32,0.0,0
UCI_22355,2011-08-11,110,0.73,0.0,0
UCI_22355,2011-08-12,120,0.74,0.0,0
UCI_22355,2011-08-14,24,0.85,0.0,0
UCI_22355,2011-08-15,20,0.85,0.0,0
UCI_22355,2011-08-16,89,2.41,0.0,0
UCI_22355,2011-08-17,22,0.85,0.0,0
UCI_22355,2011-08-18,40,0.85,0.0,0
UCI_22355,2011-08-19,12,0.85,0.0,0
UCI_22355,2011-08-22,53,0.85,0.0,0
UCI_22355,2011-08-23,17,0.85,0.0,0
UCI_22355,2011-08-24,257,1.73,0.0,0
UCI_22355,2011-08-25,15,0.85,0.0,0
UCI_22355,2011-08-26,83,1.88,0.0,0
UCI_22355,2011-08-28,7,0.85,0.0,0
UCI_22355,2011-08-30,70,2.12,0.0,0
UCI_22355,2011-08-31,10,0.85,0.0,0
UCI_22355,2011-09-01,3,0.85,0.0,0
UCI_22355,2011-09-02,173,1.35,0.0,0
UCI_22355,2011-09-04,5,0.85,0.0,0
UCI_22355,2011-09-05,30,0.85,0.0,0
UCI_22355,2011-09-06,71,2.23,0.0,0
UCI_22355,2011-09-07,8,1.14,0.0,0
UCI_22355,2011-09-08,36,0.85,0.0,0
UCI_22355,2011-09-09,82,2.34,0.0,0
UCI_22355,2011-09-11,2,0.85,0.0,0
UCI_22355,2011-09-12,32,0.9,0.0,0
UCI_22355,2011-09-13,96,1.96,0.0,0
UCI_22355,2011-09-14,113,0.73,0.0,0
UCI_22355,2011-09-15,31,0.88,0.0,0
UCI_22355,2011-09-16,119,2.05,0.0,0
UCI_22355,2011-09-18,30,0.85,0.0,0
UCI_22355,2011-09-19,26,0.85,0.0,0
UCI_22355,2011-09-20,59,2.46,0.0,0
UCI_22355,2011-09-21,8,1.34,0.0,0
UCI_22355,2011-09-22,36,0.85,0.0,0
UCI_22355,2011-09-23,68,2.2,0.0,0
UCI_22355,2011-09-25,10,0.85,0.0,0
UCI_22355,2011-09-26,1,1.63,0.0,0
UCI_22355,2011-09-27,84,2.25,0.0,0
UCI_22355,2011-09-28,47,0.78,0.0,0
UCI_22355,2011-09-29,30,0.85,0.0,0
UCI_22355,2011-09-30,1,1.63,0.0,0
UCI_22355,2011-10-02,7,0.85,0.0,0
UCI_22355,2011-10-03,1,1.63,0.0,0
UCI_22355,2011-10-04,128,2.33,0.0,0
UCI_22355,2011-10-05,100,0.72,0.0,0
UCI_22355,2011-10-06,21,0.89,0.0,0
UCI_22355,2011-10-07,114,1.84,0.0,0
UCI_22355,2011-10-10,12,0.92,0.0,0
UCI_22355,2011-10-11,91,2.23,0.0,0
UCI_22355,2011-10-12,28,0.93,0.0,0
UCI_22355,2011-10-13,18,0.85,0.0,0
UCI_22355,2011-10-14,121,1.79,0.0,0
UCI_22355,2011-10-16,10,0.85,0.0,0
UCI_22355,2011-10-17,4,1.63,0.0,0
UCI_22355,2011-10-18,129,2.0,0.0,0
UCI_22355,2011-10-19,25,0.85,0.0,0
UCI_22355,2011-10-20,30,0.85,0.0,0
UCI_22355,2011-10-21,84,2.46,0.0,0
UCI_22355,2011-10-23,24,0.85,0.0,0
UCI_22355,2011-10-24,247,0.77,0.0,0
UCI_22355,2011-10-25,112,2.07,0.0,0
UCI_22355,2011-10-26,32,0.85,0.0,0
UCI_22355,2011-10-27,21,0.89,0.0,0
UCI_22355,2011-10-28,72,2.46,0.0,0
UCI_22355,2011-10-30,51,0.85,0.0,0
UCI_22355,2011-10-31,75,2.08,0.0,0
UCI_22355,2011-11-01,14,0.85,0.0,0
UCI_22355,2011-11-02,2,1.63,0.0,0
UCI_22355,2011-11-03,34,0.9,0.0,0
UCI_22355,2011-11-04,141,2.13,0.0,0
UCI_22355,2011-11-06,8,0.85,0.0,0
UCI_22355,2011-11-08,127,2.05,0.0,0
UCI_22355,2011-11-09,20,0.85,0.0,0
UCI_22355,2011-11-10,122,0.75,0.0,0
UCI_22355,2011-11-11,172,1.85,0.0,0
UCI_22355,2011-11-13,29,0.85,0.0,0
UCI_22355,2011-11-14,27,0.97,0.0,0
UCI_22355,2011-11-15,120,2.12,0.0,0
UCI_22355,2011-11-16,11,1.2,0.0,0
UCI_22355,2011-11-17,2,1.63,0.0,0
UCI_22355,2011-11-18,259,2.24,0.0,0
UCI_22355,2011-11-20,21,0.85,0.0,0
UCI_22355,2011-11-21,13,0.91,0.0,0
UCI_22355,2011-11-22,305,1.77,0.0,0
UCI_22355,2011-11-23,2,0.85,0.0,0
UCI_22355,2011-11-24,16,1.09,0.0,0
UCI_22355,2011-11-25,261,2.14,0.0,0
UCI_22355,2011-11-27,74,2.46,0.0,0
UCI_22355,2011-11-28,45,0.94,0.0,0
UCI_22355,2011-11-29,146,2.43,0.0,0
UCI_22355,2011-11-30,117,2.12,0.0,0
UCI_22355,2011-12-01,34,0.94,0.0,0
UCI_22355,2011-12-02,193,2.37,0.0,0
UCI_22355,2011-12-04,177,2.46,0.0,0
UCI_22355,2011-12-05,22,1.24,0.0,0
UCI_22355,2011-12-06,239,2.1,0.0,0
UCI_22355,2011-12-07,130,0.75,0.0,0
UCI_22355,2011-12-08,223,2.36,0.0,0
UCI_22355,2011-12-09,113,2.44,0.0,0
UCI_22386,2010-12-01,45,2.1,0.0,0
UCI_22386,2010-12-02,23,1.95,0.0,0
UCI_22386,2010-12-03,23,2.36,0.0,0
UCI_22386,2010-12-05,16,1.95,0.0,0
UCI_22386,2010-12-06,20,1.95,0.0,0
UCI_22386,2010-12-07,14,3.83,0.0,0
UCI_22386,2010-12-08,213,1.68,0.0,0
UCI_22386,2010-12-09,18,2.77,0.0,0
UCI_22386,2010-12-10,1,4.21,0.0,0
UCI_22386,2010-12-12,4,1.95,0.0,0
UCI_22386,2010-12-13,10,1.95,0.0,0
UCI_22386,2010-12-14,11,1.95,0.0,0
UCI_22386,2010-12-15,20,1.95,0.0,0
UCI_22386,2010-12-16,40,1.95,0.0,0
UCI_22386,2010-12-17,25,2.4,0.0,0
UCI_22386,2010-12-19,1,1.95,0.0,0
UCI_22386,2010-12-21,9,5.06,0.0,0
UCI_22386,2011-01-04,30,1.95,0.0,0
UCI_22386,2011-01-05,200,1.65,0.0,0
UCI_22386,2011-01-06,45,1.95,0.0,0
UCI_22386,2011-01-07,234,1.73,0.0,0
UCI_22386,2011-01-09,34,1.95,0.0,0
UCI_22386,2011-01-10,20,1.95,0.0,0
UCI_22386,2011-01-11,10,1.95,0.0,0
UCI_22386,2011-01-12,3,4.21,0.0,0
UCI_22386,2011-01-13,213,1.67,0.0,0
UCI_22386,2011-01-14,64,3.08,0.0,0
UCI_22386,2011-01-16,13,1.95,0.0,0
UCI_22386,2011-01-17,21,2.05,0.0,0
UCI_22386,2011-01-18,8,4.0,0.0,0
UCI_22386,2011-01-19,18,2.19,0.0,0
UCI_22386,2011-01-20,2,4.13,0.0,0
UCI_22386,2011-01-21,13,3.79,0.0,0
UCI_22386,2011-01-23,11,1.95,0.0,0
UCI_22386,2011-01-24,13,2.45,0.0,0
UCI_22386,2011-01-25,96,1.99,0.0,0
UCI_22386,2011-01-26,23,2.23,0.0,0
UCI_22386,2011-01-27,37,1.95,0.0,0
UCI_22386,2011-01-28,20,1.95,0.0,0
UCI_22386,2011-01-30,10,1.95,0.0,0
UCI_22386,2011-01-31,4,4.13,0.0,0
UCI_22386,2011-02-01,6,2.31,0.0,0
UCI_22386,2011-02-02,32,2.5,0.0,0
UCI_22386,2011-02-03,50,1.95,0.0,0
UCI_22386,2011-02-04,103,1.72,0.0,0
UCI_22386,2011-02-06,30,1.95,0.0,0
UCI_22386,2011-02-07,31,1.95,0.0,0
UCI_22386,2011-02-08,11,2.94,0.0,0
UCI_22386,2011-02-09,18,2.31,0.0,0
UCI_22386,2011-02-10,12,2.13,0.0,0
UCI_22386,2011-02-11,23,1.95,0.0,0
UCI_22386,2011-02-14,302,1.65,0.0,0
UCI_22386,2011-02-15,30,1.95,0.0,0
UCI_22386,2011-02-16,11,2.15,0.0,0
UCI_22386,2011-02-17,22,4.03,0.0,0
UCI_22386,2011-02-18,33,1.95,0.0,0
UCI_22386,2011-02-20,11,1.95,0.0,0
UCI_22386,2011-02-22,200,1.65,0.0,0
UCI_22386,2011-02-23,17,2.85,0.0,0
UCI_22386,2011-02-24,40,1.95,0.0,0
UCI_22386,2011-02-25,3,1.95,0.0,0
UCI_22386,2011-02-28,62,1.99,0.0,0
UCI_22386,2011-03-01,83,2.03,0.0,0
UCI_22386,2011-03-02,4,1.95,0.0,0
UCI_22386,2011-03-03,14,1.95,0.0,0
UCI_22386,2011-03-04,11,1.95,0.0,0
UCI_22386,2011-03-07,160,1.97,0.0,0
UCI_22386,2011-03-08,83,1.98,0.0,0
UCI_22386,2011-03-09,22,1.95,0.0,0
UCI_22386,2011-03-10,106,1.67,0.0,0
UCI_22386,2011-03-11,3,1.95,0.0,0
UCI_22386,2011-03-14,20,1.95,0.0,0
UCI_22386,2011-03-15,45,3.45,0.0,0
UCI_22386,2011-03-16,110,1.68,0.0,0
UCI_22386,2011-03-17,832,1.66,0.0,0
UCI_22386,2011-03-18,36,2.31,0.0,0
UCI_22386,2011-03-20,40,1.95,0.0,0
UCI_22386,2011-03-21,140,1.74,0.0,0
UCI_22386,2011-03-22,36,2.92,0.0,0
UCI_22386,2011-03-23,125,1.76,0.0,0
UCI_22386,2011-03-24,14,1.95,0.0,0
UCI_22386,2011-03-25,271,1.73,0.0,0
UCI_22386,2011-03-28,113,1.7,0.0,0
UCI_22386,2011-03-29,305,1.77,0.0,0
UCI_22386,2011-03-30,12,1.97,0.0,0
UCI_22386,2011-03-31,224,1.83,0.0,0
UCI_22386,2011-04-01,17,2.12,0.0,0
UCI_22386,2011-04-03,4,2.08,0.0,0
UCI_22386,2011-04-04,30,2.08,0.0,0
UCI_22386,2011-04-05,30,2.04,0.0,0
UCI_22386,2011-04-06,1,4.13,0.0,0
UCI_22386,2011-04-07,24,2.59,0.0,0
UCI_22386,2011-04-08,30,2.04,0.0,0
UCI_22386,2011-04-10,10,2.08,0.0,0
UCI_22386,2011-04-11,5,2.08,0.0,0
UCI_22386,2011-04-13,10,2.08,0.0,0
UCI_22386,2011-04-14,58,2.08,0.0,0
UCI_22386,2011-04-15,46,2.79,0.0,0
UCI_22386,2011-04-18,28,2.67,0.0,0
UCI_22386,2011-04-19,25,2.16,0.0,0
UCI_22386,2011-04-20,70,2.08,0.0,0
UCI_22386,2011-04-21,32,2.08,0.0,0
UCI_22386,2011-04-26,25,4.05,0.0,0
UCI_22386,2011-04-27,122,1.82,0.0,0
UCI_22386,2011-04-28,25,2.24,0.0,0
UCI_22386,2011-05-01,110,1.82,0.0,0
UCI_22386,2011-05-03,24,2.08,0.0,0
UCI_22386,2011-05-04,3,2.08,0.0,0
UCI_22386,2011-05-05,9,2.31,0.0,0
UCI_22386,2011-05-06,73,2.09,0.0,0
UCI_22386,2011-05-08,45,2.08,0.0,0
UCI_22386,2011-05-09,73,2.11,0.0,0
UCI_22386,2011-05-10,141,2.33,0.0,0
UCI_22386,2011-05-11,136,1.87,0.0,0
UCI_22386,2011-05-12,20,2.08,0.0,0
UCI_22386,2011-05-13,21,2.18,0.0,0
UCI_22386,2011-05-15,10,2.08,0.0,0
UCI_22386,2011-05-16,22,2.17,0.0,0
UCI_22386,2011-05-17,24,3.1,0.0,0
UCI_22386,2011-05-18,10,2.08,0.0,0
UCI_22386,2011-05-19,51,2.92,0.0,0
UCI_22386,2011-05-20,50,2.08,0.0,0
UCI_22386,2011-05-22,22,2.02,0.0,0
UCI_22386,2011-05-23,29,2.43,0.0,0
UCI_22386,2011-05-24,25,2.08,0.0,0
UCI_22386,2011-05-25,53,2.2,0.0,0
UCI_22386,2011-05-26,304,1.81,0.0,0
UCI_22386,2011-05-27,135,2.05,0.0,0
UCI_22386,2011-05-29,10,2.08,0.0,0
UCI_22386,2011-05-31,25,2.08,0.0,0
UCI_22386,2011-06-01,23,2.17,0.0,0
UCI_22386,2011-06-02,326,1.83,0.0,0
UCI_22386,2011-06-03,10,2.08,0.0,0
UCI_22386,2011-06-05,26,2.08,0.0,0
UCI_22386,2011-06-06,122,1.82,0.0,0
UCI_22386,2011-06-07,43,2.18,0.0,0
UCI_22386,2011-06-08,83,2.67,0.0,0
UCI_22386,2011-06-09,50,2.08,0.0,0
UCI_22386,2011-06-10,119,1.99,0.0,0
UCI_22386,2011-06-12,51,2.08,0.0,0
UCI_22386,2011-06-13,67,2.14,0.0,0
UCI_22386,2011-06-14,20,2.28,0.0,0
UCI_22386,2011-06-15,36,2.71,0.0,0
UCI_22386,2011-06-16,117,1.82,0.0,0
UCI_22386,2011-06-19,3,2.08,0.0,0
UCI_22386,2011-06-20,367,1.91,0.0,0
UCI_22386,2011-06-21,125,1.9,0.0,0
UCI_22386,2011-06-22,33,2.08,0.0,0
UCI_22386,2011-06-23,26,2.08,0.0,0
UCI_22386,2011-06-24,50,2.08,0.0,0
UCI_22386,2011-06-26,10,2.08,0.0,0
UCI_22386,2011-06-27,120,1.97,0.0,0
UCI_22386,2011-06-28,116,1.94,0.0,0
UCI_22386,2011-06-29,40,2.08,0.0,0
UCI_22386,2011-06-30,130,1.83,0.0,0
UCI_22386,2011-07-01,46,2.57,0.0,0
UCI_22386,2011-07-03,4,2.08,0.0,0
UCI_22386,2011-07-04,9,3.22,0.0,0
UCI_22386,2011-07-05,51,2.36,0.0,0
UCI_22386,2011-07-06,13,2.24,0.0,0
UCI_22386,2011-07-07,212,1.81,0.0,0
UCI_22386,2011-07-08,169,2.24,0.0,0
UCI_22386,2011-07-11,10,2.08,0.0,0
UCI_22386,2011-07-12,115,2.02,0.0,0
UCI_22386,2011-07-13,51,2.36,0.0,0
UCI_22386,2011-07-14,11,2.08,0.0,0
UCI_22386,2011-07-15,13,2.24,0.0,0
UCI_22386,2011-07-17,115,1.83,0.0,0
UCI_22386,2011-07-18,41,2.88,0.0,0
UCI_22386,2011-07-19,140,1.81,0.0,0
UCI_22386,2011-07-20,25,2.08,0.0,0
UCI_22386,2011-07-21,44,2.27,0.0,0
UCI_22386,2011-07-22,25,2.08,0.0,0
UCI_22386,2011-07-24,32,2.08,0.0,0
UCI_22386,2011-07-25,75,2.08,0.0,0
UCI_22386,2011-07-26,12,2.08,0.0,0
UCI_22386,2011-07-27,137,1.91,0.0,0
UCI_22386,2011-07-28,126,1.81,0.0,0
UCI_22386,2011-07-29,31,2.08,0.0,0
UCI_22386,2011-07-31,22,2.08,0.0,0
UCI_22386,2011-08-01,34,2.14,0.0,0
UCI_22386,2011-08-02,22,2.27,0.0,0
UCI_22386,2011-08-03,21,2.08,0.0,0
UCI_22386,2011-08-04,135,1.9,0.0,0
UCI_22386,2011-08-05,160,1.87,0.0,0
UCI_22386,2011-08-07,10,2.08,0.0,0
UCI_22386,2011-08-08,18,2.42,0.0,0
UCI_22386,2011-08-09,76,2.13,0.0,0
UCI_22386,2011-08-10,160,1.9,0.0,0
UCI_22386,2011-08-11,246,2.67,0.0,0
UCI_22386,2011-08-12,12,2.42,0.0,0
UCI_22386,2011-08-14,39,2.08,0.0,0
UCI_22386,2011-08-15,22,2.08,0.0,0
UCI_22386,2011-08-16,25,2.08,0.0,0
UCI_22386,2011-08-17,135,2.2,0.0,0
UCI_22386,2011-08-18,171,1.89,0.0,0
UCI_22386,2011-08-19,30,2.08,0.0,0
UCI_22386,2011-08-21,203,1.79,0.0,0
UCI_22386,2011-08-22,86,2.08,0.0,0
UCI_22386,2011-08-23,60,2.08,0.0,0
UCI_22386,2011-08-24,429,1.93,0.0,0
UCI_22386,2011-08-25,8,3.36,0.0,0
UCI_22386,2011-08-26,20,2.08,0.0,0
UCI_22386,2011-08-28,16,2.08,0.0,0
UCI_22386,2011-08-30,15,3.99,0.0,0
UCI_22386,2011-08-31,128,2.14,0.0,0
UCI_22386,2011-09-01,34,1.91,0.0,0
UCI_22386,2011-09-02,48,2.64,0.0,0
UCI_22386,2011-09-04,23,2.08,0.0,0
UCI_22386,2011-09-05,143,1.88,0.0,0
UCI_22386,2011-09-06,111,1.82,0.0,0
UCI_22386,2011-09-07,185,2.26,0.0,0
UCI_22386,2011-09-08,74,2.08,0.0,0
UCI_22386,2011-09-09,27,2.61,0.0,0
UCI_22386,2011-09-11,117,1.83,0.0,0
UCI_22386,2011-09-12,2,2.08,0.0,0
UCI_22386,2011-09-13,337,1.88,0.0,0
UCI_22386,2011-09-14,30,2.08,0.0,0
UCI_22386,2011-09-15,50,2.86,0.0,0
UCI_22386,2011-09-16,50,2.45,0.0,0
UCI_22386,2011-09-18,9,2.08,0.0,0
UCI_22386,2011-09-19,136,1.87,0.0,0
UCI_22386,2011-09-20,235,2.0,0.0,0
UCI_22386,2011-09-21,29,2.5,0.0,0
UCI_22386,2011-09-22,157,1.84,0.0,0
UCI_22386,2011-09-23,222,1.93,0.0,0
UCI_22386,2011-09-25,30,2.08,0.0,0
UCI_22386,2011-09-26,40,2.08,0.0,0
UCI_22386,2011-09-27,109,1.98,0.0,0
UCI_22386,2011-09-28,233,1.81,0.0,0
UCI_22386,2011-09-29,252,1.83,0.0,0
UCI_22386,2011-09-30,28,2.67,0.0,0
UCI_22386,2011-10-02,3,2.08,0.0,0
UCI_22386,2011-10-03,2,2.08,0.0,0
UCI_22386,2011-10-04,64,2.66,0.0,0
UCI_22386,2011-10-05,212,1.81,0.0,0
UCI_22386,2011-10-06,942,1.8,0.0,0
UCI_22386,2011-10-07,409,1.79,0.0,0
UCI_22386,2011-10-09,20,2.08,0.0,0
UCI_22386,2011-10-10,123,2.03,0.0,0
UCI_22386,2011-10-11,232,1.79,0.0,0
UCI_22386,2011-10-12,21,2.47,0.0,0
UCI_22386,2011-10-13,36,2.31,0.0,0
UCI_22386,2011-10-14,25,2.08,0.0,0
UCI_22386,2011-10-17,263,1.92,0.0,0
UCI_22386,2011-10-18,47,2.08,0.0,0
UCI_22386,2011-10-19,20,2.9,0.0,0
UCI_22386,2011-10-20,4,2.08,0.0,0
UCI_22386,2011-10-24,239,1.94,0.0,0
UCI_22386,2011-10-25,41,2.08,0.0,0
UCI_22386,2011-10-26,49,2.62,0.0,0
UCI_22386,2011-10-28,411,1.8,0.0,0
UCI_22386,2011-10-30,3,2.08,0.0,0
UCI_22386,2011-10-31,40,3.26,0.0,0
UCI_22386,2011-11-01,43,2.08,0.0,0
UCI_22386,2011-11-02,111,1.84,0.0,0
UCI_22386,2011-11-03,20,2.08,0.0,0
UCI_22386,2011-11-04,16,3.36,0.0,0
UCI_22386,2011-11-06,82,1.97,0.0,0
UCI_22386,2011-11-07,35,2.49,0.0,0
UCI_22386,2011-11-08,71,2.63,0.0,0
UCI_22386,2011-11-09,254,1.88,0.0,0
UCI_22386,2011-11-10,18,2.08,0.0,0
UCI_22386,2011-11-11,114,1.9,0.0,0
UCI_22386,2011-11-13,24,2.68,0.0,0
UCI_22386,2011-11-14,321,1.8,0.0,0
UCI_22386,2011-11-15,22,2.27,0.0,0
UCI_22386,2011-11-16,76,2.3,0.0,0
UCI_22386,2011-11-17,31,2.08,0.0,0
UCI_22386,2011-11-18,31,2.08,0.0,0
UCI_22386,2011-11-20,40,2.54,0.0,0
UCI_22386,2011-11-21,25,2.08,0.0,0
UCI_22386,2011-11-22,2,3.1,0.0,0
UCI_22386,2011-11-23,29,2.86,0.0,0
UCI_22386,2011-11-24,33,2.58,0.0,0
UCI_22386,2011-11-25,142,2.05,0.0,0
UCI_22386,2011-11-27,22,2.08,0.0,0
UCI_22386,2011-11-28,11,2.27,0.0,0
UCI_22386,2011-11-29,33,2.89,0.0,0
UCI_22386,2011-11-30,35,2.43,0.0,0
UCI_22386,2011-12-01,11,2.08,0.0,0
UCI_22386,2011-12-02,341,1.83,0.0,0
UCI_22386,2011-12-04,5,2.08,0.0,0
UCI_22386,2011-12-05,28,3.4,0.0,0
UCI_22386,2011-12-06,23,2.08,0.0,0
UCI_22386,2011-12-07,33,2.27,0.0,0
UCI_22386,2011-12-08,7,4.13,0.0,0
UCI_22386,2011-12-09,11,2.0,0.0,0
UCI_22423,2010-12-01,115,12.48,0.0,0
UCI_22423,2010-12-02,184,11.18,0.0,0
UCI_22423,2010-12-03,231,13.84,0.0,0
UCI_22423,2010-12-05,92,11.18,0.0,0
UCI_22423,2010-12-06,156,12.81,0.0,0
UCI_22423,2010-12-07,129,14.6,0.0,0
UCI_22423,2010-12-08,64,12.25,0.0,0
UCI_22423,2010-12-09,87,12.6,0.0,0
UCI_22423,2010-12-10,362,12.58,0.0,0
UCI_22423,2010-12-12,53,11.12,0.0,0
UCI_22423,2010-12-13,35,13.38,0.0,0
UCI_22423,2010-12-14,74,21.31,0.0,0
UCI_22423,2010-12-15,150,11.21,0.0,0
UCI_22423,2010-12-16,47,11.52,0.0,0
UCI_22423,2010-12-17,104,12.22,0.0,0
UCI_22423,2010-12-19,16,12.75,0.0,0
UCI_22423,2010-12-20,84,12.18,0.0,0
UCI_22423,2010-12-21,83,25.03,0.0,0
UCI_22423,2010-12-22,1,12.75,0.0,0
UCI_22423,2010-12-23,10,21.67,0.0,0
UCI_22423,2011-01-04,26,11.64,0.0,0
UCI_22423,2011-01-05,21,11.99,0.0,0
UCI_22423,2011-01-06,85,13.34,0.0,0
UCI_22423,2011-01-07,87,11.09,0.0,0
UCI_22423,2011-01-09,32,11.85,0.0,0
UCI_22423,2011-01-10,53,11.66,0.0,0
UCI_22423,2011-01-11,57,15.6,0.0,0
UCI_22423,2011-01-12,33,12.26,0.0,0
UCI_22423,2011-01-13,68,11.06,0.0,0
UCI_22423,2011-01-14,187,11.45,0.0,0
UCI_22423,2011-01-16,9,12.75,0.0,0
UCI_22423,2011-01-17,26,11.64,0.0,0
UCI_22423,2011-01-18,27,15.3,0.0,0
UCI_22423,2011-01-19,1,12.75,0.0,0
UCI_22423,2011-01-20,15,12.75,0.0,0
UCI_22423,2011-01-21,35,14.72,0.0,0
UCI_22423,2011-01-23,35,11.1,0.0,0
UCI_22423,2011-01-24,57,11.66,0.0,0
UCI_22423,2011-01-25,81,12.38,0.0,0
UCI_22423,2011-01-26,18,12.75,0.0,0
UCI_22423,2011-01-27,57,12.46,0.0,0
UCI_22423,2011-01-28,15,15.19,0.0,0
UCI_22423,2011-01-30,3,12.75,0.0,0
UCI_22423,2011-01-31,8,18.86,0.0,0
UCI_22423,2011-02-01,17,14.19,0.0,0
UCI_22423,2011-02-02,32,12.61,0.0,0
UCI_22423,2011-02-03,65,11.42,0.0,0
UCI_22423,2011-02-04,25,12.57,0.0,0
UCI_22423,2011-02-06,3,12.75,0.0,0
UCI_22423,2011-02-07,11,12.75,0.0,0
UCI_22423,2011-02-08,16,22.67,0.0,0
UCI_22423,2011-02-09,5,15.19,0.0,0
UCI_22423,2011-02-10,34,11.9,0.0,0
UCI_22423,2011-02-11,54,12.28,0.0,0
UCI_22423,2011-02-13,19,11.23,0.0,0
UCI_22423,2011-02-14,90,11.13,0.0,0
UCI_22423,2011-02-15,150,11.02,0.0,0
UCI_22423,2011-02-16,43,11.41,0.0,0
UCI_22423,2011-02-17,52,14.46,0.0,0
UCI_22423,2011-02-18,12,13.77,0.0,0
UCI_22423,2011-02-20,53,11.12,0.0,0
UCI_22423,2011-02-21,74,11.19,0.0,0
UCI_22423,2011-02-22,26,11.64,0.0,0
UCI_22423,2011-02-23,34,15.85,0.0,0
UCI_22423,2011-02-24,40,11.31,0.0,0
UCI_22423,2011-02-25,26,13.69,0.0,0
UCI_22423,2011-02-27,4,12.75,0.0,0
UCI_22423,2011-02-28,16,14.28,0.0,0
UCI_22423,2011-03-01,10,13.97,0.0,0
UCI_22423,2011-03-02,221,11.27,0.0,0
UCI_22423,2011-03-03,72,12.29,0.0,0
UCI_22423,2011-03-04,11,12.75,0.0,0
UCI_22423,2011-03-06,19,11.23,0.0,0
UCI_22423,2011-03-07,36,17.84,0.0,0
UCI_22423,2011-03-08,40,11.31,0.0,0
UCI_22423,2011-03-09,51,11.62,0.0,0
UCI_22423,2011-03-10,14,12.75,0.0,0
UCI_22423,2011-03-11,49,15.31,0.0,0
UCI_22423,2011-03-14,38,11.23,0.0,0
UCI_22423,2011-03-15,22,19.96,0.0,0
UCI_22423,2011-03-16,59,11.77,0.0,0
UCI_22423,2011-03-17,63,9.64,0.0,0
UCI_22423,2011-03-18,76,12.9,0.0,0
UCI_22423,2011-03-20,49,11.82,0.0,0
UCI_22423,2011-03-21,43,11.41,0.0,0
UCI_22423,2011-03-22,59,16.19,0.0,0
UCI_22423,2011-03-23,83,11.02,0.0,0
UCI_22423,2011-03-24,28,12.75,0.0,0
UCI_22423,2011-03-25,57,18.75,0.0,0
UCI_22423,2011-03-27,59,11.29,0.0,0
UCI_22423,2011-03-28,30,13.16,0.0,0
UCI_22423,2011-03-29,60,15.25,0.0,0
UCI_22423,2011-03-30,78,11.8,0.0,0
UCI_22423,2011-03-31,125,11.72,0.0,0
UCI_22423,2011-04-01,25,12.75,0.0,0
UCI_22423,2011-04-03,16,10.95,0.0,0
UCI_22423,2011-04-04,60,12.68,0.0,0
UCI_22423,2011-04-05,22,13.3,0.0,0
UCI_22423,2011-04-06,59,16.33,0.0,0
UCI_22423,2011-04-07,99,11.59,0.0,0
UCI_22423,2011-04-08,13,12.75,0.0,0
UCI_22423,2011-04-10,29,11.26,0.0,0
UCI_22423,2011-04-11,57,13.02,0.0,0
UCI_22423,2011-04-12,45,12.11,0.0,0
UCI_22423,2011-04-13,130,11.2,0.0,0
UCI_22423,2011-04-14,95,11.84,0.0,0
UCI_22423,2011-04-15,32,14.52,0.0,0
UCI_22423,2011-04-17,7,12.75,0.0,0
UCI_22423,2011-04-18,28,14.06,0.0,0
UCI_22423,2011-04-19,31,12.75,0.0,0
UCI_22423,2011-04-20,89,13.7,0.0,0
UCI_22423,2011-04-21,38,12.96,0.0,0
UCI_22423,2011-04-26,41,15.62,0.0,0
UCI_22423,2011-04-27,234,11.04,0.0,0
UCI_22423,2011-04-28,45,11.47,0.0,0
UCI_22423,2011-05-01,5,12.75,0.0,0
UCI_22423,2011-05-03,34,12.62,0.0,0
UCI_22423,2011-05-04,11,12.75,0.0,0
UCI_22423,2011-05-05,67,11.68,0.0,0
UCI_22423,2011-05-06,40,13.04,0.0,0
UCI_22423,2011-05-08,19,12.75,0.0,0
UCI_22423,2011-05-09,19,15.32,0.0,0
UCI_22423,2011-05-10,34,12.75,0.0,0
UCI_22423,2011-05-11,58,11.63,0.0,0
UCI_22423,2011-05-12,177,11.2,0.0,0
UCI_22423,2011-05-13,76,11.61,0.0,0
UCI_22423,2011-05-15,2,12.75,0.0,0
UCI_22423,2011-05-16,51,11.86,0.0,0
UCI_22423,2011-05-17,60,9.69,0.0,0
UCI_22423,2011-05-18,16,12.75,0.0,0
UCI_22423,2011-05-19,112,11.68,0.0,0
UCI_22423,2011-05-20,56,12.16,0.0,0
UCI_22423,2011-05-22,12,12.75,0.0,0
UCI_22423,2011-05-23,13,13.69,0.0,0
UCI_22423,2011-05-24,18,12.75,0.0,0
UCI_22423,2011-05-25,32,12.61,0.0,0
UCI_22423,2011-05-26,38,11.56,0.0,0
UCI_22423,2011-05-27,65,12.74,0.0,0
UCI_22423,2011-05-29,3,12.75,0.0,0
UCI_22423,2011-05-31,44,12.0,0.0,0
UCI_22423,2011-06-01,16,14.28,0.0,0
UCI_22423,2011-06-02,56,11.2,0.0,0
UCI_22423,2011-06-03,134,11.14,0.0,0
UCI_22423,2011-06-05,13,12.75,0.0,0
UCI_22423,2011-06-06,16,13.51,0.0,0
UCI_22423,2011-06-07,11,12.75,0.0,0
UCI_22423,2011-06-08,57,14.31,0.0,0
UCI_22423,2011-06-09,50,11.84,0.0,0
UCI_22423,2011-06-10,69,12.8,0.0,0
UCI_22423,2011-06-12,5,12.75,0.0,0
UCI_22423,2011-06-13,11,13.86,0.0,0
UCI_22423,2011-06-14,21,15.08,0.0,0
UCI_22423,2011-06-15,46,9.6,0.0,0
UCI_22423,2011-06-16,19,13.39,0.0,0
UCI_22423,2011-06-17,71,12.02,0.0,0
UCI_22423,2011-06-19,6,12.75,0.0,0
UCI_22423,2011-06-20,4,12.75,0.0,0
UCI_22423,2011-06-21,54,12.81,0.0,0
UCI_22423,2011-06-22,12,12.75,0.0,0
UCI_22423,2011-06-23,31,11.82,0.0,0
UCI_22423,2011-06-24,21,11.38,0.0,0
UCI_22423,2011-06-26,20,12.75,0.0,0
UCI_22423,2011-06-27,4,12.75,0.0,0
UCI_22423,2011-06-28,19,19.82,0.0,0
UCI_22423,2011-06-29,4,15.8,0.0,0
UCI_22423,2011-06-30,13,12.75,0.0,0
UCI_22423,2011-07-01,23,11.5,0.0,0
UCI_22423,2011-07-03,22,11.44,0.0,0
UCI_22423,2011-07-04,20,12.75,0.0,0
UCI_22423,2011-07-05,33,19.41,0.0,0
UCI_22423,2011-07-06,24,11.55,0.0,0
UCI_22423,2011-07-07,31,12.61,0.0,0
UCI_22423,2011-07-08,23,19.65,0.0,0
UCI_22423,2011-07-11,14,12.75,0.0,0
UCI_22423,2011-07-12,43,13.68,0.0,0
UCI_22423,2011-07-13,4,12.75,0.0,0
UCI_22423,2011-07-14,211,11.11,0.0,0
UCI_22423,2011-07-15,9,15.46,0.0,0
UCI_22423,2011-07-17,11,12.75,0.0,0
UCI_22423,2011-07-18,20,11.31,0.0,0
UCI_22423,2011-07-19,59,13.66,0.0,0
UCI_22423,2011-07-20,27,12.59,0.0,0
UCI_22423,2011-07-21,96,11.25,0.0,0
UCI_22423,2011-07-22,86,11.95,0.0,0
UCI_22423,2011-07-24,53,11.12,0.0,0
UCI_22423,2011-07-25,19,11.88,0.0,0
UCI_22423,2011-07-26,16,14.28,0.0,0
UCI_22423,2011-07-27,6,12.75,0.0,0
UCI_22423,2011-07-28,263,11.2,0.0,0
UCI_22423,2011-07-29,16,13.51,0.0,0
UCI_22423,2011-07-31,18,11.15,0.0,0
UCI_22423,2011-08-01,19,17.89,0.0,0
UCI_22423,2011-08-02,12,18.86,0.0,0
UCI_22423,2011-08-03,28,12.75,0.0,0
UCI_22423,2011-08-04,80,11.51,0.0,0
UCI_22423,2011-08-05,20,11.31,0.0,0
UCI_22423,2011-08-07,21,11.38,0.0,0
UCI_22423,2011-08-08,59,11.7,0.0,0
UCI_22423,2011-08-09,22,11.44,0.0,0
UCI_22423,2011-08-10,37,15.93,0.0,0
UCI_22423,2011-08-11,42,11.38,0.0,0
UCI_22423,2011-08-12,18,11.15,0.0,0
UCI_22423,2011-08-15,35,11.93,0.0,0
UCI_22423,2011-08-16,13,20.26,0.0,0
UCI_22423,2011-08-17,36,11.15,0.0,0
UCI_22423,2011-08-18,109,11.43,0.0,0
UCI_22423,2011-08-19,7,12.75,0.0,0
UCI_22423,2011-08-21,10,12.75,0.0,0
UCI_22423,2011-08-22,119,11.06,0.0,0
UCI_22423,2011-08-23,24,12.75,0.0,0
UCI_22423,2011-08-24,37,14.28,0.0,0
UCI_22423,2011-08-25,33,11.88,0.0,0
UCI_22423,2011-08-26,28,12.59,0.0,0
UCI_22423,2011-08-30,12,24.96,0.0,0
UCI_22423,2011-08-31,21,12.54,0.0,0
UCI_22423,2011-09-01,66,11.88,0.0,0
UCI_22423,2011-09-02,42,13.52,0.0,0
UCI_22423,2011-09-04,6,12.75,0.0,0
UCI_22423,2011-09-05,18,11.15,0.0,0
UCI_22423,2011-09-06,24,13.08,0.0,0
UCI_22423,2011-09-07,12,12.75,0.0,0
UCI_22423,2011-09-08,24,12.06,0.0,0
UCI_22423,2011-09-09,8,17.33,0.0,0
UCI_22423,2011-09-11,64,11.4,0.0,0
UCI_22423,2011-09-12,56,11.72,0.0,0
UCI_22423,2011-09-13,58,12.18,0.0,0
UCI_22423,2011-09-14,21,11.96,0.0,0
UCI_22423,2011-09-15,65,11.61,0.0,0
UCI_22423,2011-09-16,13,13.69,0.0,0
UCI_22423,2011-09-18,6,12.75,0.0,0
UCI_22423,2011-09-19,23,11.5,0.0,0
UCI_22423,2011-09-20,19,15.32,0.0,0
UCI_22423,2011-09-21,19,14.68,0.0,0
UCI_22423,2011-09-22,48,11.55,0.0,0
UCI_22423,2011-09-23,16,19.62,0.0,0
UCI_22423,2011-09-25,22,11.44,0.0,0
UCI_22423,2011-09-26,15,13.56,0.0,0
UCI_22423,2011-09-27,47,13.04,0.0,0
UCI_22423,2011-09-28,14,12.85,0.0,0
UCI_22423,2011-09-29,60,11.51,0.0,0
UCI_22423,2011-09-30,8,12.75,0.0,0
UCI_22423,2011-10-02,4,12.75,0.0,0
UCI_22423,2011-10-03,25,14.53,0.0,0
UCI_22423,2011-10-04,47,13.86,0.0,0
UCI_22423,2011-10-05,228,11.04,0.0,0
UCI_22423,2011-10-06,75,11.57,0.0,0
UCI_22423,2011-10-07,13,19.32,0.0,0
UCI_22423,2011-10-09,20,10.95,0.0,0
UCI_22423,2011-10-10,22,13.3,0.0,0
UCI_22423,2011-10-11,26,14.63,0.0,0
UCI_22423,2011-10-12,38,12.31,0.0,0
UCI_22423,2011-10-13,57,12.24,0.0,0
UCI_22423,2011-10-14,49,13.07,0.0,0
UCI_22423,2011-10-16,22,11.36,0.0,0
UCI_22423,2011-10-17,50,12.33,0.0,0
UCI_22423,2011-10-18,28,13.47,0.0,0
UCI_22423,2011-10-19,46,11.5,0.0,0
UCI_22423,2011-10-20,109,11.16,0.0,0
UCI_22423,2011-10-21,29,13.44,0.0,0
UCI_22423,2011-10-23,6,12.75,0.0,0
UCI_22423,2011-10-24,5,22.52,0.0,0
UCI_22423,2011-10-25,13,13.69,0.0,0
UCI_22423,2011-10-26,18,11.15,0.0,0
UCI_22423,2011-10-27,28,13.19,0.0,0
UCI_22423,2011-10-28,52,11.64,0.0,0
UCI_22423,2011-10-30,19,11.23,0.0,0
UCI_22423,2011-10-31,52,13.84,0.0,0
UCI_22423,2011-11-01,21,12.75,0.0,0
UCI_22423,2011-11-02,5,20.08,0.0,0
UCI_22423,2011-11-03,65,11.42,0.0,0
UCI_22423,2011-11-04,111,11.87,0.0,0
UCI_22423,2011-11-06,25,12.75,0.0,0
UCI_22423,2011-11-07,35,11.1,0.0,0
UCI_22423,2011-11-08,11,17.19,0.0,0
UCI_22423,2011-11-09,16,14.28,0.0,0
UCI_22423,2011-11-10,46,12.65,0.0,0
UCI_22423,2011-11-11,32,19.62,0.0,0
UCI_22423,2011-11-13,29,11.76,0.0,0
UCI_22423,2011-11-14,7,14.49,0.0,0
UCI_22423,2011-11-15,45,12.56,0.0,0
UCI_22423,2011-11-16,15,14.38,0.0,0
UCI_22423,2011-11-17,49,12.66,0.0,0
UCI_22423,2011-11-18,110,12.75,0.0,0
UCI_22423,2011-11-20,8,12.75,0.0,0
UCI_22423,2011-11-21,50,11.6,0.0,0
UCI_22423,2011-11-22,29,20.33,0.0,0
UCI_22423,2011-11-23,47,11.75,0.0,0
UCI_22423,2011-11-24,82,12.01,0.0,0
UCI_22423,2011-11-25,23,17.53,0.0,0
UCI_22423,2011-11-27,29,14.53,0.0,0
UCI_22423,2011-11-28,34,13.47,0.0,0
UCI_22423,2011-11-29,93,12.72,0.0,0
UCI_22423,2011-11-30,35,14.02,0.0,0
UCI_22423,2011-12-01,34,12.62,0.0,0
UCI_22423,2011-12-02,20,15.8,0.0,0
UCI_22423,2011-12-04,20,18.86,0.0,0
UCI_22423,2011-12-05,36,13.98,0.0,0
UCI_22423,2011-12-06,160,12.42,0.0,0
UCI_22423,2011-12-07,130,11.2,0.0,0
UCI_22423,2011-12-08,31,19.28,0.0,0
UCI_22423,2011-12-09,18,18.18,0.0,0
UCI_22469,2010-12-01,111,1.87,0.0,0
UCI_22469,2010-12-02,92,1.56,0.0,0
UCI_22469,2010-12-03,55,3.0,0.0,0
UCI_22469,2010-12-05,64,1.65,0.0,0
UCI_22469,2010-12-06,87,2.3,0.0,0
UCI_22469,2010-12-07,542,1.92,0.0,0
UCI_22469,2010-12-08,59,1.79,0.0,0
UCI_22469,2010-12-09,95,1.95,0.0,0
UCI_22469,2010-12-10,43,2.21,0.0,0
UCI_22469,2010-12-12,43,1.65,0.0,0
UCI_22469,2010-12-13,156,1.74,0.0,0
UCI_22469,2010-12-14,31,1.65,0.0,0
UCI_22469,2010-12-15,117,1.58,0.0,0
UCI_22469,2010-12-16,52,1.5,0.0,0
UCI_22469,2010-12-17,48,2.93,0.0,0
UCI_22469,2010-12-20,96,1.55,0.0,0
UCI_22469,2010-12-21,41,2.21,0.0,0
UCI_22469,2010-12-22,24,1.65,0.0,0
UCI_22469,2010-12-23,43,1.58,0.0,0
UCI_22469,2011-01-04,74,1.67,0.0,0
UCI_22469,2011-01-05,151,1.49,0.0,0
UCI_22469,2011-01-06,62,1.5,0.0,0
UCI_22469,2011-01-07,52,1.65,0.0,0
UCI_22469,2011-01-09,26,1.65,0.0,0
UCI_22469,2011-01-10,49,1.89,0.0,0
UCI_22469,2011-01-11,1405,1.91,0.0,0
UCI_22469,2011-01-12,19,1.83,0.0,0
UCI_22469,2011-01-13,46,1.79,0.0,0
UCI_22469,2011-01-14,18,2.34,0.0,0
UCI_22469,2011-01-16,37,1.65,0.0,0
UCI_22469,2011-01-17,197,1.6,0.0,0
UCI_22469,2011-01-18,42,2.28,0.0,0
UCI_22469,2011-01-19,54,1.87,0.0,0
UCI_22469,2011-01-20,19,1.82,0.0,0
UCI_22469,2011-01-21,62,1.52,0.0,0
UCI_22469,2011-01-23,31,1.65,0.0,0
UCI_22469,2011-01-24,130,1.56,0.0,0
UCI_22469,2011-01-25,148,1.83,0.0,0
UCI_22469,2011-01-26,183,1.51,0.0,0
UCI_22469,2011-01-27,28,1.65,0.0,0
UCI_22469,2011-01-28,21,1.65,0.0,0
UCI_22469,2011-01-30,44,1.65,0.0,0
UCI_22469,2011-01-31,20,2.1,0.0,0
UCI_22469,2011-02-01,87,1.78,0.0,0
UCI_22469,2011-02-02,86,1.74,0.0,0
UCI_22469,2011-02-03,117,1.62,0.0,0
UCI_22469,2011-02-04,55,1.64,0.0,0
UCI_22469,2011-02-06,3,1.65,0.0,0
UCI_22469,2011-02-07,13,1.9,0.0,0
UCI_22469,2011-02-08,62,1.81,0.0,0
UCI_22469,2011-02-09,27,2.01,0.0,0
UCI_22469,2011-02-10,43,1.46,0.0,0
UCI_22469,2011-02-11,47,1.74,0.0,0
UCI_22469,2011-02-13,14,1.65,0.0,0
UCI_22469,2011-02-14,28,2.59,0.0,0
UCI_22469,2011-02-15,38,1.74,0.0,0
UCI_22469,2011-02-16,120,1.64,0.0,0
UCI_22469,2011-02-17,42,1.85,0.0,0
UCI_22469,2011-02-18,1,3.29,0.0,0
UCI_22469,2011-02-20,10,1.65,0.0,0
UCI_22469,2011-02-21,15,1.98,0.0,0
UCI_22469,2011-02-22,21,2.04,0.0,0
UCI_22469,2011-02-23,105,1.78,0.0,0
UCI_22469,2011-02-24,124,1.59,0.0,0
UCI_22469,2011-02-25,86,1.65,0.0,0
UCI_22469,2011-02-27,103,1.56,0.0,0
UCI_22469,2011-02-28,48,1.48,0.0,0
UCI_22469,2011-03-01,65,1.57,0.0,0
UCI_22469,2011-03-02,36,1.65,0.0,0
UCI_22469,2011-03-03,45,1.47,0.0,0
UCI_22469,2011-03-04,16,1.65,0.0,0
UCI_22469,2011-03-06,10,1.65,0.0,0
UCI_22469,2011-03-07,40,2.39,0.0,0
UCI_22469,2011-03-08,29,1.65,0.0,0
UCI_22469,2011-03-09,606,1.93,0.0,0
UCI_22469,2011-03-10,32,1.65,0.0,0
UCI_22469,2011-03-11,1,1.65,0.0,0
UCI_22469,2011-03-15,1,4.13,0.0,0
UCI_22469,2011-03-17,4,3.29,0.0,0
UCI_22469,2011-03-20,3,1.65,0.0,0
UCI_22469,2011-03-29,66,3.92,0.0,0
UCI_22469,2011-03-30,1,1.65,0.0,0
UCI_22469,2011-03-31,1,1.65,0.0,0
UCI_22469,2011-04-04,5,2.96,0.0,0
UCI_22469,2011-04-05,2,3.29,0.0,0
UCI_22469,2011-04-08,5,1.65,0.0,0
UCI_22469,2011-04-18,30,1.98,0.0,0
UCI_22469,2011-05-17,350,1.49,0.0,0
UCI_22469,2011-05-18,29,1.65,0.0,0
UCI_22469,2011-05-19,208,1.53,0.0,0
UCI_22469,2011-05-20,95,1.53,0.0,0
UCI_22469,2011-05-22,101,1.65,0.0,0
UCI_22469,2011-05-23,89,2.59,0.0,0
UCI_22469,2011-05-24,148,1.53,0.0,0
UCI_22469,2011-05-25,123,1.58,0.0,0
UCI_22469,2011-05-26,801,1.91,0.0,0
UCI_22469,2011-05-27,24,1.65,0.0,0
UCI_22469,2011-05-29,20,1.65,0.0,0
UCI_22469,2011-05-31,45,1.72,0.0,0
UCI_22469,2011-06-01,78,1.59,0.0,0
UCI_22469,2011-06-02,106,2.18,0.0,0
UCI_22469,2011-06-03,94,1.6,0.0,0
UCI_22469,2011-06-05,98,1.57,0.0,0
UCI_22469,2011-06-06,99,1.7,0.0,0
UCI_22469,2011-06-07,64,1.75,0.0,0
UCI_22469,2011-06-08,118,1.6,0.0,0
UCI_22469,2011-06-09,47,1.72,0.0,0
UCI_22469,2011-06-10,3,3.29,0.0,0
UCI_22469,2011-06-12,35,1.65,0.0,0
UCI_22469,2011-06-13,36,1.64,0.0,0
UCI_22469,2011-06-14,74,1.53,0.0,0
UCI_22469,2011-06-15,57,1.65,0.0,0
UCI_22469,2011-06-16,68,1.53,0.0,0
UCI_22469,2011-06-19,26,1.65,0.0,0
UCI_22469,2011-06-20,43,1.64,0.0,0
UCI_22469,2011-06-22,43,1.46,0.0,0
UCI_22469,2011-06-23,36,1.65,0.0,0
UCI_22469,2011-06-24,29,1.93,0.0,0
UCI_22469,2011-06-26,3,1.65,0.0,0
UCI_22469,2011-06-27,53,1.55,0.0,0
UCI_22469,2011-06-28,27,1.65,0.0,0
UCI_22469,2011-06-29,68,1.65,0.0,0
UCI_22469,2011-06-30,80,1.55,0.0,0
UCI_22469,2011-07-01,2,1.65,0.0,0
UCI_22469,2011-07-03,6,1.65,0.0,0
UCI_22469,2011-07-04,8,3.51,0.0,0
UCI_22469,2011-07-05,254,1.51,0.0,0
UCI_22469,2011-07-06,6,2.2,0.0,0
UCI_22469,2011-07-07,26,1.78,0.0,0
UCI_22469,2011-07-08,30,1.65,0.0,0
UCI_22469,2011-07-10,12,1.65,0.0,0
UCI_22469,2011-07-11,31,1.65,0.0,0
UCI_22469,2011-07-12,149,1.92,0.0,0
UCI_22469,2011-07-13,81,1.55,0.0,0
UCI_22469,2011-07-14,15,1.65,0.0,0
UCI_22469,2011-07-15,12,1.65,0.0,0
UCI_22469,2011-07-17,27,1.65,0.0,0
UCI_22469,2011-07-18,54,1.55,0.0,0
UCI_22469,2011-07-19,19,1.65,0.0,0
UCI_22469,2011-07-20,31,1.97,0.0,0
UCI_22469,2011-07-21,77,1.56,0.0,0
UCI_22469,2011-07-22,23,1.86,0.0,0
UCI_22469,2011-07-24,98,1.49,0.0,0
UCI_22469,2011-07-25,7,3.41,0.0,0
UCI_22469,2011-07-26,19,2.08,0.0,0
UCI_22469,2011-07-27,2,2.47,0.0,0
UCI_22469,2011-07-28,91,1.82,0.0,0
UCI_22469,2011-07-29,4,2.06,0.0,0
UCI_22469,2011-07-31,2,1.65,0.0,0
UCI_22469,2011-08-01,12,1.65,0.0,0
UCI_22469,2011-08-03,39,1.65,0.0,0
UCI_22469,2011-08-04,103,1.91,0.0,0
UCI_22469,2011-08-05,38,1.69,0.0,0
UCI_22469,2011-08-07,7,1.65,0.0,0
UCI_22469,2011-08-08,34,1.7,0.0,0
UCI_22469,2011-08-09,36,1.65,0.0,0
UCI_22469,2011-08-11,56,1.83,0.0,0
UCI_22469,2011-08-12,13,1.78,0.0,0
UCI_22469,2011-08-14,10,1.65,0.0,0
UCI_22469,2011-08-15,12,1.65,0.0,0
UCI_22469,2011-08-16,12,1.65,0.0,0
UCI_22469,2011-08-17,12,1.65,0.0,0
UCI_22469,2011-08-18,26,1.65,0.0,0
UCI_22469,2011-08-19,12,1.65,0.0,0
UCI_22469,2011-08-21,4,1.65,0.0,0
UCI_22469,2011-08-22,36,1.65,0.0,0
UCI_22469,2011-08-23,12,1.65,0.0,0
UCI_22469,2011-08-24,45,1.75,0.0,0
UCI_22469,2011-08-25,12,1.65,0.0,0
UCI_22469,2011-08-26,12,1.65,0.0,0
UCI_22469,2011-08-30,56,1.98,0.0,0
UCI_22469,2011-08-31,1,4.13,0.0,0
UCI_22469,2011-09-01,56,1.52,0.0,0
UCI_22469,2011-09-02,15,1.65,0.0,0
UCI_22469,2011-09-04,2,1.65,0.0,0
UCI_22469,2011-09-05,27,1.65,0.0,0
UCI_22469,2011-09-06,36,1.65,0.0,0
UCI_22469,2011-09-07,31,1.84,0.0,0
UCI_22469,2011-09-08,17,1.65,0.0,0
UCI_22469,2011-09-09,68,1.53,0.0,0
UCI_22469,2011-09-11,58,1.65,0.0,0
UCI_22469,2011-09-12,72,1.65,0.0,0
UCI_22469,2011-09-13,141,1.48,0.0,0
UCI_22469,2011-09-14,52,1.5,0.0,0
UCI_22469,2011-09-15,77,1.75,0.0,0
UCI_22469,2011-09-16,14,1.65,0.0,0
UCI_22469,2011-09-18,3,1.65,0.0,0
UCI_22469,2011-09-19,5,1.65,0.0,0
UCI_22469,2011-09-20,902,1.87,0.0,0
UCI_22469,2011-09-21,27,2.44,0.0,0
UCI_22469,2011-09-22,64,1.75,0.0,0
UCI_22469,2011-09-23,18,1.65,0.0,0
UCI_22469,2011-09-25,39,1.65,0.0,0
UCI_22469,2011-09-26,13,1.65,0.0,0
UCI_22469,2011-09-27,24,1.65,0.0,0
UCI_22469,2011-09-28,80,1.79,0.0,0
UCI_22469,2011-09-29,53,1.68,0.0,0
UCI_22469,2011-09-30,29,1.82,0.0,0
UCI_22469,2011-10-02,27,1.65,0.0,0
UCI_22469,2011-10-03,153,1.44,0.0,0
UCI_22469,2011-10-04,17,1.65,0.0,0
UCI_22469,2011-10-05,51,1.75,0.0,0
UCI_22469,2011-10-06,15,1.65,0.0,0
UCI_22469,2011-10-07,12,1.65,0.0,0
UCI_22469,2011-10-09,6,1.65,0.0,0
UCI_22469,2011-10-10,13,1.78,0.0,0
UCI_22469,2011-10-11,24,1.65,0.0,0
UCI_22469,2011-10-12,6,2.47,0.0,0
UCI_22469,2011-10-13,1,1.65,0.0,0
UCI_22469,2011-10-14,26,1.65,0.0,0
UCI_22469,2011-10-16,30,1.65,0.0,0
UCI_22469,2011-10-17,46,1.69,0.0,0
UCI_22469,2011-10-18,28,1.77,0.0,0
UCI_22469,2011-10-19,17,1.94,0.0,0
UCI_22469,2011-10-20,65,1.53,0.0,0
UCI_22469,2011-10-21,162,1.26,0.0,0
UCI_22469,2011-10-23,17,1.65,0.0,0
UCI_22469,2011-10-24,72,1.71,0.0,0
UCI_22469,2011-10-25,17,1.65,0.0,0
UCI_22469,2011-10-26,61,1.69,0.0,0
UCI_22469,2011-10-27,59,1.68,0.0,0
UCI_22469,2011-10-28,28,1.65,0.0,0
UCI_22469,2011-10-30,146,1.54,0.0,0
UCI_22469,2011-10-31,36,1.74,0.0,0
UCI_22469,2011-11-01,62,1.65,0.0,0
UCI_22469,2011-11-02,15,1.65,0.0,0
UCI_22469,2011-11-03,696,1.9,0.0,0
UCI_22469,2011-11-04,147,1.2,0.0,0
UCI_22469,2011-11-06,86,1.56,0.0,0
UCI_22469,2011-11-07,91,3.5,0.0,0
UCI_22469,2011-11-08,53,1.76,0.0,0
UCI_22469,2011-11-09,6,2.2,0.0,0
UCI_22469,2011-11-10,80,1.55,0.0,0
UCI_22469,2011-11-11,44,1.72,0.0,0
UCI_22469,2011-11-13,31,1.65,0.0,0
UCI_22469,2011-11-14,119,3.69,0.0,0
UCI_22469,2011-11-15,17,2.13,0.0,0
UCI_22469,2011-11-16,48,1.96,0.0,0
UCI_22469,2011-11-17,34,1.7,0.0,0
UCI_22469,2011-11-18,89,1.65,0.0,0
UCI_22469,2011-11-20,54,1.65,0.0,0
UCI_22469,2011-11-21,31,1.65,0.0,0
UCI_22469,2011-11-22,48,1.68,0.0,0
UCI_22469,2011-11-23,81,1.61,0.0,0
UCI_22469,2011-11-24,19,1.65,0.0,0
UCI_22469,2011-11-25,26,1.9,0.0,0
UCI_22469,2011-11-27,8,1.65,0.0,0
UCI_22469,2011-11-28,655,1.91,0.0,0
UCI_22469,2011-11-29,40,1.69,0.0,0
UCI_22469,2011-11-30,45,2.01,0.0,0
UCI_22469,2011-12-01,34,1.7,0.0,0
UCI_22469,2011-12-02,26,1.9,0.0,0
UCI_22469,2011-12-04,9,1.65,0.0,0
UCI_22469,2011-12-05,52,1.73,0.0,0
UCI_22469,2011-12-06,16,1.75,0.0,0
UCI_22469,2011-12-07,4,3.51,0.0,0
UCI_22469,2011-12-08,12,1.86,0.0,0
UCI_22469,2011-12-09,13,1.65,0.0,0
UCI_22492,2010-12-01,108,0.65,0.0,0
UCI_22492,2010-12-02,288,0.6,0.0,0
UCI_22492,2010-12-03,38,0.7,0.0,0
UCI_22492,2010-12-05,36,0.65,0.0,0
UCI_22492,2010-12-07,39,0.73,0.0,0
UCI_22492,2010-12-08,144,0.65,0.0,0
UCI_22492,2010-12-09,1394,0.55,0.0,0
UCI_22492,2010-12-10,219,0.66,0.0,0
UCI_22492,2010-12-12,36,0.65,0.0,0
UCI_22492,2010-12-13,36,0.65,0.0,0
UCI_22492,2010-12-15,36,0.65,0.0,0
UCI_22492,2010-12-16,82,0.64,0.0,0
UCI_22492,2010-12-17,73,0.66,0.0,0
UCI_22492,2010-12-20,73,0.66,0.0,0
UCI_22492,2010-12-22,108,0.65,0.0,0
UCI_22492,2011-01-06,576,0.55,0.0,0
UCI_22492,2011-01-07,72,0.65,0.0,0
UCI_22492,2011-01-10,111,0.58,0.0,0
UCI_22492,2011-01-12,72,0.65,0.0,0
UCI_22492,2011-01-14,36,0.65,0.0,0
UCI_22492,2011-01-17,36,0.65,0.0,0
UCI_22492,2011-01-18,2,1.63,0.0,0
UCI_22492,2011-01-24,36,0.65,0.0,0
UCI_22492,2011-01-26,37,0.68,0.0,0
UCI_22492,2011-01-27,72,0.65,0.0,0
UCI_22492,2011-01-28,648,0.65,0.0,0
UCI_22492,2011-01-31,216,0.65,0.0,0
UCI_22492,2011-02-02,72,0.65,0.0,0
UCI_22492,2011-02-04,253,0.65,0.0,0
UCI_22492,2011-02-07,36,0.65,0.0,0
UCI_22492,2011-02-08,36,0.65,0.0,0
UCI_22492,2011-02-09,36,0.65,0.0,0
UCI_22492,2011-02-10,108,0.65,0.0,0
UCI_22492,2011-02-16,72,0.65,0.0,0
UCI_22492,2011-02-17,36,0.65,0.0,0
UCI_22492,2011-02-21,36,0.65,0.0,0
UCI_22492,2011-02-22,72,0.65,0.0,0
UCI_22492,2011-02-23,36,0.65,0.0,0
UCI_22492,2011-02-24,36,0.65,0.0,0
UCI_22492,2011-03-02,36,0.65,0.0,0
UCI_22492,2011-03-04,72,0.65,0.0,0
UCI_22492,2011-03-07,901,0.56,0.0,0
UCI_22492,2011-03-08,72,0.65,0.0,0
UCI_22492,2011-03-09,144,0.65,0.0,0
UCI_22492,2011-03-10,72,0.65,0.0,0
UCI_22492,2011-03-11,36,0.65,0.0,0
UCI_22492,2011-03-13,36,0.65,0.0,0
UCI_22492,2011-03-14,612,0.65,0.0,0
UCI_22492,2011-03-15,36,0.65,0.0,0
UCI_22492,2011-03-17,72,0.65,0.0,0
UCI_22492,2011-03-20,72,0.65,0.0,0
UCI_22492,2011-03-21,36,0.65,0.0,0
UCI_22492,2011-03-22,72,0.65,0.0,0
UCI_22492,2011-03-23,72,0.65,0.0,0
UCI_22492,2011-03-25,72,0.65,0.0,0
UCI_22492,2011-03-28,36,0.65,0.0,0
UCI_22492,2011-03-29,67,1.25,0.0,0
UCI_22492,2011-03-30,36,0.65,0.0,0
UCI_22492,2011-03-31,216,0.65,0.0,0
UCI_22492,2011-04-01,36,0.65,0.0,0
UCI_22492,2011-04-03,36,0.65,0.0,0
UCI_22492,2011-04-07,72,0.65,0.0,0
UCI_22492,2011-04-08,252,0.65,0.0,0
UCI_22492,2011-04-12,72,0.65,0.0,0
UCI_22492,2011-04-13,36,0.65,0.0,0
UCI_22492,2011-04-14,72,0.65,0.0,0
UCI_22492,2011-04-15,36,0.65,0.0,0
UCI_22492,2011-04-18,584,0.56,0.0,0
UCI_22492,2011-04-19,72,0.65,0.0,0
UCI_22492,2011-04-20,36,0.65,0.0,0
UCI_22492,2011-04-21,108,0.65,0.0,0
UCI_22492,2011-04-26,72,0.65,0.0,0
UCI_22492,2011-04-27,36,0.65,0.0,0
UCI_22492,2011-04-28,36,0.65,0.0,0
UCI_22492,2011-05-01,36,0.65,0.0,0
UCI_22492,2011-05-03,36,0.65,0.0,0
UCI_22492,2011-05-06,72,0.65,0.0,0
UCI_22492,2011-05-08,108,0.65,0.0,0
UCI_22492,2011-05-09,3,1.63,0.0,0
UCI_22492,2011-05-10,108,0.65,0.0,0
UCI_22492,2011-05-11,72,0.65,0.0,0
UCI_22492,2011-05-12,576,0.65,0.0,0
UCI_22492,2011-05-13,36,0.65,0.0,0
UCI_22492,2011-05-16,36,0.65,0.0,0
UCI_22492,2011-05-17,1,1.63,0.0,0
UCI_22492,2011-05-19,36,0.65,0.0,0
UCI_22492,2011-05-20,360,0.57,0.0,0
UCI_22492,2011-05-22,36,0.65,0.0,0
UCI_22492,2011-05-23,144,0.65,0.0,0
UCI_22492,2011-05-25,36,0.65,0.0,0
UCI_22492,2011-05-26,108,0.65,0.0,0
UCI_22492,2011-05-31,36,0.65,0.0,0
UCI_22492,2011-06-01,36,0.65,0.0,0
UCI_22492,2011-06-05,36,0.65,0.0,0
UCI_22492,2011-06-06,36,0.65,0.0,0
UCI_22492,2011-06-08,72,0.65,0.0,0
UCI_22492,2011-06-09,253,0.65,0.0,0
UCI_22492,2011-06-13,36,0.65,0.0,0
UCI_22492,2011-06-14,36,0.65,0.0,0
UCI_22492,2011-06-15,576,0.55,0.0,0
UCI_22492,2011-06-16,74,0.68,0.0,0
UCI_22492,2011-06-17,39,0.65,0.0,0
UCI_22492,2011-06-21,38,0.7,0.0,0
UCI_22492,2011-06-22,144,0.65,0.0,0
UCI_22492,2011-06-23,37,0.68,0.0,0
UCI_22492,2011-06-28,36,0.65,0.0,0
UCI_22492,2011-07-01,36,0.65,0.0,0
UCI_22492,2011-07-04,72,0.65,0.0,0
UCI_22492,2011-07-05,216,0.65,0.0,0
UCI_22492,2011-07-07,144,0.65,0.0,0
UCI_22492,2011-07-11,576,0.55,0.0,0
UCI_22492,2011-07-12,108,0.65,0.0,0
UCI_22492,2011-07-14,74,0.68,0.0,0
UCI_22492,2011-07-15,36,0.65,0.0,0
UCI_22492,2011-07-18,144,0.65,0.0,0
UCI_22492,2011-07-19,252,0.65,0.0,0
UCI_22492,2011-07-25,36,0.65,0.0,0
UCI_22492,2011-07-26,36,0.65,0.0,0
UCI_22492,2011-07-27,144,0.65,0.0,0
UCI_22492,2011-07-31,36,0.65,0.0,0
UCI_22492,2011-08-01,36,0.65,0.0,0
UCI_22492,2011-08-03,108,0.65,0.0,0
UCI_22492,2011-08-04,111,0.68,0.0,0
UCI_22492,2011-08-05,36,0.65,0.0,0
UCI_22492,2011-08-11,108,0.65,0.0,0
UCI_22492,2011-08-12,36,0.65,0.0,0
UCI_22492,2011-08-14,36,0.65,0.0,0
UCI_22492,2011-08-15,36,0.65,0.0,0
UCI_22492,2011-08-16,108,0.65,0.0,0
UCI_22492,2011-08-18,612,0.56,0.0,0
UCI_22492,2011-08-21,36,0.65,0.0,0
UCI_22492,2011-08-22,36,0.65,0.0,0
UCI_22492,2011-08-23,36,0.65,0.0,0
UCI_22492,2011-08-24,108,0.65,0.0,0
UCI_22492,2011-08-25,36,0.65,0.0,0
UCI_22492,2011-08-26,36,0.65,0.0,0
UCI_22492,2011-08-28,72,0.65,0.0,0
UCI_22492,2011-08-30,2,1.63,0.0,0
UCI_22492,2011-09-01,1224,0.56,0.0,0
UCI_22492,2011-09-02,2,1.63,0.0,0
UCI_22492,2011-09-04,108,0.65,0.0,0
UCI_22492,2011-09-05,36,0.65,0.0,0
UCI_22492,2011-09-07,38,0.7,0.0,0
UCI_22492,2011-09-08,46,0.86,0.0,0
UCI_22492,2011-09-09,36,0.65,0.0,0
UCI_22492,2011-09-11,36,0.65,0.0,0
UCI_22492,2011-09-12,180,0.65,0.0,0
UCI_22492,2011-09-13,649,0.65,0.0,0
UCI_22492,2011-09-14,36,0.65,0.0,0
UCI_22492,2011-09-15,36,0.65,0.0,0
UCI_22492,2011-09-16,36,0.65,0.0,0
UCI_22492,2011-09-19,36,0.65,0.0,0
UCI_22492,2011-09-20,36,0.65,0.0,0
UCI_22492,2011-09-21,111,0.68,0.0,0
UCI_22492,2011-09-22,113,0.69,0.0,0
UCI_22492,2011-09-23,2,1.63,0.0,0
UCI_22492,2011-09-25,36,0.65,0.0,0
UCI_22492,2011-09-26,108,0.65,0.0,0
UCI_22492,2011-09-27,72,0.65,0.0,0
UCI_22492,2011-09-28,36,0.65,0.0,0
UCI_22492,2011-09-29,108,0.65,0.0,0
UCI_22492,2011-09-30,252,0.65,0.0,0
UCI_22492,2011-10-03,4,1.63,0.0,0
UCI_22492,2011-10-04,576,0.55,0.0,0
UCI_22492,2011-10-06,180,0.65,0.0,0
UCI_22492,2011-10-10,108,0.65,0.0,0
UCI_22492,2011-10-11,41,0.65,0.0,0
UCI_22492,2011-10-13,36,0.65,0.0,0
UCI_22492,2011-10-14,72,0.65,0.0,0
UCI_22492,2011-10-17,578,0.65,0.0,0
UCI_22492,2011-10-18,72,0.6,0.0,0
UCI_22492,2011-10-19,72,0.65,0.0,0
UCI_22492,2011-10-20,612,0.56,0.0,0
UCI_22492,2011-10-24,72,0.65,0.0,0
UCI_22492,2011-10-25,324,0.65,0.0,0
UCI_22492,2011-10-27,108,0.65,0.0,0
UCI_22492,2011-10-28,252,0.65,0.0,0
UCI_22492,2011-10-30,36,0.65,0.0,0
UCI_22492,2011-10-31,72,0.65,0.0,0
UCI_22492,2011-11-01,36,0.65,0.0,0
UCI_22492,2011-11-02,40,0.75,0.0,0
UCI_22492,2011-11-04,42,0.7,0.0,0
UCI_22492,2011-11-06,36,0.65,0.0,0
UCI_22492,2011-11-07,207,1.72,0.0,0
UCI_22492,2011-11-08,181,0.66,0.0,0
UCI_22492,2011-11-09,74,0.68,0.0,0
UCI_22492,2011-11-10,1188,0.55,0.0,0
UCI_22492,2011-11-11,74,0.68,0.0,0
UCI_22492,2011-11-14,421,1.06,0.0,0
UCI_22492,2011-11-15,2,1.63,0.0,0
UCI_22492,2011-11-16,36,0.65,0.0,0
UCI_22492,2011-11-17,108,0.65,0.0,0
UCI_22492,2011-11-18,76,0.7,0.0,0
UCI_22492,2011-11-20,36,0.65,0.0,0
UCI_22492,2011-11-21,111,0.67,0.0,0
UCI_22492,2011-11-22,38,0.7,0.0,0
UCI_22492,2011-11-23,144,0.65,0.0,0
UCI_22492,2011-11-24,72,0.65,0.0,0
UCI_22492,2011-11-25,37,0.68,0.0,0
UCI_22492,2011-11-28,37,0.68,0.0,0
UCI_22492,2011-11-29,77,0.71,0.0,0
UCI_22492,2011-11-30,115,0.71,0.0,0
UCI_22492,2011-12-01,36,0.65,0.0,0
UCI_22492,2011-12-02,36,0.65,0.0,0
UCI_22492,2011-12-05,4,1.63,0.0,0
UCI_22492,2011-12-06,36,0.65,0.0,0
UCI_22492,2011-12-07,108,0.65,0.0,0
UCI_22492,2011-12-08,72,0.65,0.0,0
UCI_22616,2010-12-01,40,0.33,0.0,0
UCI_22616,2010-12-02,616,0.29,0.0,0
UCI_22616,2010-12-03,60,0.29,0.0,0
UCI_22616,2010-12-05,13,0.29,0.0,0
UCI_22616,2010-12-06,81,0.35,0.0,0
UCI_22616,2010-12-07,15,0.4,0.0,0
UCI_22616,2010-12-08,109,0.3,0.0,0
UCI_22616,2010-12-09,25,0.31,0.0,0
UCI_22616,2010-12-10,53,0.34,0.0,0
UCI_22616,2010-12-12,36,0.29,0.0,0
UCI_22616,2010-12-13,13,0.33,0.0,0
UCI_22616,2010-12-14,60,0.29,0.0,0
UCI_22616,2010-12-16,121,0.29,0.0,0
UCI_22616,2010-12-17,23,0.56,0.0,0
UCI_22616,2010-12-19,6,0.29,0.0,0
UCI_22616,2010-12-20,89,0.3,0.0,0
UCI_22616,2010-12-21,1297,0.25,0.0,0
UCI_22616,2010-12-23,37,0.31,0.0,0
UCI_22616,2011-01-04,1,0.85,0.0,0
UCI_22616,2011-01-06,48,0.29,0.0,0
UCI_22616,2011-01-07,13,0.33,0.0,0
UCI_22616,2011-01-09,48,0.29,0.0,0
UCI_22616,2011-01-11,39,0.33,0.0,0
UCI_22616,2011-01-12,2,0.85,0.0,0
UCI_22616,2011-01-16,60,0.29,0.0,0
UCI_22616,2011-01-17,6,0.74,0.0,0
UCI_22616,2011-01-18,1,0.83,0.0,0
UCI_22616,2011-01-19,26,0.33,0.0,0
UCI_22616,2011-01-20,15,0.4,0.0,0
UCI_22616,2011-01-21,25,0.31,0.0,0
UCI_22616,2011-01-23,12,0.29,0.0,0
UCI_22616,2011-01-24,1,0.83,0.0,0
UCI_22616,2011-01-25,24,0.29,0.0,0
UCI_22616,2011-01-27,144,0.29,0.0,0
UCI_22616,2011-02-01,60,0.29,0.0,0
UCI_22616,2011-02-02,20,0.51,0.0,0
UCI_22616,2011-02-04,888,0.29,0.0,0
UCI_22616,2011-02-07,72,0.29,0.0,0
UCI_22616,2011-02-08,35,0.83,0.0,0
UCI_22616,2011-02-09,48,0.29,0.0,0
UCI_22616,2011-02-10,456,0.22,0.0,0
UCI_22616,2011-02-14,4,0.83,0.0,0
UCI_22616,2011-02-16,456,0.25,0.0,0
UCI_22616,2011-02-17,43,0.3,0.0,0
UCI_22616,2011-02-18,511,0.25,0.0,0
UCI_22616,2011-02-21,9,0.83,0.0,0
UCI_22616,2011-02-22,24,0.29,0.0,0
UCI_22616,2011-02-23,36,0.29,0.0,0
UCI_22616,2011-02-24,49,0.3,0.0,0
UCI_22616,2011-02-28,14,0.37,0.0,0
UCI_22616,2011-03-03,96,0.29,0.0,0
UCI_22616,2011-03-04,12,0.29,0.0,0
UCI_22616,2011-03-07,1,0.83,0.0,0
UCI_22616,2011-03-08,1311,0.24,0.0,0
UCI_22616,2011-03-09,48,0.29,0.0,0
UCI_22616,2011-03-10,48,0.29,0.0,0
UCI_22616,2011-03-13,12,0.29,0.0,0
UCI_22616,2011-03-14,12,0.29,0.0,0
UCI_22616,2011-03-15,36,0.29,0.0,0
UCI_22616,2011-03-17,3,0.83,0.0,0
UCI_22616,2011-03-18,84,0.29,0.0,0
UCI_22616,2011-03-20,1321,0.25,0.0,0
UCI_22616,2011-03-21,26,0.29,0.0,0
UCI_22616,2011-03-22,34,0.29,0.0,0
UCI_22616,2011-03-23,1,0.83,0.0,0
UCI_22616,2011-03-24,72,0.29,0.0,0
UCI_22616,2011-03-25,1,0.83,0.0,0
UCI_22616,2011-03-28,24,0.29,0.0,0
UCI_22616,2011-03-29,143,0.84,0.0,0
UCI_22616,2011-03-30,168,0.26,0.0,0
UCI_22616,2011-03-31,180,0.29,0.0,0
UCI_22616,2011-04-01,36,0.29,0.0,0
UCI_22616,2011-04-03,869,0.29,0.0,0
UCI_22616,2011-04-05,536,0.22,0.0,0
UCI_22616,2011-04-06,2,0.83,0.0,0
UCI_22616,2011-04-07,60,0.29,0.0,0
UCI_22616,2011-04-08,12,0.29,0.0,0
UCI_22616,2011-04-11,12,0.29,0.0,0
UCI_22616,2011-04-12,36,0.29,0.0,0
UCI_22616,2011-04-13,84,0.29,0.0,0
UCI_22616,2011-04-14,96,0.29,0.0,0
UCI_22616,2011-04-15,120,0.29,0.0,0
UCI_22616,2011-04-17,54,0.29,0.0,0
UCI_22616,2011-04-18,92,0.34,0.0,0
UCI_22616,2011-04-21,1,0.83,0.0,0
UCI_22616,2011-04-26,132,0.29,0.0,0
UCI_22616,2011-04-27,48,0.29,0.0,0
UCI_22616,2011-04-28,36,0.29,0.0,0
UCI_22616,2011-05-05,36,0.29,0.0,0
UCI_22616,2011-05-06,68,0.31,0.0,0
UCI_22616,2011-05-08,24,0.29,0.0,0
UCI_22616,2011-05-09,1,0.83,0.0,0
UCI_22616,2011-05-10,61,0.3,0.0,0
UCI_22616,2011-05-11,24,0.29,0.0,0
UCI_22616,2011-05-12,40,0.29,0.0,0
UCI_22616,2011-05-13,4,0.29,0.0,0
UCI_22616,2011-05-16,49,0.3,0.0,0
UCI_22616,2011-05-17,27,0.35,0.0,0
UCI_22616,2011-05-18,108,0.29,0.0,0
UCI_22616,2011-05-19,936,0.25,0.0,0
UCI_22616,2011-05-23,12,0.29,0.0,0
UCI_22616,2011-05-24,72,0.29,0.0,0
UCI_22616,2011-05-31,13,0.79,0.0,0
UCI_22616,2011-06-01,6,0.65,0.0,0
UCI_22616,2011-06-02,12,0.29,0.0,0
UCI_22616,2011-06-05,48,0.29,0.0,0
UCI_22616,2011-06-07,14,0.83,0.0,0
UCI_22616,2011-06-08,7,0.37,0.0,0
UCI_22616,2011-06-09,1,0.83,0.0,0
UCI_22616,2011-06-12,24,0.29,0.0,0
UCI_22616,2011-06-13,504,0.29,0.0,0
UCI_22616,2011-06-15,24,0.29,0.0,0
UCI_22616,2011-06-16,48,0.29,0.0,0
UCI_22616,2011-06-17,876,0.25,0.0,0
UCI_22616,2011-06-19,60,0.29,0.0,0
UCI_22616,2011-06-20,25,0.31,0.0,0
UCI_22616,2011-06-21,14,0.37,0.0,0
UCI_22616,2011-06-23,217,0.29,0.0,0
UCI_22616,2011-06-26,24,0.29,0.0,0
UCI_22616,2011-06-27,6,0.29,0.0,0
UCI_22616,2011-06-28,432,0.25,0.0,0
UCI_22616,2011-06-29,1,0.29,0.0,0
UCI_22616,2011-06-30,86,0.3,0.0,0
UCI_22616,2011-07-03,12,0.29,0.0,0
UCI_22616,2011-07-04,13,0.33,0.0,0
UCI_22616,2011-07-05,12,0.29,0.0,0
UCI_22616,2011-07-06,1,0.83,0.0,0
UCI_22616,2011-07-07,13,0.33,0.0,0
UCI_22616,2011-07-08,24,0.29,0.0,0
UCI_22616,2011-07-10,12,0.29,0.0,0
UCI_22616,2011-07-11,19,0.32,0.0,0
UCI_22616,2011-07-12,29,0.38,0.0,0
UCI_22616,2011-07-13,1,0.29,0.0,0
UCI_22616,2011-07-15,5,0.61,0.0,0
UCI_22616,2011-07-17,24,0.29,0.0,0
UCI_22616,2011-07-18,96,0.29,0.0,0
UCI_22616,2011-07-19,48,0.29,0.0,0
UCI_22616,2011-07-20,689,0.25,0.0,0
UCI_22616,2011-07-21,24,0.29,0.0,0
UCI_22616,2011-07-22,12,0.29,0.0,0
UCI_22616,2011-07-24,67,0.29,0.0,0
UCI_22616,2011-07-25,11,0.83,0.0,0
UCI_22616,2011-07-26,1,0.83,0.0,0
UCI_22616,2011-07-27,99,0.31,0.0,0
UCI_22616,2011-07-28,12,0.29,0.0,0
UCI_22616,2011-07-29,48,0.29,0.0,0
UCI_22616,2011-07-31,1,0.29,0.0,0
UCI_22616,2011-08-01,1,0.83,0.0,0
UCI_22616,2011-08-03,648,0.25,0.0,0
UCI_22616,2011-08-04,1021,0.29,0.0,0
UCI_22616,2011-08-05,41,0.29,0.0,0
UCI_22616,2011-08-07,4,0.29,0.0,0
UCI_22616,2011-08-09,12,0.29,0.0,0
UCI_22616,2011-08-10,62,0.31,0.0,0
UCI_22616,2011-08-11,37,0.3,0.0,0
UCI_22616,2011-08-12,26,0.33,0.0,0
UCI_22616,2011-08-14,1,0.29,0.0,0
UCI_22616,2011-08-15,24,0.29,0.0,0
UCI_22616,2011-08-16,48,0.29,0.0,0
UCI_22616,2011-08-17,64,0.29,0.0,0
UCI_22616,2011-08-18,12,0.29,0.0,0
UCI_22616,2011-08-21,1,0.29,0.0,0
UCI_22616,2011-08-22,51,0.29,0.0,0
UCI_22616,2011-08-23,300,0.25,0.0,0
UCI_22616,2011-08-24,26,0.31,0.0,0
UCI_22616,2011-08-25,24,0.29,0.0,0
UCI_22616,2011-08-26,12,0.29,0.0,0
UCI_22616,2011-08-30,16,0.83,0.0,0
UCI_22616,2011-08-31,13,0.33,0.0,0
UCI_22616,2011-09-01,456,0.26,0.0,0
UCI_22616,2011-09-05,2,0.83,0.0,0
UCI_22616,2011-09-07,24,0.39,0.0,0
UCI_22616,2011-09-08,24,0.29,0.0,0
UCI_22616,2011-09-09,12,0.39,0.0,0
UCI_22616,2011-09-11,14,0.39,0.0,0
UCI_22616,2011-09-12,84,0.39,0.0,0
UCI_22616,2011-09-13,55,0.4,0.0,0
UCI_22616,2011-09-15,12,0.39,0.0,0
UCI_22616,2011-09-16,12,0.39,0.0,0
UCI_22616,2011-09-18,37,0.39,0.0,0
UCI_22616,2011-09-21,17,0.52,0.0,0
UCI_22616,2011-09-22,111,0.4,0.0,0
UCI_22616,2011-09-23,133,0.39,0.0,0
UCI_22616,2011-09-25,30,0.39,0.0,0
UCI_22616,2011-09-27,144,0.39,0.0,0
UCI_22616,2011-09-28,1,0.83,0.0,0
UCI_22616,2011-09-29,432,0.32,0.0,0
UCI_22616,2011-10-03,115,0.39,0.0,0
UCI_22616,2011-10-04,15,0.48,0.0,0
UCI_22616,2011-10-05,192,0.39,0.0,0
UCI_22616,2011-10-06,144,0.39,0.0,0
UCI_22616,2011-10-07,59,0.46,0.0,0
UCI_22616,2011-10-10,15,0.45,0.0,0
UCI_22616,2011-10-11,24,0.39,0.0,0
UCI_22616,2011-10-13,2,0.61,0.0,0
UCI_22616,2011-10-14,12,0.39,0.0,0
UCI_22616,2011-10-16,12,0.39,0.0,0
UCI_22616,2011-10-17,18,0.54,0.0,0
UCI_22616,2011-10-18,24,0.39,0.0,0
UCI_22616,2011-10-19,12,0.39,0.0,0
UCI_22616,2011-10-20,12,0.39,0.0,0
UCI_22616,2011-10-21,600,0.32,0.0,0
UCI_22616,2011-10-24,37,0.4,0.0,0
UCI_22616,2011-10-25,36,0.39,0.0,0
UCI_22616,2011-10-26,1,0.79,0.0,0
UCI_22616,2011-10-27,27,0.39,0.0,0
UCI_22616,2011-10-28,192,0.39,0.0,0
UCI_22616,2011-10-31,4,0.83,0.0,0
UCI_22616,2011-11-01,48,0.39,0.0,0
UCI_22616,2011-11-02,37,0.4,0.0,0
UCI_22616,2011-11-03,553,0.34,0.0,0
UCI_22616,2011-11-04,48,0.39,0.0,0
UCI_22616,2011-11-06,12,0.39,0.0,0
UCI_22616,2011-11-07,138,1.0,0.0,0
UCI_22616,2011-11-08,3,0.54,0.0,0
UCI_22616,2011-11-10,64,0.4,0.0,0
UCI_22616,2011-11-11,1,0.83,0.0,0
UCI_22616,2011-11-13,48,0.39,0.0,0
UCI_22616,2011-11-14,214,0.96,0.0,0
UCI_22616,2011-11-15,888,0.32,0.0,0
UCI_22616,2011-11-16,78,0.4,0.0,0
UCI_22616,2011-11-17,155,0.4,0.0,0
UCI_22616,2011-11-18,12,0.39,0.0,0
UCI_22616,2011-11-20,2,0.79,0.0,0
UCI_22616,2011-11-21,13,0.39,0.0,0
UCI_22616,2011-11-22,5,0.74,0.0,0
UCI_22616,2011-11-23,48,0.39,0.0,0
UCI_22616,2011-11-25,32,0.44,0.0,0
UCI_22616,2011-11-27,2,0.39,0.0,0
UCI_22616,2011-11-28,88,0.41,0.0,0
UCI_22616,2011-11-29,439,0.32,0.0,0
UCI_22616,2011-11-30,51,0.45,0.0,0
UCI_22616,2011-12-01,22,0.39,0.0,0
UCI_22616,2011-12-02,36,0.39,0.0,0
UCI_22616,2011-12-05,507,0.33,0.0,0
UCI_22616,2011-12-06,3,0.54,0.0,0
UCI_22616,2011-12-07,51,0.39,0.0,0
UCI_22616,2011-12-08,3,0.68,0.0,0
UCI_22616,2011-12-09,1,0.83,0.0,0
UCI_22629,2010-12-01,27,2.03,0.0,0
UCI_22629,2010-12-02,101,1.65,0.0,0
UCI_22629,2010-12-03,16,2.41,0.0,0
UCI_22629,2010-12-05,56,1.95,0.0,0
UCI_22629,2010-12-06,28,2.19,0.0,0
UCI_22629,2010-12-07,71,1.81,0.0,0
UCI_22629,2010-12-08,28,1.95,0.0,0
UCI_22629,2010-12-09,59,2.07,0.0,0
UCI_22629,2010-12-10,72,1.78,0.0,0
UCI_22629,2010-12-12,5,1.95,0.0,0
UCI_22629,2010-12-13,13,2.12,0.0,0
UCI_22629,2010-12-14,119,1.95,0.0,0
UCI_22629,2010-12-15,11,1.95,0.0,0
UCI_22629,2010-12-16,49,1.95,0.0,0
UCI_22629,2010-12-17,15,2.4,0.0,0
UCI_22629,2010-12-19,76,1.7,0.0,0
UCI_22629,2010-12-20,14,2.27,0.0,0
UCI_22629,2010-12-21,133,1.68,0.0,0
UCI_22629,2011-01-05,2,1.95,0.0,0
UCI_22629,2011-01-06,27,1.95,0.0,0
UCI_22629,2011-01-07,17,1.95,0.0,0
UCI_22629,2011-01-09,31,1.95,0.0,0
UCI_22629,2011-01-10,124,1.8,0.0,0
UCI_22629,2011-01-11,40,1.95,0.0,0
UCI_22629,2011-01-12,24,1.95,0.0,0
UCI_22629,2011-01-13,30,1.95,0.0,0
UCI_22629,2011-01-14,332,1.66,0.0,0
UCI_22629,2011-01-16,6,1.95,0.0,0
UCI_22629,2011-01-17,32,2.5,0.0,0
UCI_22629,2011-01-18,25,1.68,0.0,0
UCI_22629,2011-01-19,423,1.68,0.0,0
UCI_22629,2011-01-20,16,2.09,0.0,0
UCI_22629,2011-01-21,130,1.68,0.0,0
UCI_22629,2011-01-24,14,2.11,0.0,0
UCI_22629,2011-01-25,15,2.1,0.0,0
UCI_22629,2011-01-26,22,1.95,0.0,0
UCI_22629,2011-01-27,25,1.95,0.0,0
UCI_22629,2011-01-28,60,1.95,0.0,0
UCI_22629,2011-01-30,1,1.95,0.0,0
UCI_22629,2011-01-31,49,1.99,0.0,0
UCI_22629,2011-02-01,7,2.57,0.0,0
UCI_22629,2011-02-02,32,2.01,0.0,0
UCI_22629,2011-02-03,358,1.68,0.0,0
UCI_22629,2011-02-04,12,1.95,0.0,0
UCI_22629,2011-02-06,2,1.95,0.0,0
UCI_22629,2011-02-08,64,1.65,0.0,0
UCI_22629,2011-02-11,3,2.12,0.0,0
UCI_22629,2011-02-13,2,1.95,0.0,0
UCI_22629,2011-02-15,258,1.65,0.0,0
UCI_22629,2011-02-16,36,1.95,0.0,0
UCI_22629,2011-02-17,52,2.02,0.0,0
UCI_22629,2011-02-18,4,1.95,0.0,0
UCI_22629,2011-02-20,2,1.95,0.0,0
UCI_22629,2011-02-21,171,1.74,0.0,0
UCI_22629,2011-02-22,140,1.68,0.0,0
UCI_22629,2011-02-23,1,2.46,0.0,0
UCI_22629,2011-02-24,12,1.95,0.0,0
UCI_22629,2011-02-25,24,1.95,0.0,0
UCI_22629,2011-02-27,5,1.95,0.0,0
UCI_22629,2011-02-28,26,1.95,0.0,0
UCI_22629,2011-03-01,12,1.95,0.0,0
UCI_22629,2011-03-02,1,1.95,0.0,0
UCI_22629,2011-03-03,326,1.66,0.0,0
UCI_22629,2011-03-04,12,1.95,0.0,0
UCI_22629,2011-03-06,12,1.95,0.0,0
UCI_22629,2011-03-07,20,2.08,0.0,0
UCI_22629,2011-03-08,24,1.95,0.0,0
UCI_22629,2011-03-09,24,1.95,0.0,0
UCI_22629,2011-03-10,100,1.76,0.0,0
UCI_22629,2011-03-11,12,1.95,0.0,0
UCI_22629,2011-03-13,10,1.95,0.0,0
UCI_22629,2011-03-14,12,1.95,0.0,0
UCI_22629,2011-03-15,7,2.46,0.0,0
UCI_22629,2011-03-16,14,1.95,0.0,0
UCI_22629,2011-03-17,14,1.95,0.0,0
UCI_22629,2011-03-18,167,1.72,0.0,0
UCI_22629,2011-03-20,14,1.95,0.0,0
UCI_22629,2011-03-21,14,1.95,0.0,0
UCI_22629,2011-03-22,5,2.05,0.0,0
UCI_22629,2011-03-23,156,1.72,0.0,0
UCI_22629,2011-03-24,25,1.95,0.0,0
UCI_22629,2011-03-25,7,2.57,0.0,0
UCI_22629,2011-03-28,25,1.95,0.0,0
UCI_22629,2011-03-29,657,1.72,0.0,0
UCI_22629,2011-03-30,12,1.95,0.0,0
UCI_22629,2011-03-31,105,1.78,0.0,0
UCI_22629,2011-04-01,8,1.95,0.0,0
UCI_22629,2011-04-03,7,1.95,0.0,0
UCI_22629,2011-04-04,13,2.12,0.0,0
UCI_22629,2011-04-05,96,1.75,0.0,0
UCI_22629,2011-04-06,48,1.95,0.0,0
UCI_22629,2011-04-07,24,1.95,0.0,0
UCI_22629,2011-04-08,24,1.95,0.0,0
UCI_22629,2011-04-12,36,1.95,0.0,0
UCI_22629,2011-04-13,21,1.95,0.0,0
UCI_22629,2011-04-14,60,1.95,0.0,0
UCI_22629,2011-04-15,20,2.05,0.0,0
UCI_22629,2011-04-18,7,2.57,0.0,0
UCI_22629,2011-04-19,12,1.95,0.0,0
UCI_22629,2011-04-20,24,1.95,0.0,0
UCI_22629,2011-04-21,38,1.95,0.0,0
UCI_22629,2011-04-26,28,2.02,0.0,0
UCI_22629,2011-04-27,5,2.39,0.0,0
UCI_22629,2011-04-28,24,1.95,0.0,0
UCI_22629,2011-05-01,27,1.95,0.0,0
UCI_22629,2011-05-03,14,2.26,0.0,0
UCI_22629,2011-05-04,13,1.95,0.0,0
UCI_22629,2011-05-05,45,2.05,0.0,0
UCI_22629,2011-05-06,39,1.95,0.0,0
UCI_22629,2011-05-08,14,1.95,0.0,0
UCI_22629,2011-05-09,72,1.95,0.0,0
UCI_22629,2011-05-10,37,2.07,0.0,0
UCI_22629,2011-05-11,103,1.76,0.0,0
UCI_22629,2011-05-12,344,1.65,0.0,0
UCI_22629,2011-05-16,16,1.95,0.0,0
UCI_22629,2011-05-17,33,2.0,0.0,0
UCI_22629,2011-05-18,66,1.66,0.0,0
UCI_22629,2011-05-19,24,1.95,0.0,0
UCI_22629,2011-05-20,65,1.69,0.0,0
UCI_22629,2011-05-22,12,1.95,0.0,0
UCI_22629,2011-05-23,37,2.01,0.0,0
UCI_22629,2011-05-24,14,1.95,0.0,0
UCI_22629,2011-05-25,27,1.95,0.0,0
UCI_22629,2011-05-26,81,1.71,0.0,0
UCI_22629,2011-05-27,13,1.99,0.0,0
UCI_22629,2011-05-29,15,1.95,0.0,0
UCI_22629,2011-05-31,14,1.95,0.0,0
UCI_22629,2011-06-01,392,1.67,0.0,0
UCI_22629,2011-06-02,6,2.29,0.0,0
UCI_22629,2011-06-03,12,1.95,0.0,0
UCI_22629,2011-06-05,52,1.95,0.0,0
UCI_22629,2011-06-06,1,1.95,0.0,0
UCI_22629,2011-06-07,12,2.13,0.0,0
UCI_22629,2011-06-08,79,1.73,0.0,0
UCI_22629,2011-06-09,25,1.95,0.0,0
UCI_22629,2011-06-10,8,2.29,0.0,0
UCI_22629,2011-06-13,27,2.03,0.0,0
UCI_22629,2011-06-14,18,2.19,0.0,0
UCI_22629,2011-06-15,67,1.7,0.0,0
UCI_22629,2011-06-16,36,1.95,0.0,0
UCI_22629,2011-06-17,39,1.95,0.0,0
UCI_22629,2011-06-19,38,1.95,0.0,0
UCI_22629,2011-06-20,30,1.97,0.0,0
UCI_22629,2011-06-21,27,2.07,0.0,0
UCI_22629,2011-06-22,24,1.95,0.0,0
UCI_22629,2011-06-23,41,1.95,0.0,0
UCI_22629,2011-06-24,12,1.95,0.0,0
UCI_22629,2011-06-27,1,2.46,0.0,0
UCI_22629,2011-06-28,148,1.69,0.0,0
UCI_22629,2011-06-29,1,4.13,0.0,0
UCI_22629,2011-06-30,14,1.95,0.0,0
UCI_22629,2011-07-01,2,2.2,0.0,0
UCI_22629,2011-07-03,3,1.95,0.0,0
UCI_22629,2011-07-04,1,2.46,0.0,0
UCI_22629,2011-07-05,2,3.3,0.0,0
UCI_22629,2011-07-06,3,1.95,0.0,0
UCI_22629,2011-07-07,6,1.95,0.0,0
UCI_22629,2011-07-08,26,1.99,0.0,0
UCI_22629,2011-07-10,3,1.95,0.0,0
UCI_22629,2011-07-11,2,1.95,0.0,0
UCI_22629,2011-07-12,3,2.46,0.0,0
UCI_22629,2011-07-13,12,1.95,0.0,0
UCI_22629,2011-07-14,39,1.95,0.0,0
UCI_22629,2011-07-15,12,1.95,0.0,0
UCI_22629,2011-07-18,29,1.99,0.0,0
UCI_22629,2011-07-19,37,1.95,0.0,0
UCI_22629,2011-07-20,24,2.13,0.0,0
UCI_22629,2011-07-21,50,1.97,0.0,0
UCI_22629,2011-07-22,100,1.76,0.0,0
UCI_22629,2011-07-24,37,1.95,0.0,0
UCI_22629,2011-07-25,36,1.95,0.0,0
UCI_22629,2011-07-26,16,2.09,0.0,0
UCI_22629,2011-07-28,36,1.95,0.0,0
UCI_22629,2011-07-29,13,2.12,0.0,0
UCI_22629,2011-07-31,13,1.95,0.0,0
UCI_22629,2011-08-01,12,1.95,0.0,0
UCI_22629,2011-08-02,24,1.95,0.0,0
UCI_22629,2011-08-03,48,1.8,0.0,0
UCI_22629,2011-08-04,139,1.76,0.0,0
UCI_22629,2011-08-05,10,1.95,0.0,0
UCI_22629,2011-08-08,26,1.95,0.0,0
UCI_22629,2011-08-09,156,1.7,0.0,0
UCI_22629,2011-08-11,362,1.69,0.0,0
UCI_22629,2011-08-12,25,2.04,0.0,0
UCI_22629,2011-08-14,2,1.95,0.0,0
UCI_22629,2011-08-15,48,1.95,0.0,0
UCI_22629,2011-08-16,14,1.95,0.0,0
UCI_22629,2011-08-17,7,2.1,0.0,0
UCI_22629,2011-08-18,292,1.69,0.0,0
UCI_22629,2011-08-19,12,1.95,0.0,0
UCI_22629,2011-08-21,26,1.95,0.0,0
UCI_22629,2011-08-22,38,1.95,0.0,0
UCI_22629,2011-08-23,30,1.95,0.0,0
UCI_22629,2011-08-24,48,2.0,0.0,0
UCI_22629,2011-08-25,28,1.97,0.0,0
UCI_22629,2011-08-26,448,1.65,0.0,0
UCI_22629,2011-08-28,5,1.95,0.0,0
UCI_22629,2011-08-30,2,4.13,0.0,0
UCI_22629,2011-08-31,29,2.21,0.0,0
UCI_22629,2011-09-01,51,1.95,0.0,0
UCI_22629,2011-09-02,28,2.03,0.0,0
UCI_22629,2011-09-04,25,1.95,0.0,0
UCI_22629,2011-09-05,1,1.95,0.0,0
UCI_22629,2011-09-06,6,1.95,0.0,0
UCI_22629,2011-09-07,33,2.09,0.0,0
UCI_22629,2011-09-08,48,1.95,0.0,0
UCI_22629,2011-09-09,13,1.95,0.0,0
UCI_22629,2011-09-11,18,1.95,0.0,0
UCI_22629,2011-09-12,20,1.95,0.0,0
UCI_22629,2011-09-13,21,2.02,0.0,0
UCI_22629,2011-09-14,2,3.04,0.0,0
UCI_22629,2011-09-15,53,2.0,0.0,0
UCI_22629,2011-09-16,36,1.95,0.0,0
UCI_22629,2011-09-18,1,1.95,0.0,0
UCI_22629,2011-09-19,290,1.75,0.0,0
UCI_22629,2011-09-20,13,1.99,0.0,0
UCI_22629,2011-09-21,37,2.01,0.0,0
UCI_22629,2011-09-22,36,1.95,0.0,0
UCI_22629,2011-09-23,31,2.07,0.0,0
UCI_22629,2011-09-25,12,1.95,0.0,0
UCI_22629,2011-09-26,14,2.11,0.0,0
UCI_22629,2011-09-27,102,1.72,0.0,0
UCI_22629,2011-09-28,38,2.01,0.0,0
UCI_22629,2011-09-29,27,1.95,0.0,0
UCI_22629,2011-09-30,15,1.98,0.0,0
UCI_22629,2011-10-03,15,2.1,0.0,0
UCI_22629,2011-10-04,26,2.03,0.0,0
UCI_22629,2011-10-05,114,1.78,0.0,0
UCI_22629,2011-10-06,91,1.74,0.0,0
UCI_22629,2011-10-07,56,1.95,0.0,0
UCI_22629,2011-10-10,16,2.18,0.0,0
UCI_22629,2011-10-11,63,1.95,0.0,0
UCI_22629,2011-10-12,25,1.95,0.0,0
UCI_22629,2011-10-13,5,2.26,0.0,0
UCI_22629,2011-10-14,18,1.95,0.0,0
UCI_22629,2011-10-17,25,1.97,0.0,0
UCI_22629,2011-10-18,12,1.95,0.0,0
UCI_22629,2011-10-19,18,2.01,0.0,0
UCI_22629,2011-10-20,204,1.67,0.0,0
UCI_22629,2011-10-21,2,1.95,0.0,0
UCI_22629,2011-10-23,4,1.95,0.0,0
UCI_22629,2011-10-25,2,1.95,0.0,0
UCI_22629,2011-10-26,15,1.98,0.0,0
UCI_22629,2011-10-27,185,1.74,0.0,0
UCI_22629,2011-10-28,75,1.95,0.0,0
UCI_22629,2011-10-30,7,1.95,0.0,0
UCI_22629,2011-10-31,11,2.58,0.0,0
UCI_22629,2011-11-01,13,1.95,0.0,0
UCI_22629,2011-11-02,64,1.65,0.0,0
UCI_22629,2011-11-03,84,1.75,0.0,0
UCI_22629,2011-11-04,37,1.76,0.0,0
UCI_22629,2011-11-06,4,1.95,0.0,0
UCI_22629,2011-11-07,79,1.71,0.0,0
UCI_22629,2011-11-08,55,1.98,0.0,0
UCI_22629,2011-11-09,78,1.7,0.0,0
UCI_22629,2011-11-10,82,1.72,0.0,0
UCI_22629,2011-11-11,214,1.71,0.0,0
UCI_22629,2011-11-13,1,2.46,0.0,0
UCI_22629,2011-11-14,14,1.95,0.0,0
UCI_22629,2011-11-15,102,1.78,0.0,0
UCI_22629,2011-11-16,108,1.78,0.0,0
UCI_22629,2011-11-17,47,1.95,0.0,0
UCI_22629,2011-11-18,16,2.22,0.0,0
UCI_22629,2011-11-20,21,2.02,0.0,0
UCI_22629,2011-11-21,3,3.4,0.0,0
UCI_22629,2011-11-22,32,1.95,0.0,0
UCI_22629,2011-11-23,275,1.68,0.0,0
UCI_22629,2011-11-24,5,2.39,0.0,0
UCI_22629,2011-11-25,22,2.52,0.0,0
UCI_22629,2011-11-27,5,1.95,0.0,0
UCI_22629,2011-11-28,25,2.12,0.0,0
UCI_22629,2011-11-29,70,1.75,0.0,0
UCI_22629,2011-11-30,4,2.46,0.0,0
UCI_22629,2011-12-01,28,2.03,0.0,0
UCI_22629,2011-12-02,21,2.49,0.0,0
UCI_22629,2011-12-04,12,1.95,0.0,0
UCI_22629,2011-12-05,180,1.75,0.0,0
UCI_22629,2011-12-06,78,1.73,0.0,0
UCI_22629,2011-12-07,4,2.08,0.0,0
UCI_22629,2011-12-08,89,1.8,0.0,0
UCI_22629,2011-12-09,15,2.16,0.0,0
UCI_22693,2010-12-06,24,1.25,0.0,0
UCI_22693,2010-12-15,48,1.25,0.0,0
UCI_22693,2010-12-16,2497,0.94,0.0,0
UCI_22693,2010-12-17,24,1.25,0.0,0
UCI_22693,2010-12-21,24,1.25,0.0,0
UCI_22693,2011-01-05,24,1.25,0.0,0
UCI_22693,2011-01-07,24,1.25,0.0,0
UCI_22693,2011-01-09,24,1.25,0.0,0
UCI_22693,2011-01-11,24,1.25,0.0,0
UCI_22693,2011-01-12,24,1.25,0.0,0
UCI_22693,2011-01-13,120,1.1,0.0,0
UCI_22693,2011-01-14,24,1.25,0.0,0
UCI_22693,2011-01-17,48,1.25,0.0,0
UCI_22693,2011-01-19,24,1.25,0.0,0
UCI_22693,2011-01-25,24,1.25,0.0,0
UCI_22693,2011-01-27,48,1.25,0.0,0
UCI_22693,2011-01-28,48,1.25,0.0,0
UCI_22693,2011-02-01,24,1.25,0.0,0
UCI_22693,2011-02-02,24,1.25,0.0,0
UCI_22693,2011-02-07,51,1.25,0.0,0
UCI_22693,2011-02-11,2400,0.94,0.0,0
UCI_22693,2011-02-14,1080,1.06,0.0,0
UCI_22693,2011-02-17,24,1.25,0.0,0
UCI_22693,2011-02-18,48,1.25,0.0,0
UCI_22693,2011-02-23,48,1.25,0.0,0
UCI_22693,2011-02-24,48,1.25,0.0,0
UCI_22693,2011-02-25,24,1.25,0.0,0
UCI_22693,2011-02-28,24,1.25,0.0,0
UCI_22693,2011-03-02,24,1.25,0.0,0
UCI_22693,2011-03-03,24,1.25,0.0,0
UCI_22693,2011-03-10,24,1.25,0.0,0
UCI_22693,2011-03-11,48,1.25,0.0,0
UCI_22693,2011-03-13,24,1.25,0.0,0
UCI_22693,2011-03-14,24,1.25,0.0,0
UCI_22693,2011-03-15,24,1.25,0.0,0
UCI_22693,2011-03-17,144,1.06,0.0,0
UCI_22693,2011-03-18,24,1.25,0.0,0
UCI_22693,2011-03-20,24,1.25,0.0,0
UCI_22693,2011-03-22,48,1.25,0.0,0
UCI_22693,2011-03-24,24,1.25,0.0,0
UCI_22693,2011-03-25,48,1.25,0.0,0
UCI_22693,2011-03-28,27,1.39,0.0,0
UCI_22693,2011-03-29,75,2.95,0.0,0
UCI_22693,2011-03-30,48,1.25,0.0,0
UCI_22693,2011-03-31,90,1.25,0.0,0
UCI_22693,2011-04-01,888,1.07,0.0,0
UCI_22693,2011-04-04,24,1.25,0.0,0
UCI_22693,2011-04-07,48,1.25,0.0,0
UCI_22693,2011-04-08,74,1.28,0.0,0
UCI_22693,2011-04-11,1,1.25,0.0,0
UCI_22693,2011-04-12,144,1.25,0.0,0
UCI_22693,2011-04-13,1104,1.07,0.0,0
UCI_22693,2011-04-14,24,1.25,0.0,0
UCI_22693,2011-04-17,96,1.25,0.0,0
UCI_22693,2011-04-18,27,1.39,0.0,0
UCI_22693,2011-04-19,24,1.25,0.0,0
UCI_22693,2011-04-20,24,1.25,0.0,0
UCI_22693,2011-04-21,83,1.42,0.0,0
UCI_22693,2011-04-26,24,1.25,0.0,0
UCI_22693,2011-04-28,24,1.25,0.0,0
UCI_22693,2011-05-01,24,1.25,0.0,0
UCI_22693,2011-05-03,25,1.3,0.0,0
UCI_22693,2011-05-04,48,1.25,0.0,0
UCI_22693,2011-05-05,48,1.25,0.0,0
UCI_22693,2011-05-06,74,1.28,0.0,0
UCI_22693,2011-05-08,48,1.25,0.0,0
UCI_22693,2011-05-09,72,1.25,0.0,0
UCI_22693,2011-05-11,48,1.25,0.0,0
UCI_22693,2011-05-15,24,1.25,0.0,0
UCI_22693,2011-05-16,96,1.25,0.0,0
UCI_22693,2011-05-17,1,2.5,0.0,0
UCI_22693,2011-05-18,96,1.25,0.0,0
UCI_22693,2011-05-22,24,1.25,0.0,0
UCI_22693,2011-05-23,96,1.25,0.0,0
UCI_22693,2011-05-24,27,1.25,0.0,0
UCI_22693,2011-05-25,27,1.25,0.0,0
UCI_22693,2011-05-26,24,1.25,0.0,0
UCI_22693,2011-06-01,4,2.5,0.0,0
UCI_22693,2011-06-02,24,1.25,0.0,0
UCI_22693,2011-06-03,48,1.25,0.0,0
UCI_22693,2011-06-05,72,1.25,0.0,0
UCI_22693,2011-06-08,48,1.25,0.0,0
UCI_22693,2011-06-13,48,1.25,0.0,0
UCI_22693,2011-06-14,1,2.5,0.0,0
UCI_22693,2011-06-16,48,1.25,0.0,0
UCI_22693,2011-06-17,24,1.25,0.0,0
UCI_22693,2011-06-21,576,0.86,0.0,0
UCI_22693,2011-06-22,24,1.25,0.0,0
UCI_22693,2011-06-23,120,1.25,0.0,0
UCI_22693,2011-06-24,24,1.25,0.0,0
UCI_22693,2011-06-28,48,1.25,0.0,0
UCI_22693,2011-06-29,25,1.3,0.0,0
UCI_22693,2011-06-30,27,1.39,0.0,0
UCI_22693,2011-07-03,24,1.25,0.0,0
UCI_22693,2011-07-05,72,1.25,0.0,0
UCI_22693,2011-07-06,24,1.25,0.0,0
UCI_22693,2011-07-10,120,1.25,0.0,0
UCI_22693,2011-07-14,96,1.25,0.0,0
UCI_22693,2011-07-20,24,1.25,0.0,0
UCI_22693,2011-07-21,48,1.25,0.0,0
UCI_22693,2011-07-25,24,1.25,0.0,0
UCI_22693,2011-07-27,1,2.5,0.0,0
UCI_22693,2011-07-28,576,0.86,0.0,0
UCI_22693,2011-07-29,1,2.5,0.0,0
UCI_22693,2011-07-31,24,1.25,0.0,0
UCI_22693,2011-08-02,25,1.3,0.0,0
UCI_22693,2011-08-03,24,1.25,0.0,0
UCI_22693,2011-08-05,48,1.25,0.0,0
UCI_22693,2011-08-07,24,1.25,0.0,0
UCI_22693,2011-08-09,72,1.25,0.0,0
UCI_22693,2011-08-10,1,2.5,0.0,0
UCI_22693,2011-08-11,24,1.25,0.0,0
UCI_22693,2011-08-14,24,1.25,0.0,0
UCI_22693,2011-08-16,24,1.25,0.0,0
UCI_22693,2011-08-28,48,1.25,0.0,0
UCI_22693,2011-08-30,1,2.5,0.0,0
UCI_22693,2011-09-05,24,1.25,0.0,0
UCI_22693,2011-09-08,72,1.25,0.0,0
UCI_22693,2011-09-09,48,1.25,0.0,0
UCI_22693,2011-09-11,72,1.25,0.0,0
UCI_22693,2011-09-13,2,2.5,0.0,0
UCI_22693,2011-09-19,48,1.25,0.0,0
UCI_22693,2011-09-21,6,2.5,0.0,0
UCI_22693,2011-09-22,48,1.25,0.0,0
UCI_22693,2011-09-26,24,1.25,0.0,0
UCI_22693,2011-09-27,1,2.5,0.0,0
UCI_22693,2011-09-28,24,1.25,0.0,0
UCI_22693,2011-09-29,48,1.25,0.0,0
UCI_22693,2011-10-03,25,1.25,0.0,0
UCI_22693,2011-10-05,2,2.5,0.0,0
UCI_22693,2011-10-06,50,1.3,0.0,0
UCI_22693,2011-10-07,24,1.25,0.0,0
UCI_22693,2011-10-09,24,1.25,0.0,0
UCI_22693,2011-10-10,24,1.25,0.0,0
UCI_22693,2011-10-11,27,1.39,0.0,0
UCI_22693,2011-10-12,48,1.25,0.0,0
UCI_22693,2011-10-13,24,1.25,0.0,0
UCI_22693,2011-10-14,25,1.3,0.0,0
UCI_22693,2011-10-18,48,1.25,0.0,0
UCI_22693,2011-10-19,72,1.25,0.0,0
UCI_22693,2011-10-20,48,1.25,0.0,0
UCI_22693,2011-10-21,48,1.25,0.0,0
UCI_22693,2011-10-23,48,1.25,0.0,0
UCI_22693,2011-10-24,3,2.5,0.0,0
UCI_22693,2011-10-25,72,1.25,0.0,0
UCI_22693,2011-10-26,24,1.25,0.0,0
UCI_22693,2011-10-27,144,1.12,0.0,0
UCI_22693,2011-10-28,24,1.25,0.0,0
UCI_22693,2011-10-30,96,1.06,0.0,0
UCI_22693,2011-10-31,4,2.5,0.0,0
UCI_22693,2011-11-03,25,1.3,0.0,0
UCI_22693,2011-11-04,192,1.13,0.0,0
UCI_22693,2011-11-07,96,1.25,0.0,0
UCI_22693,2011-11-08,5,2.5,0.0,0
UCI_22693,2011-11-09,76,1.32,0.0,0
UCI_22693,2011-11-10,48,1.25,0.0,0
UCI_22693,2011-11-11,50,1.3,0.0,0
UCI_22693,2011-11-13,24,1.25,0.0,0
UCI_22693,2011-11-14,2,2.5,0.0,0
UCI_22693,2011-11-15,36,1.67,0.0,0
UCI_22693,2011-11-16,78,1.35,0.0,0
UCI_22693,2011-11-17,72,1.25,0.0,0
UCI_22693,2011-11-18,28,1.43,0.0,0
UCI_22693,2011-11-21,25,1.3,0.0,0
UCI_22693,2011-11-22,4,2.5,0.0,0
UCI_22693,2011-11-23,24,1.25,0.0,0
UCI_22693,2011-11-24,5,2.5,0.0,0
UCI_22693,2011-11-25,6,2.5,0.0,0
UCI_22693,2011-11-28,25,1.3,0.0,0
UCI_22693,2011-11-29,76,1.32,0.0,0
UCI_22693,2011-11-30,236,1.2,0.0,0
UCI_22693,2011-12-01,1,2.5,0.0,0
UCI_22693,2011-12-02,25,1.3,0.0,0
UCI_22693,2011-12-05,30,1.5,0.0,0
UCI_22693,2011-12-08,6,2.5,0.0,0
UCI_22693,2011-12-09,195,1.08,0.0,0
UCI_22952,2010-12-01,48,0.67,0.0,0
UCI_22952,2010-12-02,169,0.55,0.0,0
UCI_22952,2010-12-03,119,1.01,0.0,0
UCI_22952,2010-12-05,76,0.55,0.0,0
UCI_22952,2010-12-06,58,0.74,0.0,0
UCI_22952,2010-12-07,73,1.38,0.0,0
UCI_22952,2010-12-08,110,0.56,0.0,0
UCI_22952,2010-12-09,78,0.55,0.0,0
UCI_22952,2010-12-10,86,1.06,0.0,0
UCI_22952,2010-12-13,147,0.46,0.0,0
UCI_22952,2010-12-14,32,0.6,0.0,0
UCI_22952,2010-12-15,144,0.44,0.0,0
UCI_22952,2010-12-16,169,0.46,0.0,0
UCI_22952,2010-12-17,11,1.28,0.0,0
UCI_22952,2010-12-19,24,0.55,0.0,0
UCI_22952,2010-12-20,24,0.55,0.0,0
UCI_22952,2010-12-23,1,1.28,0.0,0
UCI_22952,2011-01-04,1,1.28,0.0,0
UCI_22952,2011-01-05,4,1.28,0.0,0
UCI_22952,2011-01-07,1,1.28,0.0,0
UCI_22952,2011-01-17,1,1.25,0.0,0
UCI_22952,2011-01-27,2,1.25,0.0,0
UCI_22952,2011-02-09,1,1.25,0.0,0
UCI_22952,2011-02-22,1,1.25,0.0,0
UCI_22952,2011-02-28,1,1.25,0.0,0
UCI_22952,2011-03-22,24,0.55,0.0,0
UCI_22952,2011-04-07,1,1.25,0.0,0
UCI_22952,2011-04-26,1,1.25,0.0,0
UCI_22952,2011-05-12,1,0.55,0.0,0
UCI_22952,2011-06-14,1,1.25,0.0,0
UCI_22952,2011-06-16,1,1.25,0.0,0
UCI_22952,2011-06-23,1,1.25,0.0,0
UCI_22952,2011-06-26,2,0.55,0.0,0
UCI_22952,2011-06-30,1,1.25,0.0,0
UCI_22952,2011-07-03,26,0.55,0.0,0
UCI_22952,2011-07-05,24,0.55,0.0,0
UCI_22952,2011-07-06,120,0.42,0.0,0
UCI_22952,2011-07-11,48,0.55,0.0,0
UCI_22952,2011-07-12,1,2.08,0.0,0
UCI_22952,2011-07-13,5,0.55,0.0,0
UCI_22952,2011-07-14,1,0.55,0.0,0
UCI_22952,2011-07-15,1,0.55,0.0,0
UCI_22952,2011-07-17,120,0.42,0.0,0
UCI_22952,2011-07-20,6,0.9,0.0,0
UCI_22952,2011-07-21,27,0.66,0.0,0
UCI_22952,2011-07-24,4,0.55,0.0,0
UCI_22952,2011-07-25,146,0.45,0.0,0
UCI_22952,2011-07-27,1,1.25,0.0,0
UCI_22952,2011-07-28,288,0.44,0.0,0
UCI_22952,2011-07-29,24,0.55,0.0,0
UCI_22952,2011-07-31,384,0.51,0.0,0
UCI_22952,2011-08-02,24,0.55,0.0,0
UCI_22952,2011-08-04,264,0.43,0.0,0
UCI_22952,2011-08-08,48,0.55,0.0,0
UCI_22952,2011-08-10,24,0.55,0.0,0
UCI_22952,2011-08-11,29,0.81,0.0,0
UCI_22952,2011-08-15,4,0.55,0.0,0
UCI_22952,2011-08-17,4,2.08,0.0,0
UCI_22952,2011-08-18,264,0.43,0.0,0
UCI_22952,2011-08-19,24,0.55,0.0,0
UCI_22952,2011-08-21,3,0.55,0.0,0
UCI_22952,2011-08-22,37,0.55,0.0,0
UCI_22952,2011-08-23,24,0.55,0.0,0
UCI_22952,2011-08-24,28,0.6,0.0,0
UCI_22952,2011-08-25,2,0.55,0.0,0
UCI_22952,2011-08-26,24,0.55,0.0,0
UCI_22952,2011-08-30,7,1.25,0.0,0
UCI_22952,2011-09-01,432,0.44,0.0,0
UCI_22952,2011-09-02,31,0.62,0.0,0
UCI_22952,2011-09-05,264,0.49,0.0,0
UCI_22952,2011-09-06,72,0.55,0.0,0
UCI_22952,2011-09-07,121,0.43,0.0,0
UCI_22952,2011-09-08,24,0.55,0.0,0
UCI_22952,2011-09-09,146,0.45,0.0,0
UCI_22952,2011-09-11,96,0.55,0.0,0
UCI_22952,2011-09-12,72,0.55,0.0,0
UCI_22952,2011-09-13,963,0.46,0.0,0
UCI_22952,2011-09-14,49,0.55,0.0,0
UCI_22952,2011-09-15,62,0.64,0.0,0
UCI_22952,2011-09-16,123,0.59,0.0,0
UCI_22952,2011-09-18,58,0.55,0.0,0
UCI_22952,2011-09-19,74,0.55,0.0,0
UCI_22952,2011-09-20,124,0.59,0.0,0
UCI_22952,2011-09-21,50,0.58,0.0,0
UCI_22952,2011-09-22,178,0.55,0.0,0
UCI_22952,2011-09-23,367,0.47,0.0,0
UCI_22952,2011-09-25,67,0.55,0.0,0
UCI_22952,2011-09-26,48,0.55,0.0,0
UCI_22952,2011-09-27,80,0.66,0.0,0
UCI_22952,2011-09-28,98,0.56,0.0,0
UCI_22952,2011-09-29,104,0.6,0.0,0
UCI_22952,2011-09-30,7,0.77,0.0,0
UCI_22952,2011-10-02,3,0.55,0.0,0
UCI_22952,2011-10-03,124,0.57,0.0,0
UCI_22952,2011-10-04,175,0.5,0.0,0
UCI_22952,2011-10-05,102,0.55,0.0,0
UCI_22952,2011-10-06,124,0.55,0.0,0
UCI_22952,2011-10-07,51,0.58,0.0,0
UCI_22952,2011-10-09,57,0.55,0.0,0
UCI_22952,2011-10-10,41,0.81,0.0,0
UCI_22952,2011-10-11,74,0.57,0.0,0
UCI_22952,2011-10-12,51,0.56,0.0,0
UCI_22952,2011-10-13,123,0.59,0.0,0
UCI_22952,2011-10-14,24,0.55,0.0,0
UCI_22952,2011-10-17,649,0.46,0.0,0
UCI_22952,2011-10-18,74,0.55,0.0,0
UCI_22952,2011-10-19,81,0.7,0.0,0
UCI_22952,2011-10-20,241,0.55,0.0,0
UCI_22952,2011-10-21,504,0.55,0.0,0
UCI_22952,2011-10-23,1,0.55,0.0,0
UCI_22952,2011-10-24,105,0.59,0.0,0
UCI_22952,2011-10-25,93,0.57,0.0,0
UCI_22952,2011-10-26,342,0.59,0.0,0
UCI_22952,2011-10-27,65,0.56,0.0,0
UCI_22952,2011-10-28,346,0.46,0.0,0
UCI_22952,2011-10-30,299,0.45,0.0,0
UCI_22952,2011-10-31,50,1.11,0.0,0
UCI_22952,2011-11-01,136,0.44,0.0,0
UCI_22952,2011-11-02,52,0.58,0.0,0
UCI_22952,2011-11-03,125,0.58,0.0,0
UCI_22952,2011-11-04,125,0.55,0.0,0
UCI_22952,2011-11-06,80,0.55,0.0,0
UCI_22952,2011-11-07,301,1.35,0.0,0
UCI_22952,2011-11-08,211,0.59,0.0,0
UCI_22952,2011-11-09,108,0.58,0.0,0
UCI_22952,2011-11-10,249,0.55,0.0,0
UCI_22952,2011-11-11,87,0.92,0.0,0
UCI_22952,2011-11-13,339,0.46,0.0,0
UCI_22952,2011-11-14,438,1.08,0.0,0
UCI_22952,2011-11-15,62,1.34,0.0,0
UCI_22952,2011-11-16,202,0.58,0.0,0
UCI_22952,2011-11-17,195,0.56,0.0,0
UCI_22952,2011-11-18,143,1.01,0.0,0
UCI_22952,2011-11-20,48,0.55,0.0,0
UCI_22952,2011-11-21,78,0.56,0.0,0
UCI_22952,2011-11-22,276,0.71,0.0,0
UCI_22952,2011-11-23,89,0.55,0.0,0
UCI_22952,2011-11-24,40,0.66,0.0,0
UCI_22952,2011-11-25,95,1.39,0.0,0
UCI_22952,2011-11-27,34,1.23,0.0,0
UCI_22952,2011-11-28,200,0.48,0.0,0
UCI_22952,2011-11-29,241,0.77,0.0,0
UCI_22952,2011-11-30,393,0.55,0.0,0
UCI_22952,2011-12-01,86,0.6,0.0,0
UCI_22952,2011-12-02,68,0.8,0.0,0
UCI_22952,2011-12-04,43,0.59,0.0,0
UCI_22952,2011-12-05,153,0.73,0.0,0
UCI_22952,2011-12-06,149,0.57,0.0,0
UCI_22952,2011-12-07,73,0.67,0.0,0
UCI_22952,2011-12-08,135,0.67,0.0,0
UCI_22952,2011-12-09,43,0.7,0.0,0
UCI_22961,2010-12-01,151,1.58,0.0,0
UCI_22961,2010-12-02,200,1.45,0.0,0
UCI_22961,2010-12-03,20,2.02,0.0,0
UCI_22961,2010-12-05,43,1.45,0.0,0
UCI_22961,2010-12-06,73,2.05,0.0,0
UCI_22961,2010-12-07,99,1.8,0.0,0
UCI_22961,2010-12-08,133,1.55,0.0,0
UCI_22961,2010-12-09,98,1.68,0.0,0
UCI_22961,2010-12-10,44,1.93,0.0,0
UCI_22961,2010-12-12,74,1.45,0.0,0
UCI_22961,2010-12-13,84,1.93,0.0,0
UCI_22961,2010-12-14,153,1.32,0.0,0
UCI_22961,2010-12-15,144,1.32,0.0,0
UCI_22961,2010-12-16,60,1.45,0.0,0
UCI_22961,2010-12-17,142,2.04,0.0,0
UCI_22961,2010-12-19,17,1.45,0.0,0
UCI_22961,2010-12-20,92,1.62,0.0,0
UCI_22961,2010-12-21,6,3.36,0.0,0
UCI_22961,2010-12-23,27,1.66,0.0,0
UCI_22961,2011-01-04,46,1.62,0.0,0
UCI_22961,2011-01-05,37,1.45,0.0,0
UCI_22961,2011-01-06,32,1.51,0.0,0
UCI_22961,2011-01-07,16,1.93,0.0,0
UCI_22961,2011-01-09,24,1.45,0.0,0
UCI_22961,2011-01-10,37,1.71,0.0,0
UCI_22961,2011-01-11,47,1.65,0.0,0
UCI_22961,2011-01-12,24,1.69,0.0,0
UCI_22961,2011-01-13,15,1.45,0.0,0
UCI_22961,2011-01-14,502,1.26,0.0,0
UCI_22961,2011-01-16,58,1.45,0.0,0
UCI_22961,2011-01-17,104,1.49,0.0,0
UCI_22961,2011-01-18,3,2.06,0.0,0
UCI_22961,2011-01-19,13,1.59,0.0,0
UCI_22961,2011-01-20,38,1.55,0.0,0
UCI_22961,2011-01-21,19,1.55,0.0,0
UCI_22961,2011-01-23,20,1.45,0.0,0
UCI_22961,2011-01-24,50,1.52,0.0,0
UCI_22961,2011-01-25,54,1.45,0.0,0
UCI_22961,2011-01-26,51,1.45,0.0,0
UCI_22961,2011-01-27,121,1.31,0.0,0
UCI_22961,2011-01-28,24,1.45,0.0,0
UCI_22961,2011-01-30,24,1.45,0.0,0
UCI_22961,2011-01-31,110,1.31,0.0,0
UCI_22961,2011-02-01,68,1.45,0.0,0
UCI_22961,2011-02-02,39,1.54,0.0,0
UCI_22961,2011-02-03,43,1.49,0.0,0
UCI_22961,2011-02-04,25,1.52,0.0,0
UCI_22961,2011-02-06,9,1.45,0.0,0
UCI_22961,2011-02-07,72,1.45,0.0,0
UCI_22961,2011-02-08,15,1.82,0.0,0
UCI_22961,2011-02-09,29,1.77,0.0,0
UCI_22961,2011-02-10,43,1.45,0.0,0
UCI_22961,2011-02-11,2,3.29,0.0,0
UCI_22961,2011-02-13,6,1.45,0.0,0
UCI_22961,2011-02-14,72,1.48,0.0,0
UCI_22961,2011-02-15,52,1.56,0.0,0
UCI_22961,2011-02-16,63,1.54,0.0,0
UCI_22961,2011-02-17,122,1.32,0.0,0
UCI_22961,2011-02-18,49,1.49,0.0,0
UCI_22961,2011-02-20,3,1.45,0.0,0
UCI_22961,2011-02-21,170,1.39,0.0,0
UCI_22961,2011-02-22,138,1.39,0.0,0
UCI_22961,2011-02-23,26,1.59,0.0,0
UCI_22961,2011-02-24,20,1.82,0.0,0
UCI_22961,2011-02-25,25,1.52,0.0,0
UCI_22961,2011-02-27,17,1.45,0.0,0
UCI_22961,2011-02-28,46,1.85,0.0,0
UCI_22961,2011-03-01,49,1.49,0.0,0
UCI_22961,2011-03-02,96,1.45,0.0,0
UCI_22961,2011-03-03,113,1.36,0.0,0
UCI_22961,2011-03-04,43,1.45,0.0,0
UCI_22961,2011-03-06,24,1.45,0.0,0
UCI_22961,2011-03-07,15,1.82,0.0,0
UCI_22961,2011-03-08,156,1.4,0.0,0
UCI_22961,2011-03-09,29,1.51,0.0,0
UCI_22961,2011-03-10,72,1.45,0.0,0
UCI_22961,2011-03-11,157,1.34,0.0,0
UCI_22961,2011-03-14,101,1.26,0.0,0
UCI_22961,2011-03-15,50,1.52,0.0,0
UCI_22961,2011-03-18,76,1.45,0.0,0
UCI_22961,2011-03-20,79,1.47,0.0,0
UCI_22961,2011-03-21,25,1.45,0.0,0
UCI_22961,2011-03-22,50,1.45,0.0,0
UCI_22961,2011-03-23,38,1.45,0.0,0
UCI_22961,2011-03-24,122,1.45,0.0,0
UCI_22961,2011-03-25,36,1.45,0.0,0
UCI_22961,2011-03-27,4,1.45,0.0,0
UCI_22961,2011-03-28,71,1.45,0.0,0
UCI_22961,2011-03-29,200,3.5,0.0,0
UCI_22961,2011-03-30,13,1.45,0.0,0
UCI_22961,2011-03-31,108,1.45,0.0,0
UCI_22961,2011-04-01,28,1.45,0.0,0
UCI_22961,2011-04-03,16,1.45,0.0,0
UCI_22961,2011-04-04,47,1.67,0.0,0
UCI_22961,2011-04-05,38,1.55,0.0,0
UCI_22961,2011-04-07,17,1.45,0.0,0
UCI_22961,2011-04-08,12,1.45,0.0,0
UCI_22961,2011-04-10,16,1.45,0.0,0
UCI_22961,2011-04-11,8,1.45,0.0,0
UCI_22961,2011-04-12,1,1.45,0.0,0
UCI_22961,2011-04-15,2,2.37,0.0,0
UCI_22961,2011-04-18,5,1.82,0.0,0
UCI_22961,2011-04-19,3,1.45,0.0,0
UCI_22961,2011-04-21,1,3.29,0.0,0
UCI_22961,2011-04-26,3,1.45,0.0,0
UCI_22961,2011-05-03,1,1.45,0.0,0
UCI_22961,2011-05-09,5,1.45,0.0,0
UCI_22961,2011-05-10,108,1.27,0.0,0
UCI_22961,2011-05-11,27,1.45,0.0,0
UCI_22961,2011-05-12,98,1.49,0.0,0
UCI_22961,2011-05-13,149,1.36,0.0,0
UCI_22961,2011-05-16,36,1.45,0.0,0
UCI_22961,2011-05-17,1,3.29,0.0,0
UCI_22961,2011-05-18,12,1.45,0.0,0
UCI_22961,2011-05-19,101,1.47,0.0,0
UCI_22961,2011-05-20,120,1.29,0.0,0
UCI_22961,2011-05-22,36,1.45,0.0,0
UCI_22961,2011-05-23,12,1.45,0.0,0
UCI_22961,2011-05-24,24,1.45,0.0,0
UCI_22961,2011-05-25,85,1.45,0.0,0
UCI_22961,2011-05-26,32,1.45,0.0,0
UCI_22961,2011-05-27,48,1.45,0.0,0
UCI_22961,2011-05-29,2,1.45,0.0,0
UCI_22961,2011-05-31,1,3.29,0.0,0
UCI_22961,2011-06-01,36,1.45,0.0,0
UCI_22961,2011-06-02,64,1.51,0.0,0
UCI_22961,2011-06-03,2,1.45,0.0,0
UCI_22961,2011-06-05,38,1.45,0.0,0
UCI_22961,2011-06-06,48,1.45,0.0,0
UCI_22961,2011-06-07,44,1.45,0.0,0
UCI_22961,2011-06-08,16,1.91,0.0,0
UCI_22961,2011-06-09,82,1.45,0.0,0
UCI_22961,2011-06-10,13,1.45,0.0,0
UCI_22961,2011-06-12,9,1.45,0.0,0
UCI_22961,2011-06-13,66,1.62,0.0,0
UCI_22961,2011-06-14,24,1.45,0.0,0
UCI_22961,2011-06-15,13,1.59,0.0,0
UCI_22961,2011-06-16,13,1.59,0.0,0
UCI_22961,2011-06-17,24,1.45,0.0,0
UCI_22961,2011-06-19,42,1.45,0.0,0
UCI_22961,2011-06-20,19,2.13,0.0,0
UCI_22961,2011-06-21,4,1.45,0.0,0
UCI_22961,2011-06-23,87,1.45,0.0,0
UCI_22961,2011-06-24,50,1.49,0.0,0
UCI_22961,2011-06-26,4,1.45,0.0,0
UCI_22961,2011-06-27,25,1.52,0.0,0
UCI_22961,2011-06-28,14,1.45,0.0,0
UCI_22961,2011-06-29,2,3.29,0.0,0
UCI_22961,2011-06-30,57,1.48,0.0,0
UCI_22961,2011-07-01,125,1.31,0.0,0
UCI_22961,2011-07-03,3,1.45,0.0,0
UCI_22961,2011-07-04,57,1.68,0.0,0
UCI_22961,2011-07-05,19,2.13,0.0,0
UCI_22961,2011-07-06,112,1.5,0.0,0
UCI_22961,2011-07-07,50,1.49,0.0,0
UCI_22961,2011-07-08,3,2.06,0.0,0
UCI_22961,2011-07-10,2,1.45,0.0,0
UCI_22961,2011-07-11,14,1.71,0.0,0
UCI_22961,2011-07-12,69,1.61,0.0,0
UCI_22961,2011-07-13,37,1.5,0.0,0
UCI_22961,2011-07-14,5,1.45,0.0,0
UCI_22961,2011-07-15,13,1.59,0.0,0
UCI_22961,2011-07-17,31,1.45,0.0,0
UCI_22961,2011-07-18,43,1.58,0.0,0
UCI_22961,2011-07-19,46,1.45,0.0,0
UCI_22961,2011-07-20,18,1.45,0.0,0
UCI_22961,2011-07-21,36,1.45,0.0,0
UCI_22961,2011-07-22,26,1.59,0.0,0
UCI_22961,2011-07-24,24,1.45,0.0,0
UCI_22961,2011-07-25,28,1.71,0.0,0
UCI_22961,2011-07-26,4,3.29,0.0,0
UCI_22961,2011-07-27,86,1.49,0.0,0
UCI_22961,2011-07-28,69,1.48,0.0,0
UCI_22961,2011-07-29,13,1.59,0.0,0
UCI_22961,2011-07-31,292,1.45,0.0,0
UCI_22961,2011-08-01,12,1.45,0.0,0
UCI_22961,2011-08-02,85,1.47,0.0,0
UCI_22961,2011-08-03,27,1.52,0.0,0
UCI_22961,2011-08-04,18,1.45,0.0,0
UCI_22961,2011-08-05,493,1.26,0.0,0
UCI_22961,2011-08-08,37,1.5,0.0,0
UCI_22961,2011-08-09,121,1.31,0.0,0
UCI_22961,2011-08-10,13,1.59,0.0,0
UCI_22961,2011-08-11,63,1.65,0.0,0
UCI_22961,2011-08-12,44,1.62,0.0,0
UCI_22961,2011-08-14,13,1.45,0.0,0
UCI_22961,2011-08-15,28,1.45,0.0,0
UCI_22961,2011-08-16,12,1.45,0.0,0
UCI_22961,2011-08-17,26,1.52,0.0,0
UCI_22961,2011-08-18,24,1.45,0.0,0
UCI_22961,2011-08-19,12,1.45,0.0,0
UCI_22961,2011-08-21,16,1.45,0.0,0
UCI_22961,2011-08-22,85,1.45,0.0,0
UCI_22961,2011-08-23,25,1.45,0.0,0
UCI_22961,2011-08-24,201,1.29,0.0,0
UCI_22961,2011-08-25,2,1.45,0.0,0
UCI_22961,2011-08-26,12,1.45,0.0,0
UCI_22961,2011-08-28,25,1.45,0.0,0
UCI_22961,2011-08-30,13,3.01,0.0,0
UCI_22961,2011-08-31,25,1.97,0.0,0
UCI_22961,2011-09-01,14,1.28,0.0,0
UCI_22961,2011-09-02,51,1.74,0.0,0
UCI_22961,2011-09-04,63,1.45,0.0,0
UCI_22961,2011-09-05,12,1.45,0.0,0
UCI_22961,2011-09-06,12,1.45,0.0,0
UCI_22961,2011-09-07,31,1.87,0.0,0
UCI_22961,2011-09-08,38,1.55,0.0,0
UCI_22961,2011-09-09,58,1.51,0.0,0
UCI_22961,2011-09-11,312,1.27,0.0,0
UCI_22961,2011-09-12,31,1.45,0.0,0
UCI_22961,2011-09-13,244,1.48,0.0,0
UCI_22961,2011-09-14,63,1.51,0.0,0
UCI_22961,2011-09-15,38,1.55,0.0,0
UCI_22961,2011-09-16,49,1.49,0.0,0
UCI_22961,2011-09-18,2,1.45,0.0,0
UCI_22961,2011-09-19,49,1.45,0.0,0
UCI_22961,2011-09-20,125,1.37,0.0,0
UCI_22961,2011-09-21,128,1.56,0.0,0
UCI_22961,2011-09-22,64,1.51,0.0,0
UCI_22961,2011-09-23,71,1.71,0.0,0
UCI_22961,2011-09-25,16,1.45,0.0,0
UCI_22961,2011-09-26,2,3.29,0.0,0
UCI_22961,2011-09-27,54,1.65,0.0,0
UCI_22961,2011-09-28,43,1.58,0.0,0
UCI_22961,2011-09-29,67,1.53,0.0,0
UCI_22961,2011-09-30,16,1.91,0.0,0
UCI_22961,2011-10-02,24,1.45,0.0,0
UCI_22961,2011-10-03,17,1.99,0.0,0
UCI_22961,2011-10-04,16,1.68,0.0,0
UCI_22961,2011-10-05,61,1.48,0.0,0
UCI_22961,2011-10-06,196,1.35,0.0,0
UCI_22961,2011-10-07,217,1.28,0.0,0
UCI_22961,2011-10-09,6,1.45,0.0,0
UCI_22961,2011-10-10,34,1.77,0.0,0
UCI_22961,2011-10-11,234,1.33,0.0,0
UCI_22961,2011-10-12,37,1.6,0.0,0
UCI_22961,2011-10-13,43,1.71,0.0,0
UCI_22961,2011-10-14,77,1.57,0.0,0
UCI_22961,2011-10-16,52,1.45,0.0,0
UCI_22961,2011-10-17,162,1.52,0.0,0
UCI_22961,2011-10-18,20,2.19,0.0,0
UCI_22961,2011-10-19,36,1.6,0.0,0
UCI_22961,2011-10-20,24,1.45,0.0,0
UCI_22961,2011-10-21,12,1.45,0.0,0
UCI_22961,2011-10-23,36,1.45,0.0,0
UCI_22961,2011-10-24,16,2.94,0.0,0
UCI_22961,2011-10-25,51,1.56,0.0,0
UCI_22961,2011-10-26,4,3.29,0.0,0
UCI_22961,2011-10-27,50,1.52,0.0,0
UCI_22961,2011-10-28,36,1.45,0.0,0
UCI_22961,2011-10-30,5,1.45,0.0,0
UCI_22961,2011-10-31,129,1.77,0.0,0
UCI_22961,2011-11-01,108,1.27,0.0,0
UCI_22961,2011-11-02,29,1.77,0.0,0
UCI_22961,2011-11-03,30,1.63,0.0,0
UCI_22961,2011-11-04,26,1.59,0.0,0
UCI_22961,2011-11-06,38,1.45,0.0,0
UCI_22961,2011-11-07,97,3.64,0.0,0
UCI_22961,2011-11-08,40,2.14,0.0,0
UCI_22961,2011-11-09,26,2.16,0.0,0
UCI_22961,2011-11-10,79,1.61,0.0,0
UCI_22961,2011-11-11,8,3.29,0.0,0
UCI_22961,2011-11-13,39,1.59,0.0,0
UCI_22961,2011-11-14,149,3.42,0.0,0
UCI_22961,2011-11-15,23,2.17,0.0,0
UCI_22961,2011-11-16,38,2.13,0.0,0
UCI_22961,2011-11-17,103,1.58,0.0,0
UCI_22961,2011-11-18,38,1.55,0.0,0
UCI_22961,2011-11-20,4,3.29,0.0,0
UCI_22961,2011-11-21,200,1.29,0.0,0
UCI_22961,2011-11-22,17,3.29,0.0,0
UCI_22961,2011-11-23,163,1.55,0.0,0
UCI_22961,2011-11-24,91,1.77,0.0,0
UCI_22961,2011-11-25,35,2.4,0.0,0
UCI_22961,2011-11-27,9,1.45,0.0,0
UCI_22961,2011-11-28,52,2.44,0.0,0
UCI_22961,2011-11-29,60,2.09,0.0,0
UCI_22961,2011-11-30,72,1.76,0.0,0
UCI_22961,2011-12-01,33,2.29,0.0,0
UCI_22961,2011-12-02,48,2.1,0.0,0
UCI_22961,2011-12-04,4,1.45,0.0,0
UCI_22961,2011-12-05,102,2.62,0.0,0
UCI_22961,2011-12-06,36,2.06,0.0,0
UCI_22961,2011-12-07,699,1.41,0.0,0
UCI_22961,2011-12-08,81,2.25,0.0,0
UCI_22961,2011-12-09,13,3.29,0.0,0
UCI_23084,2011-05-10,2,2.08,0.0,0
UCI_23084,2011-05-11,209,1.84,0.0,0
UCI_23084,2011-05-12,101,1.94,0.0,0
UCI_23084,2011-05-13,28,2.08,0.0,0
UCI_23084,2011-05-15,4,2.08,0.0,0
UCI_23084,2011-05-16,37,2.47,0.0,0
UCI_23084,2011-05-17,79,2.11,0.0,0
UCI_23084,2011-05-18,50,2.02,0.0,0
UCI_23084,2011-05-19,48,2.21,0.0,0
UCI_23084,2011-05-20,12,2.08,0.0,0
UCI_23084,2011-05-22,30,1.85,0.0,0
UCI_23084,2011-05-23,8,2.08,0.0,0
UCI_23084,2011-05-24,60,2.13,0.0,0
UCI_23084,2011-05-25,80,1.93,0.0,0
UCI_23084,2011-05-26,263,2.08,0.0,0
UCI_23084,2011-05-27,33,2.14,0.0,0
UCI_23084,2011-05-29,10,2.08,0.0,0
UCI_23084,2011-05-31,76,1.89,0.0,0
UCI_23084,2011-06-01,40,2.26,0.0,0
UCI_23084,2011-06-02,17,2.44,0.0,0
UCI_23084,2011-06-03,1,4.13,0.0,0
UCI_23084,2011-06-06,2,4.13,0.0,0
UCI_23084,2011-06-08,10,2.08,0.0,0
UCI_23084,2011-06-09,170,2.0,0.0,0
UCI_23084,2011-06-10,15,2.08,0.0,0
UCI_23084,2011-06-12,2,2.08,0.0,0
UCI_23084,2011-06-13,62,1.86,0.0,0
UCI_23084,2011-06-14,3,3.45,0.0,0
UCI_23084,2011-06-15,390,1.79,0.0,0
UCI_23084,2011-06-16,38,2.0,0.0,0
UCI_23084,2011-06-17,78,1.9,0.0,0
UCI_23084,2011-06-19,71,1.88,0.0,0
UCI_23084,2011-06-20,101,2.18,0.0,0
UCI_23084,2011-06-21,31,1.86,0.0,0
UCI_23084,2011-06-22,375,1.8,0.0,0
UCI_23084,2011-06-23,27,2.46,0.0,0
UCI_23084,2011-06-24,84,1.83,0.0,0
UCI_23084,2011-06-26,33,1.87,0.0,0
UCI_23084,2011-06-27,15,2.22,0.0,0
UCI_23084,2011-06-28,2,4.13,0.0,0
UCI_23084,2011-06-29,49,2.98,0.0,0
UCI_23084,2011-06-30,97,1.86,0.0,0
UCI_23084,2011-07-01,8,2.59,0.0,0
UCI_23084,2011-07-03,3,2.08,0.0,0
UCI_23084,2011-07-04,84,2.12,0.0,0
UCI_23084,2011-07-05,13,4.13,0.0,0
UCI_23084,2011-07-06,25,2.41,0.0,0
UCI_23084,2011-07-07,2,4.13,0.0,0
UCI_23084,2011-07-08,2,4.13,0.0,0
UCI_23084,2011-07-10,14,2.08,0.0,0
UCI_23084,2011-07-11,2,3.1,0.0,0
UCI_23084,2011-07-12,2,4.13,0.0,0
UCI_23084,2011-07-13,120,1.79,0.0,0
UCI_23084,2011-07-14,3,2.76,0.0,0
UCI_23084,2011-07-15,1,4.13,0.0,0
UCI_23084,2011-07-21,2,4.13,0.0,0
UCI_23084,2011-07-26,1,4.13,0.0,0
UCI_23084,2011-07-27,9,4.13,0.0,0
UCI_23084,2011-07-28,2,4.13,0.0,0
UCI_23084,2011-07-29,1,4.13,0.0,0
UCI_23084,2011-08-01,2,4.13,0.0,0
UCI_23084,2011-08-02,1,4.13,0.0,0
UCI_23084,2011-08-04,3,4.13,0.0,0
UCI_23084,2011-08-09,1,4.13,0.0,0
UCI_23084,2011-08-10,2,3.1,0.0,0
UCI_23084,2011-08-11,7,4.13,0.0,0
UCI_23084,2011-08-17,1,4.13,0.0,0
UCI_23084,2011-08-24,7,2.96,0.0,0
UCI_23084,2011-08-25,2,4.13,0.0,0
UCI_23084,2011-08-26,480,2.08,0.0,0
UCI_23084,2011-08-28,279,1.81,0.0,0
UCI_23084,2011-08-30,273,1.87,0.0,0
UCI_23084,2011-08-31,789,1.81,0.0,0
UCI_23084,2011-09-01,78,1.9,0.0,0
UCI_23084,2011-09-02,21,3.45,0.0,0
UCI_23084,2011-09-05,2,4.13,0.0,0
UCI_23084,2011-09-07,6,4.13,0.0,0
UCI_23084,2011-09-09,2,4.13,0.0,0
UCI_23084,2011-09-12,4,4.13,0.0,0
UCI_23084,2011-09-13,2,4.13,0.0,0
UCI_23084,2011-09-15,5,4.13,0.0,0
UCI_23084,2011-09-16,2,4.13,0.0,0
UCI_23084,2011-09-20,7,4.13,0.0,0
UCI_23084,2011-09-21,3,4.13,0.0,0
UCI_23084,2011-09-22,9,4.13,0.0,0
UCI_23084,2011-09-23,16,4.13,0.0,0
UCI_23084,2011-09-26,18,4.13,0.0,0
UCI_23084,2011-09-27,10,4.13,0.0,0
UCI_23084,2011-09-28,24,4.13,0.0,0
UCI_23084,2011-09-30,6,4.13,0.0,0
UCI_23084,2011-10-03,365,1.82,0.0,0
UCI_23084,2011-10-04,5,4.13,0.0,0
UCI_23084,2011-10-05,2,4.13,0.0,0
UCI_23084,2011-10-06,1,4.13,0.0,0
UCI_23084,2011-10-10,2,4.13,0.0,0
UCI_23084,2011-10-11,1,2.08,0.0,0
UCI_23084,2011-10-18,14,4.13,0.0,0
UCI_23084,2011-10-26,1157,1.8,0.0,0
UCI_23084,2011-10-27,2647,2.06,0.0,0
UCI_23084,2011-10-28,1469,1.79,0.0,0
UCI_23084,2011-10-30,320,1.82,0.0,0
UCI_23084,2011-10-31,340,2.21,0.0,0
UCI_23084,2011-11-01,343,1.86,0.0,0
UCI_23084,2011-11-02,613,2.01,0.0,0
UCI_23084,2011-11-03,464,1.88,0.0,0
UCI_23084,2011-11-04,554,1.95,0.0,0
UCI_23084,2011-11-06,351,1.88,0.0,0
UCI_23084,2011-11-07,911,4.05,0.0,0
UCI_23084,2011-11-08,288,2.59,0.0,0
UCI_23084,2011-11-09,466,1.92,0.0,0
UCI_23084,2011-11-10,376,2.06,0.0,0
UCI_23084,2011-11-11,494,2.44,0.0,0
UCI_23084,2011-11-13,85,1.95,0.0,0
UCI_23084,2011-11-14,686,4.04,0.0,0
UCI_23084,2011-11-15,1697,1.97,0.0,0
UCI_23084,2011-11-16,495,2.3,0.0,0
UCI_23084,2011-11-17,726,1.91,0.0,0
UCI_23084,2011-11-18,588,3.18,0.0,0
UCI_23084,2011-11-20,85,2.0,0.0,0
UCI_23084,2011-11-21,149,2.34,0.0,0
UCI_23084,2011-11-22,667,2.21,0.0,0
UCI_23084,2011-11-23,411,2.07,0.0,0
UCI_23084,2011-11-24,252,2.41,0.0,0
UCI_23084,2011-11-25,546,2.14,0.0,0
UCI_23084,2011-11-27,315,2.08,0.0,0
UCI_23084,2011-11-28,381,2.39,0.0,0
UCI_23084,2011-11-29,2562,1.93,0.0,0
UCI_23084,2011-11-30,408,2.17,0.0,0
UCI_23084,2011-12-01,593,2.02,0.0,0
UCI_23084,2011-12-02,321,2.57,0.0,0
UCI_23084,2011-12-04,187,2.62,0.0,0
UCI_23084,2011-12-05,366,2.86,0.0,0
UCI_23084,2011-12-06,270,2.62,0.0,0
UCI_23084,2011-12-07,1819,1.8,0.0,0
UCI_23084,2011-12-08,574,2.64,0.0,0
UCI_23084,2011-12-09,174,3.28,0.0,0
UCI_23166,2011-01-18,74215,1.04,0.0,0
UCI_23166,2011-05-12,108,1.06,0.0,0
UCI_23166,2011-05-13,84,1.13,0.0,0
UCI_23166,2011-05-16,87,1.18,0.0,0
UCI_23166,2011-05-18,253,1.06,0.0,0
UCI_23166,2011-05-19,14,1.25,0.0,0
UCI_23166,2011-05-20,12,1.25,0.0,0
UCI_23166,2011-05-22,27,1.25,0.0,0
UCI_23166,2011-05-23,99,1.05,0.0,0
UCI_23166,2011-05-24,16,1.55,0.0,0
UCI_23166,2011-05-25,28,1.25,0.0,0
UCI_23166,2011-05-26,12,1.25,0.0,0
UCI_23166,2011-05-27,60,1.08,0.0,0
UCI_23166,2011-05-31,1,2.46,0.0,0
UCI_23166,2011-06-02,12,1.25,0.0,0
UCI_23166,2011-06-03,12,1.25,0.0,0
UCI_23166,2011-06-05,42,1.25,0.0,0
UCI_23166,2011-06-06,14,1.42,0.0,0
UCI_23166,2011-06-07,12,1.25,0.0,0
UCI_23166,2011-06-08,14,1.42,0.0,0
UCI_23166,2011-06-09,24,1.25,0.0,0
UCI_23166,2011-06-10,60,1.08,0.0,0
UCI_23166,2011-06-12,21,1.25,0.0,0
UCI_23166,2011-06-13,12,1.25,0.0,0
UCI_23166,2011-06-15,108,1.06,0.0,0
UCI_23166,2011-06-16,5,1.25,0.0,0
UCI_23166,2011-06-20,13,1.34,0.0,0
UCI_23166,2011-06-22,32,1.25,0.0,0
UCI_23166,2011-06-23,7,1.42,0.0,0
UCI_23166,2011-06-26,2,1.25,0.0,0
UCI_23166,2011-06-27,4,1.25,0.0,0
UCI_23166,2011-06-30,3,1.25,0.0,0
UCI_23166,2011-07-04,7,1.94,0.0,0
UCI_23166,2011-07-05,49,1.07,0.0,0
UCI_23166,2011-07-06,25,1.3,0.0,0
UCI_23166,2011-07-07,1,2.46,0.0,0
UCI_23166,2011-07-11,4,1.86,0.0,0
UCI_23166,2011-07-12,16,1.25,0.0,0
UCI_23166,2011-07-13,60,1.08,0.0,0
UCI_23166,2011-07-15,14,1.42,0.0,0
UCI_23166,2011-07-19,1,1.25,0.0,0
UCI_23166,2011-07-21,48,1.04,0.0,0
UCI_23166,2011-07-24,144,1.04,0.0,0
UCI_23166,2011-07-26,1,2.46,0.0,0
UCI_23166,2011-07-27,12,1.25,0.0,0
UCI_23166,2011-07-28,60,1.08,0.0,0
UCI_23166,2011-07-31,289,1.25,0.0,0
UCI_23166,2011-08-01,27,1.25,0.0,0
UCI_23166,2011-08-02,41,1.25,0.0,0
UCI_23166,2011-08-03,16,1.25,0.0,0
UCI_23166,2011-08-04,44,1.47,0.0,0
UCI_23166,2011-08-09,24,1.25,0.0,0
UCI_23166,2011-08-10,14,1.25,0.0,0
UCI_23166,2011-08-11,16,1.55,0.0,0
UCI_23166,2011-08-12,5,1.49,0.0,0
UCI_23166,2011-08-15,9,1.25,0.0,0
UCI_23166,2011-08-18,108,1.06,0.0,0
UCI_23166,2011-08-19,24,1.25,0.0,0
UCI_23166,2011-08-22,12,1.25,0.0,0
UCI_23166,2011-08-23,25,1.25,0.0,0
UCI_23166,2011-08-24,13,1.34,0.0,0
UCI_23166,2011-08-25,3,2.46,0.0,0
UCI_23166,2011-08-26,24,1.25,0.0,0
UCI_23166,2011-08-28,5,1.25,0.0,0
UCI_23166,2011-08-30,17,1.61,0.0,0
UCI_23166,2011-09-02,1,2.46,0.0,0
UCI_23166,2011-09-04,6,1.25,0.0,0
UCI_23166,2011-09-05,21,1.42,0.0,0
UCI_23166,2011-09-06,96,1.04,0.0,0
UCI_23166,2011-09-09,12,1.25,0.0,0
UCI_23166,2011-09-12,12,1.25,0.0,0
UCI_23166,2011-09-15,1,1.25,0.0,0
UCI_23166,2011-09-16,24,1.25,0.0,0
UCI_23166,2011-09-18,2,1.25,0.0,0
UCI_23166,2011-09-19,24,1.25,0.0,0
UCI_23166,2011-09-20,15,1.25,0.0,0
UCI_23166,2011-09-22,52,1.06,0.0,0
UCI_23166,2011-09-25,1,1.25,0.0,0
UCI_23166,2011-09-26,12,1.25,0.0,0
UCI_23166,2011-09-27,12,1.25,0.0,0
UCI_23166,2011-09-28,55,1.25,0.0,0
UCI_23166,2011-10-03,12,1.25,0.0,0
UCI_23166,2011-10-04,1,2.46,0.0,0
UCI_23166,2011-10-07,29,1.33,0.0,0
UCI_23166,2011-10-10,24,1.25,0.0,0
UCI_23166,2011-10-12,52,1.15,0.0,0
UCI_23166,2011-10-13,6,1.25,0.0,0
UCI_23166,2011-10-17,13,1.34,0.0,0
UCI_23166,2011-10-18,17,1.25,0.0,0
UCI_23166,2011-10-19,2,1.25,0.0,0
UCI_23166,2011-10-20,24,1.25,0.0,0
UCI_23166,2011-10-23,1,1.25,0.0,0
UCI_23166,2011-10-24,18,1.25,0.0,0
UCI_23166,2011-10-25,6,1.25,0.0,0
UCI_23166,2011-10-27,17,1.61,0.0,0
UCI_23166,2011-10-30,22,1.25,0.0,0
UCI_23166,2011-10-31,6,1.65,0.0,0
UCI_23166,2011-11-01,1,1.25,0.0,0
UCI_23166,2011-11-04,24,1.25,0.0,0
UCI_23166,2011-11-06,2,1.25,0.0,0
UCI_23166,2011-11-07,4,1.25,0.0,0
UCI_23166,2011-11-08,9,1.52,0.0,0
UCI_23166,2011-11-09,2,2.46,0.0,0
UCI_23166,2011-11-11,58,1.28,0.0,0
UCI_23166,2011-11-13,12,1.25,0.0,0
UCI_23166,2011-11-14,1,2.46,0.0,0
UCI_23166,2011-11-15,3,1.25,0.0,0
UCI_23166,2011-11-16,10,1.25,0.0,0
UCI_23166,2011-11-17,6,1.25,0.0,0
UCI_23166,2011-11-18,16,1.4,0.0,0
UCI_23166,2011-11-21,264,1.1,0.0,0
UCI_23166,2011-11-22,96,1.14,0.0,0
UCI_23166,2011-11-24,48,1.04,0.0,0
UCI_23166,2011-11-25,6,2.26,0.0,0
UCI_23166,2011-11-27,8,1.25,0.0,0
UCI_23166,2011-11-28,16,1.4,0.0,0
UCI_23166,2011-11-29,12,1.45,0.0,0
UCI_23166,2011-11-30,61,1.08,0.0,0
UCI_23166,2011-12-01,25,1.3,0.0,0
UCI_23166,2011-12-02,5,2.46,0.0,0
UCI_23166,2011-12-05,117,1.17,0.0,0
UCI_23166,2011-12-06,5,1.25,0.0,0
UCI_23166,2011-12-07,2,1.25,0.0,0
UCI_23166,2011-12-08,3,2.46,0.0,0
UCI_23166,2011-12-09,50,1.1,0.0,0
UCI_23199,2011-04-11,10,2.08,0.0,0
UCI_23199,2011-04-12,30,2.08,0.0,0
UCI_23199,2011-04-13,210,1.74,0.0,0
UCI_23199,2011-04-14,343,1.74,0.0,0
UCI_23199,2011-04-15,120,1.84,0.0,0
UCI_23199,2011-04-17,20,2.08,0.0,0
UCI_23199,2011-04-18,24,2.25,0.0,0
UCI_23199,2011-04-19,137,1.94,0.0,0
UCI_23199,2011-04-20,193,1.93,0.0,0
UCI_23199,2011-04-21,26,2.27,0.0,0
UCI_23199,2011-04-26,44,2.14,0.0,0
UCI_23199,2011-04-27,131,1.96,0.0,0
UCI_23199,2011-04-28,44,2.14,0.0,0
UCI_23199,2011-05-01,80,2.08,0.0,0
UCI_23199,2011-05-03,228,1.88,0.0,0
UCI_23199,2011-05-04,54,2.08,0.0,0
UCI_23199,2011-05-05,35,2.26,0.0,0
UCI_23199,2011-05-06,74,2.14,0.0,0
UCI_23199,2011-05-08,86,2.06,0.0,0
UCI_23199,2011-05-09,48,2.25,0.0,0
UCI_23199,2011-05-10,355,1.88,0.0,0
UCI_23199,2011-05-11,158,1.91,0.0,0
UCI_23199,2011-05-12,151,1.88,0.0,0
UCI_23199,2011-05-13,91,2.07,0.0,0
UCI_23199,2011-05-15,15,2.08,0.0,0
UCI_23199,2011-05-16,43,2.22,0.0,0
UCI_23199,2011-05-17,40,2.36,0.0,0
UCI_23199,2011-05-18,26,2.3,0.0,0
UCI_23199,2011-05-19,36,2.1,0.0,0
UCI_23199,2011-05-20,210,1.67,0.0,0
UCI_23199,2011-05-22,13,2.08,0.0,0
UCI_23199,2011-05-23,53,2.12,0.0,0
UCI_23199,2011-05-24,72,2.19,0.0,0
UCI_23199,2011-05-25,56,2.23,0.0,0
UCI_23199,2011-05-26,237,1.84,0.0,0
UCI_23199,2011-05-27,41,2.05,0.0,0
UCI_23199,2011-05-29,10,2.08,0.0,0
UCI_23199,2011-05-31,22,2.08,0.0,0
UCI_23199,2011-06-01,8,4.13,0.0,0
UCI_23199,2011-06-02,182,1.97,0.0,0
UCI_23199,2011-06-03,22,2.08,0.0,0
UCI_23199,2011-06-05,145,1.88,0.0,0
UCI_23199,2011-06-06,23,2.26,0.0,0
UCI_23199,2011-06-07,51,2.36,0.0,0
UCI_23199,2011-06-08,152,2.12,0.0,0
UCI_23199,2011-06-09,41,2.23,0.0,0
UCI_23199,2011-06-10,8,3.36,0.0,0
UCI_23199,2011-06-12,15,1.99,0.0,0
UCI_23199,2011-06-13,58,2.19,0.0,0
UCI_23199,2011-06-14,20,2.7,0.0,0
UCI_23199,2011-06-15,51,2.4,0.0,0
UCI_23199,2011-06-16,112,1.8,0.0,0
UCI_23199,2011-06-17,110,1.82,0.0,0
UCI_23199,2011-06-20,36,2.36,0.0,0
UCI_23199,2011-06-21,112,1.82,0.0,0
UCI_23199,2011-06-22,150,1.89,0.0,0
UCI_23199,2011-06-23,27,2.08,0.0,0
UCI_23199,2011-06-24,41,2.13,0.0,0
UCI_23199,2011-06-27,29,2.08,0.0,0
UCI_23199,2011-06-28,218,1.81,0.0,0
UCI_23199,2011-06-29,33,2.27,0.0,0
UCI_23199,2011-06-30,118,1.85,0.0,0
UCI_23199,2011-07-01,21,2.08,0.0,0
UCI_23199,2011-07-03,15,2.08,0.0,0
UCI_23199,2011-07-04,26,2.47,0.0,0
UCI_23199,2011-07-05,53,2.39,0.0,0
UCI_23199,2011-07-06,144,1.95,0.0,0
UCI_23199,2011-07-07,61,2.1,0.0,0
UCI_23199,2011-07-08,55,3.01,0.0,0
UCI_23199,2011-07-10,4,2.08,0.0,0
UCI_23199,2011-07-11,12,2.25,0.0,0
UCI_23199,2011-07-12,16,2.85,0.0,0
UCI_23199,2011-07-13,40,2.39,0.0,0
UCI_23199,2011-07-14,14,2.08,0.0,0
UCI_23199,2011-07-15,10,2.08,0.0,0
UCI_23199,2011-07-17,102,1.8,0.0,0
UCI_23199,2011-07-18,48,2.59,0.0,0
UCI_23199,2011-07-19,90,1.89,0.0,0
UCI_23199,2011-07-20,159,1.95,0.0,0
UCI_23199,2011-07-21,77,2.48,0.0,0
UCI_23199,2011-07-22,20,2.08,0.0,0
UCI_23199,2011-07-24,45,2.08,0.0,0
UCI_23199,2011-07-25,98,2.1,0.0,0
UCI_23199,2011-07-26,9,2.54,0.0,0
UCI_23199,2011-07-27,124,1.91,0.0,0
UCI_23199,2011-07-28,51,2.12,0.0,0
UCI_23199,2011-07-29,66,2.14,0.0,0
UCI_23199,2011-07-31,36,2.01,0.0,0
UCI_23199,2011-08-01,255,1.87,0.0,0
UCI_23199,2011-08-02,31,2.15,0.0,0
UCI_23199,2011-08-03,45,2.13,0.0,0
UCI_23199,2011-08-04,321,1.84,0.0,0
UCI_23199,2011-08-05,6,2.08,0.0,0
UCI_23199,2011-08-07,2,2.08,0.0,0
UCI_23199,2011-08-08,26,2.32,0.0,0
UCI_23199,2011-08-09,214,1.81,0.0,0
UCI_23199,2011-08-10,152,1.92,0.0,0
UCI_23199,2011-08-11,64,3.14,0.0,0
UCI_23199,2011-08-12,21,2.18,0.0,0
UCI_23199,2011-08-14,9,2.08,0.0,0
UCI_23199,2011-08-15,66,2.08,0.0,0
UCI_23199,2011-08-16,7,2.08,0.0,0
UCI_23199,2011-08-17,26,2.16,0.0,0
UCI_23199,2011-08-18,253,1.83,0.0,0
UCI_23199,2011-08-19,80,2.08,0.0,0
UCI_23199,2011-08-21,232,1.83,0.0,0
UCI_23199,2011-08-22,90,2.08,0.0,0
UCI_23199,2011-08-23,37,2.08,0.0,0
UCI_23199,2011-08-24,1054,1.86,0.0,0
UCI_23199,2011-08-25,40,2.08,0.0,0
UCI_23199,2011-08-26,32,2.08,0.0,0
UCI_23199,2011-08-28,12,2.08,0.0,0
UCI_23199,2011-08-30,13,4.13,0.0,0
UCI_23199,2011-08-31,131,2.03,0.0,0
UCI_23199,2011-09-01,26,2.08,0.0,0
UCI_23199,2011-09-02,68,2.62,0.0,0
UCI_23199,2011-09-04,22,2.08,0.0,0
UCI_23199,2011-09-05,76,2.11,0.0,0
UCI_23199,2011-09-06,21,2.08,0.0,0
UCI_23199,2011-09-07,81,2.74,0.0,0
UCI_23199,2011-09-08,4,2.08,0.0,0
UCI_23199,2011-09-09,26,2.55,0.0,0
UCI_23199,2011-09-11,26,2.08,0.0,0
UCI_23199,2011-09-12,38,2.3,0.0,0
UCI_23199,2011-09-13,167,2.05,0.0,0
UCI_23199,2011-09-14,11,2.08,0.0,0
UCI_23199,2011-09-15,160,2.39,0.0,0
UCI_23199,2011-09-16,28,2.67,0.0,0
UCI_23199,2011-09-18,109,1.81,0.0,0
UCI_23199,2011-09-19,50,2.08,0.0,0
UCI_23199,2011-09-20,28,3.4,0.0,0
UCI_23199,2011-09-21,25,2.33,0.0,0
UCI_23199,2011-09-22,154,1.84,0.0,0
UCI_23199,2011-09-23,13,3.97,0.0,0
UCI_23199,2011-09-25,30,2.08,0.0,0
UCI_23199,2011-09-27,33,2.76,0.0,0
UCI_23199,2011-09-28,37,2.58,0.0,0
UCI_23199,2011-09-29,166,1.91,0.0,0
UCI_23199,2011-09-30,43,2.6,0.0,0
UCI_23199,2011-10-02,4,2.08,0.0,0
UCI_23199,2011-10-03,24,2.2,0.0,0
UCI_23199,2011-10-04,36,2.99,0.0,0
UCI_23199,2011-10-05,60,2.08,0.0,0
UCI_23199,2011-10-06,570,1.82,0.0,0
UCI_23199,2011-10-07,9,2.31,0.0,0
UCI_23199,2011-10-09,7,2.08,0.0,0
UCI_23199,2011-10-10,33,3.51,0.0,0
UCI_23199,2011-10-11,25,2.24,0.0,0
UCI_23199,2011-10-12,13,2.4,0.0,0
UCI_23199,2011-10-13,54,2.57,0.0,0
UCI_23199,2011-10-14,19,2.19,0.0,0
UCI_23199,2011-10-16,4,2.08,0.0,0
UCI_23199,2011-10-17,354,1.87,0.0,0
UCI_23199,2011-10-18,33,2.14,0.0,0
UCI_23199,2011-10-19,39,2.92,0.0,0
UCI_23199,2011-10-20,112,1.82,0.0,0
UCI_23199,2011-10-21,15,2.08,0.0,0
UCI_23199,2011-10-23,3,2.08,0.0,0
UCI_23199,2011-10-24,221,2.0,0.0,0
UCI_23199,2011-10-25,30,2.08,0.0,0
UCI_23199,2011-10-26,30,3.45,0.0,0
UCI_23199,2011-10-28,2,2.08,0.0,0
UCI_23199,2011-10-30,12,2.08,0.0,0
UCI_23199,2011-10-31,21,3.64,0.0,0
UCI_23199,2011-11-01,31,2.08,0.0,0
UCI_23199,2011-11-02,24,2.85,0.0,0
UCI_23199,2011-11-03,1,4.13,0.0,0
UCI_23199,2011-11-04,14,2.67,0.0,0
UCI_23199,2011-11-06,10,2.08,0.0,0
UCI_23199,2011-11-07,39,2.66,0.0,0
UCI_23199,2011-11-08,84,2.57,0.0,0
UCI_23199,2011-11-09,465,1.84,0.0,0
UCI_23199,2011-11-10,47,2.17,0.0,0
UCI_23199,2011-11-11,12,2.59,0.0,0
UCI_23199,2011-11-13,39,2.76,0.0,0
UCI_23199,2011-11-14,204,1.8,0.0,0
UCI_23199,2011-11-15,26,2.32,0.0,0
UCI_23199,2011-11-16,44,2.92,0.0,0
UCI_23199,2011-11-17,71,2.4,0.0,0
UCI_23199,2011-11-18,11,2.08,0.0,0
UCI_23199,2011-11-20,32,4.0,0.0,0
UCI_23199,2011-11-21,30,2.08,0.0,0
UCI_23199,2011-11-22,123,1.89,0.0,0
UCI_23199,2011-11-23,21,3.93,0.0,0
UCI_23199,2011-11-24,67,2.14,0.0,0
UCI_23199,2011-11-25,26,3.89,0.0,0
UCI_23199,2011-11-27,8,2.08,0.0,0
UCI_23199,2011-11-28,19,3.81,0.0,0
UCI_23199,2011-11-29,38,3.05,0.0,0
UCI_23199,2011-11-30,67,2.66,0.0,0
UCI_23199,2011-12-01,51,2.08,0.0,0
UCI_23199,2011-12-02,14,2.67,0.0,0
UCI_23199,2011-12-04,32,2.08,0.0,0
UCI_23199,2011-12-05,12,3.96,0.0,0
UCI_23199,2011-12-06,23,2.08,0.0,0
UCI_23199,2011-12-07,30,2.56,0.0,0
UCI_23199,2011-12-08,30,2.76,0.0,0
UCI_23199,2011-12-09,48,2.24,0.0,0
UCI_23203,2011-05-06,20,2.08,0.0,0
UCI_23203,2011-05-08,100,2.08,0.0,0
UCI_23203,2011-05-09,82,2.16,0.0,0
UCI_23203,2011-05-10,41,2.02,0.0,0
UCI_23203,2011-05-11,286,1.77,0.0,0
UCI_23203,2011-05-12,176,1.81,0.0,0
UCI_23203,2011-05-13,303,1.88,0.0,0
UCI_23203,2011-05-15,18,2.08,0.0,0
UCI_23203,2011-05-16,274,1.89,0.0,0
UCI_23203,2011-05-17,74,2.05,0.0,0
UCI_23203,2011-05-18,181,1.89,0.0,0
UCI_23203,2011-05-19,215,2.04,0.0,0
UCI_23203,2011-05-20,263,1.74,0.0,0
UCI_23203,2011-05-22,40,2.01,0.0,0
UCI_23203,2011-05-23,49,2.36,0.0,0
UCI_23203,2011-05-24,51,2.2,0.0,0
UCI_23203,2011-05-25,87,2.15,0.0,0
UCI_23203,2011-05-26,30,2.04,0.0,0
UCI_23203,2011-05-27,120,1.83,0.0,0
UCI_23203,2011-05-29,10,2.08,0.0,0
UCI_23203,2011-05-31,41,2.13,0.0,0
UCI_23203,2011-06-01,36,2.42,0.0,0
UCI_23203,2011-06-02,66,1.95,0.0,0
UCI_23203,2011-06-03,34,2.08,0.0,0
UCI_23203,2011-06-05,290,1.88,0.0,0
UCI_23203,2011-06-06,52,2.06,0.0,0
UCI_23203,2011-06-07,57,2.22,0.0,0
UCI_23203,2011-06-08,35,2.37,0.0,0
UCI_23203,2011-06-09,63,2.15,0.0,0
UCI_23203,2011-06-10,20,2.28,0.0,0
UCI_23203,2011-06-12,17,2.0,0.0,0
UCI_23203,2011-06-13,112,2.07,0.0,0
UCI_23203,2011-06-14,55,2.23,0.0,0
UCI_23203,2011-06-15,296,1.88,0.0,0
UCI_23203,2011-06-16,143,2.14,0.0,0
UCI_23203,2011-06-17,141,1.87,0.0,0
UCI_23203,2011-06-19,33,2.08,0.0,0
UCI_23203,2011-06-20,45,2.26,0.0,0
UCI_23203,2011-06-21,23,2.17,0.0,0
UCI_23203,2011-06-22,110,1.82,0.0,0
UCI_23203,2011-06-23,84,2.2,0.0,0
UCI_23203,2011-06-24,42,2.12,0.0,0
UCI_23203,2011-06-27,38,2.13,0.0,0
UCI_23203,2011-06-28,135,1.87,0.0,0
UCI_23203,2011-06-29,40,2.08,0.0,0
UCI_23203,2011-06-30,25,2.08,0.0,0
UCI_23203,2011-07-01,20,2.01,0.0,0
UCI_23203,2011-07-04,21,2.37,0.0,0
UCI_23203,2011-07-05,100,2.09,0.0,0
UCI_23203,2011-07-06,90,2.15,0.0,0
UCI_23203,2011-07-07,65,2.11,0.0,0
UCI_23203,2011-07-08,93,2.08,0.0,0
UCI_23203,2011-07-10,6,2.08,0.0,0
UCI_23203,2011-07-11,11,2.08,0.0,0
UCI_23203,2011-07-12,41,2.13,0.0,0
UCI_23203,2011-07-13,75,2.11,0.0,0
UCI_23203,2011-07-14,153,1.89,0.0,0
UCI_23203,2011-07-15,4,3.1,0.0,0
UCI_23203,2011-07-17,157,1.88,0.0,0
UCI_23203,2011-07-18,94,2.13,0.0,0
UCI_23203,2011-07-19,21,2.08,0.0,0
UCI_23203,2011-07-20,186,1.95,0.0,0
UCI_23203,2011-07-21,70,2.08,0.0,0
UCI_23203,2011-07-22,36,2.08,0.0,0
UCI_23203,2011-07-24,366,1.84,0.0,0
UCI_23203,2011-07-25,77,2.16,0.0,0
UCI_23203,2011-07-26,43,2.08,0.0,0
UCI_23203,2011-07-27,73,2.08,0.0,0
UCI_23203,2011-07-28,160,1.9,0.0,0
UCI_23203,2011-07-29,234,1.96,0.0,0
UCI_23203,2011-07-31,6,2.08,0.0,0
UCI_23203,2011-08-01,247,1.88,0.0,0
UCI_23203,2011-08-02,70,2.08,0.0,0
UCI_23203,2011-08-03,46,2.17,0.0,0
UCI_23203,2011-08-04,769,1.82,0.0,0
UCI_23203,2011-08-05,46,2.08,0.0,0
UCI_23203,2011-08-07,33,2.08,0.0,0
UCI_23203,2011-08-08,27,2.46,0.0,0
UCI_23203,2011-08-09,560,1.82,0.0,0
UCI_23203,2011-08-10,51,2.08,0.0,0
UCI_23203,2011-08-11,571,1.83,0.0,0
UCI_23203,2011-08-12,77,2.27,0.0,0
UCI_23203,2011-08-14,22,2.08,0.0,0
UCI_23203,2011-08-15,89,2.08,0.0,0
UCI_23203,2011-08-16,47,2.08,0.0,0
UCI_23203,2011-08-17,178,1.92,0.0,0
UCI_23203,2011-08-18,290,1.88,0.0,0
UCI_23203,2011-08-19,100,2.08,0.0,0
UCI_23203,2011-08-21,22,2.08,0.0,0
UCI_23203,2011-08-22,92,2.08,0.0,0
UCI_23203,2011-08-23,274,1.87,0.0,0
UCI_23203,2011-08-24,36,2.08,0.0,0
UCI_23203,2011-08-25,151,1.89,0.0,0
UCI_23203,2011-08-26,44,2.08,0.0,0
UCI_23203,2011-08-28,14,2.08,0.0,0
UCI_23203,2011-08-30,29,3.42,0.0,0
UCI_23203,2011-08-31,221,1.83,0.0,0
UCI_23203,2011-09-01,94,2.08,0.0,0
UCI_23203,2011-09-02,94,2.17,0.0,0
UCI_23203,2011-09-04,22,2.08,0.0,0
UCI_23203,2011-09-05,125,2.16,0.0,0
UCI_23203,2011-09-06,54,2.08,0.0,0
UCI_23203,2011-09-07,209,1.96,0.0,0
UCI_23203,2011-09-08,74,2.16,0.0,0
UCI_23203,2011-09-09,34,2.26,0.0,0
UCI_23203,2011-09-11,27,2.08,0.0,0
UCI_23203,2011-09-12,51,2.08,0.0,0
UCI_23203,2011-09-13,192,1.97,0.0,0
UCI_23203,2011-09-14,30,2.08,0.0,0
UCI_23203,2011-09-15,220,1.97,0.0,0
UCI_23203,2011-09-16,92,2.08,0.0,0
UCI_23203,2011-09-18,110,1.82,0.0,0
UCI_23203,2011-09-19,50,2.08,0.0,0
UCI_23203,2011-09-20,40,2.08,0.0,0
UCI_23203,2011-09-21,351,1.86,0.0,0
UCI_23203,2011-09-22,188,2.04,0.0,0
UCI_23203,2011-09-23,23,2.35,0.0,0
UCI_23203,2011-09-25,122,2.08,0.0,0
UCI_23203,2011-09-26,41,2.08,0.0,0
UCI_23203,2011-09-27,64,2.08,0.0,0
UCI_23203,2011-09-28,311,1.89,0.0,0
UCI_23203,2011-09-29,97,2.12,0.0,0
UCI_23203,2011-09-30,43,2.13,0.0,0
UCI_23203,2011-10-02,13,2.08,0.0,0
UCI_23203,2011-10-03,25,2.16,0.0,0
UCI_23203,2011-10-04,44,2.13,0.0,0
UCI_23203,2011-10-05,561,1.82,0.0,0
UCI_23203,2011-10-06,331,1.89,0.0,0
UCI_23203,2011-10-07,40,2.08,0.0,0
UCI_23203,2011-10-09,40,2.08,0.0,0
UCI_23203,2011-10-10,35,2.14,0.0,0
UCI_23203,2011-10-11,151,1.89,0.0,0
UCI_23203,2011-10-12,40,2.18,0.0,0
UCI_23203,2011-10-13,62,2.08,0.0,0
UCI_23203,2011-10-14,135,1.88,0.0,0
UCI_23203,2011-10-16,1,2.08,0.0,0
UCI_23203,2011-10-17,52,2.12,0.0,0
UCI_23203,2011-10-18,57,2.12,0.0,0
UCI_23203,2011-10-19,47,2.08,0.0,0
UCI_23203,2011-10-20,37,2.08,0.0,0
UCI_23203,2011-10-21,16,2.08,0.0,0
UCI_23203,2011-10-23,10,2.08,0.0,0
UCI_23203,2011-10-24,65,2.11,0.0,0
UCI_23203,2011-10-25,60,2.08,0.0,0
UCI_23203,2011-10-26,11,2.08,0.0,0
UCI_23203,2011-10-27,73,2.08,0.0,0
UCI_23203,2011-10-28,304,1.79,0.0,0
UCI_23203,2011-10-30,43,2.08,0.0,0
UCI_23203,2011-10-31,60,2.42,0.0,0
UCI_23203,2011-11-01,109,2.08,0.0,0
UCI_23203,2011-11-02,71,2.28,0.0,0
UCI_23203,2011-11-03,99,2.12,0.0,0
UCI_23203,2011-11-04,75,2.22,0.0,0
UCI_23203,2011-11-06,81,1.9,0.0,0
UCI_23203,2011-11-07,384,4.88,0.0,0
UCI_23203,2011-11-08,60,2.49,0.0,0
UCI_23203,2011-11-09,893,1.82,0.0,0
UCI_23203,2011-11-10,155,1.89,0.0,0
UCI_23203,2011-11-11,163,1.94,0.0,0
UCI_23203,2011-11-13,58,2.08,0.0,0
UCI_23203,2011-11-14,596,3.05,0.0,0
UCI_23203,2011-11-15,71,2.25,0.0,0
UCI_23203,2011-11-16,97,2.21,0.0,0
UCI_23203,2011-11-17,234,1.9,0.0,0
UCI_23203,2011-11-18,67,2.14,0.0,0
UCI_23203,2011-11-20,53,2.08,0.0,0
UCI_23203,2011-11-21,14,2.08,0.0,0
UCI_23203,2011-11-22,29,2.43,0.0,0
UCI_23203,2011-11-23,222,1.82,0.0,0
UCI_23203,2011-11-24,168,2.14,0.0,0
UCI_23203,2011-11-25,45,2.31,0.0,0
UCI_23203,2011-11-27,42,2.08,0.0,0
UCI_23203,2011-11-28,57,2.19,0.0,0
UCI_23203,2011-11-29,66,2.2,0.0,0
UCI_23203,2011-11-30,78,2.11,0.0,0
UCI_23203,2011-12-01,69,2.23,0.0,0
UCI_23203,2011-12-02,34,2.32,0.0,0
UCI_23203,2011-12-04,32,2.08,0.0,0
UCI_23203,2011-12-05,234,1.86,0.0,0
UCI_23203,2011-12-06,61,2.28,0.0,0
UCI_23203,2011-12-07,188,1.93,0.0,0
UCI_23203,2011-12-08,28,2.67,0.0,0
UCI_23203,2011-12-09,20,2.08,0.0,0
UCI_23843,2011-12-09,80995,2.08,0.0,0
UCI_47566,2010-12-03,11,7.04,0.0,0
UCI_47566,2010-12-05,8,4.65,0.0,0
UCI_47566,2010-12-06,17,7.12,0.0,0
UCI_47566,2010-12-07,4,9.11,0.0,0
UCI_47566,2010-12-08,59,4.15,0.0,0
UCI_47566,2010-12-09,63,4.35,0.0,0
UCI_47566,2010-12-10,2,8.47,0.0,0
UCI_47566,2010-12-12,20,4.65,0.0,0
UCI_47566,2010-12-13,7,5.74,0.0,0
UCI_47566,2010-12-14,10,5.12,0.0,0
UCI_47566,2010-12-16,5,4.65,0.0,0
UCI_47566,2010-12-17,2,8.47,0.0,0
UCI_47566,2010-12-19,5,4.65,0.0,0
UCI_47566,2010-12-20,13,5.24,0.0,0
UCI_47566,2010-12-21,8,8.74,0.0,0
UCI_47566,2010-12-22,3,4.65,0.0,0
UCI_47566,2011-01-04,66,3.89,0.0,0
UCI_47566,2011-01-05,50,3.75,0.0,0
UCI_47566,2011-01-06,18,4.65,0.0,0
UCI_47566,2011-01-07,11,5.34,0.0,0
UCI_47566,2011-01-10,20,4.65,0.0,0
UCI_47566,2011-01-11,16,4.65,0.0,0
UCI_47566,2011-01-12,23,4.65,0.0,0
UCI_47566,2011-01-13,12,5.56,0.0,0
UCI_47566,2011-01-14,14,9.13,0.0,0
UCI_47566,2011-01-17,24,5.26,0.0,0
UCI_47566,2011-01-18,8,6.64,0.0,0
UCI_47566,2011-01-19,5,4.65,0.0,0
UCI_47566,2011-01-20,7,6.05,0.0,0
UCI_47566,2011-01-21,12,5.67,0.0,0
UCI_47566,2011-01-23,13,4.65,0.0,0
UCI_47566,2011-01-24,17,5.37,0.0,0
UCI_47566,2011-01-25,71,4.36,0.0,0
UCI_47566,2011-01-26,4,4.65,0.0,0
UCI_47566,2011-01-27,20,4.65,0.0,0
UCI_47566,2011-01-28,53,4.15,0.0,0
UCI_47566,2011-01-30,5,4.65,0.0,0
UCI_47566,2011-01-31,16,6.18,0.0,0
UCI_47566,2011-02-01,113,3.91,0.0,0
UCI_47566,2011-02-02,11,7.24,0.0,0
UCI_47566,2011-02-03,15,4.65,0.0,0
UCI_47566,2011-02-04,58,4.97,0.0,0
UCI_47566,2011-02-06,19,4.95,0.0,0
UCI_47566,2011-02-07,21,4.88,0.0,0
UCI_47566,2011-02-08,11,6.01,0.0,0
UCI_47566,2011-02-09,105,3.86,0.0,0
UCI_47566,2011-02-10,37,4.91,0.0,0
UCI_47566,2011-02-11,114,4.2,0.0,0
UCI_47566,2011-02-13,4,4.95,0.0,0
UCI_47566,2011-02-14,13,4.95,0.0,0
UCI_47566,2011-02-15,6,4.95,0.0,0
UCI_47566,2011-02-16,143,4.47,0.0,0
UCI_47566,2011-02-17,12,7.38,0.0,0
UCI_47566,2011-02-18,10,6.12,0.0,0
UCI_47566,2011-02-20,5,4.95,0.0,0
UCI_47566,2011-02-22,16,7.14,0.0,0
UCI_47566,2011-02-23,70,5.05,0.0,0
UCI_47566,2011-02-24,25,5.18,0.0,0
UCI_47566,2011-02-25,19,6.79,0.0,0
UCI_47566,2011-02-27,27,4.95,0.0,0
UCI_47566,2011-02-28,71,4.96,0.0,0
UCI_47566,2011-03-01,30,4.95,0.0,0
UCI_47566,2011-03-02,76,4.42,0.0,0
UCI_47566,2011-03-03,54,4.96,0.0,0
UCI_47566,2011-03-04,15,4.96,0.0,0
UCI_47566,2011-03-06,9,4.95,0.0,0
UCI_47566,2011-03-07,42,7.87,0.0,0
UCI_47566,2011-03-08,21,4.95,0.0,0
UCI_47566,2011-03-09,23,5.2,0.0,0
UCI_47566,2011-03-10,23,5.71,0.0,0
UCI_47566,2011-03-11,94,6.45,0.0,0
UCI_47566,2011-03-13,2,4.95,0.0,0
UCI_47566,2011-03-14,93,4.3,0.0,0
UCI_47566,2011-03-15,21,7.45,0.0,0
UCI_47566,2011-03-16,95,4.95,0.0,0
UCI_47566,2011-03-17,161,4.24,0.0,0
UCI_47566,2011-03-18,90,5.54,0.0,0
UCI_47566,2011-03-20,146,4.35,0.0,0
UCI_47566,2011-03-21,28,4.95,0.0,0
UCI_47566,2011-03-22,89,7.12,0.0,0
UCI_47566,2011-03-23,123,4.35,0.0,0
UCI_47566,2011-03-24,17,4.95,0.0,0
UCI_47566,2011-03-25,32,6.78,0.0,0
UCI_47566,2011-03-27,36,4.95,0.0,0
UCI_47566,2011-03-28,34,5.12,0.0,0
UCI_47566,2011-03-29,172,8.61,0.0,0
UCI_47566,2011-03-30,129,4.47,0.0,0
UCI_47566,2011-03-31,11,8.14,0.0,0
UCI_47566,2011-04-01,17,4.95,0.0,0
UCI_47566,2011-04-03,13,4.95,0.0,0
UCI_47566,2011-04-04,43,6.04,0.0,0
UCI_47566,2011-04-05,31,5.14,0.0,0
UCI_47566,2011-04-06,60,8.06,0.0,0
UCI_47566,2011-04-07,124,4.3,0.0,0
UCI_47566,2011-04-08,171,4.28,0.0,0
UCI_47566,2011-04-10,31,4.95,0.0,0
UCI_47566,2011-04-11,127,6.34,0.0,0
UCI_47566,2011-04-12,123,4.3,0.0,0
UCI_47566,2011-04-13,30,4.95,0.0,0
UCI_47566,2011-04-14,157,4.7,0.0,0
UCI_47566,2011-04-15,85,8.93,0.0,0
UCI_47566,2011-04-17,20,4.95,0.0,0
UCI_47566,2011-04-18,91,5.54,0.0,0
UCI_47566,2011-04-19,103,4.94,0.0,0
UCI_47566,2011-04-20,247,6.23,0.0,0
UCI_47566,2011-04-21,207,4.51,0.0,0
UCI_47566,2011-04-26,127,8.17,0.0,0
UCI_47566,2011-04-27,107,5.39,0.0,0
UCI_47566,2011-04-28,23,5.71,0.0,0
UCI_47566,2011-05-01,19,4.95,0.0,0
UCI_47566,2011-05-03,276,7.3,0.0,0
UCI_47566,2011-05-04,216,4.36,0.0,0
UCI_47566,2011-05-05,155,4.66,0.0,0
UCI_47566,2011-05-06,132,4.96,0.0,0
UCI_47566,2011-05-08,201,4.35,0.0,0
UCI_47566,2011-05-09,146,4.6,0.0,0
UCI_47566,2011-05-10,337,5.51,0.0,0
UCI_47566,2011-05-11,61,5.14,0.0,0
UCI_47566,2011-05-12,157,4.39,0.0,0
UCI_47566,2011-05-13,45,9.75,0.0,0
UCI_47566,2011-05-15,8,4.95,0.0,0
UCI_47566,2011-05-16,138,4.54,0.0,0
UCI_47566,2011-05-17,199,6.51,0.0,0
UCI_47566,2011-05-18,74,4.95,0.0,0
UCI_47566,2011-05-19,85,5.09,0.0,0
UCI_47566,2011-05-20,181,4.51,0.0,0
UCI_47566,2011-05-22,77,4.95,0.0,0
UCI_47566,2011-05-23,178,4.34,0.0,0
UCI_47566,2011-05-24,100,4.78,0.0,0
UCI_47566,2011-05-25,185,4.46,0.0,0
UCI_47566,2011-05-26,56,4.95,0.0,0
UCI_47566,2011-05-27,312,7.24,0.0,0
UCI_47566,2011-05-29,8,4.95,0.0,0
UCI_47566,2011-05-31,209,5.91,0.0,0
UCI_47566,2011-06-01,133,4.74,0.0,0
UCI_47566,2011-06-02,23,4.95,0.0,0
UCI_47566,2011-06-03,19,5.26,0.0,0
UCI_47566,2011-06-05,50,4.95,0.0,0
UCI_47566,2011-06-06,32,5.32,0.0,0
UCI_47566,2011-06-07,47,6.07,0.0,0
UCI_47566,2011-06-08,385,6.27,0.0,0
UCI_47566,2011-06-09,77,5.1,0.0,0
UCI_47566,2011-06-10,101,6.46,0.0,0
UCI_47566,2011-06-12,20,4.95,0.0,0
UCI_47566,2011-06-13,29,5.76,0.0,0
UCI_47566,2011-06-14,143,6.71,0.0,0
UCI_47566,2011-06-15,98,4.54,0.0,0
UCI_47566,2011-06-16,34,5.29,0.0,0
UCI_47566,2011-06-17,127,6.34,0.0,0
UCI_47566,2011-06-19,76,4.95,0.0,0
UCI_47566,2011-06-20,321,4.22,0.0,0
UCI_47566,2011-06-21,98,6.51,0.0,0
UCI_47566,2011-06-22,39,4.95,0.0,0
UCI_47566,2011-06-23,51,5.29,0.0,0
UCI_47566,2011-06-24,89,4.7,0.0,0
UCI_47566,2011-06-27,16,5.68,0.0,0
UCI_47566,2011-06-28,103,9.54,0.0,0
UCI_47566,2011-06-29,36,5.76,0.0,0
UCI_47566,2011-06-30,73,4.95,0.0,0
UCI_47566,2011-07-01,24,4.95,0.0,0
UCI_47566,2011-07-03,24,4.95,0.0,0
UCI_47566,2011-07-04,66,4.7,0.0,0
UCI_47566,2011-07-05,259,6.13,0.0,0
UCI_47566,2011-07-06,31,5.14,0.0,0
UCI_47566,2011-07-07,294,4.33,0.0,0
UCI_47566,2011-07-08,249,5.85,0.0,0
UCI_47566,2011-07-10,2,4.95,0.0,0
UCI_47566,2011-07-11,134,4.35,0.0,0
UCI_47566,2011-07-12,38,8.33,0.0,0
UCI_47566,2011-07-13,30,5.34,0.0,0
UCI_47566,2011-07-14,58,5.05,0.0,0
UCI_47566,2011-07-15,77,4.66,0.0,0
UCI_47566,2011-07-17,17,4.95,0.0,0
UCI_47566,2011-07-18,87,4.56,0.0,0
UCI_47566,2011-07-19,323,6.21,0.0,0
UCI_47566,2011-07-20,250,4.39,0.0,0
UCI_47566,2011-07-21,136,4.47,0.0,0
UCI_47566,2011-07-22,111,6.85,0.0,0
UCI_47566,2011-07-24,28,4.95,0.0,0
UCI_47566,2011-07-25,32,5.47,0.0,0
UCI_47566,2011-07-26,118,6.67,0.0,0
UCI_47566,2011-07-27,181,4.65,0.0,0
UCI_47566,2011-07-28,106,4.77,0.0,0
UCI_47566,2011-07-29,57,5.23,0.0,0
UCI_47566,2011-07-31,26,4.95,0.0,0
UCI_47566,2011-08-01,25,5.12,0.0,0
UCI_47566,2011-08-02,94,9.55,0.0,0
UCI_47566,2011-08-03,53,5.5,0.0,0
UCI_47566,2011-08-04,221,4.23,0.0,0
UCI_47566,2011-08-05,23,6.22,0.0,0
UCI_47566,2011-08-07,15,4.95,0.0,0
UCI_47566,2011-08-08,57,5.46,0.0,0
UCI_47566,2011-08-09,50,5.42,0.0,0
UCI_47566,2011-08-10,134,7.0,0.0,0
UCI_47566,2011-08-11,80,4.6,0.0,0
UCI_47566,2011-08-12,9,5.6,0.0,0
UCI_47566,2011-08-15,16,4.95,0.0,0
UCI_47566,2011-08-16,70,7.54,0.0,0
UCI_47566,2011-08-17,115,4.6,0.0,0
UCI_47566,2011-08-18,112,4.24,0.0,0
UCI_47566,2011-08-19,46,4.95,0.0,0
UCI_47566,2011-08-21,43,4.95,0.0,0
UCI_47566,2011-08-22,28,4.95,0.0,0
UCI_47566,2011-08-23,119,4.61,0.0,0
UCI_47566,2011-08-24,137,8.11,0.0,0
UCI_47566,2011-08-25,124,4.3,0.0,0
UCI_47566,2011-08-26,54,6.54,0.0,0
UCI_47566,2011-08-28,9,4.95,0.0,0
UCI_47566,2011-08-30,60,8.26,0.0,0
UCI_47566,2011-08-31,1,10.79,0.0,0
UCI_47566,2011-09-01,64,4.95,0.0,0
UCI_47566,2011-09-02,43,9.16,0.0,0
UCI_47566,2011-09-04,39,4.95,0.0,0
UCI_47566,2011-09-05,110,4.48,0.0,0
UCI_47566,2011-09-06,91,6.11,0.0,0
UCI_47566,2011-09-07,13,7.2,0.0,0
UCI_47566,2011-09-08,8,4.95,0.0,0
UCI_47566,2011-09-09,51,9.99,0.0,0
UCI_47566,2011-09-11,27,4.95,0.0,0
UCI_47566,2011-09-12,19,5.26,0.0,0
UCI_47566,2011-09-13,89,5.68,0.0,0
UCI_47566,2011-09-14,25,4.95,0.0,0
UCI_47566,2011-09-15,160,4.2,0.0,0
UCI_47566,2011-09-16,22,7.87,0.0,0
UCI_47566,2011-09-18,15,4.95,0.0,0
UCI_47566,2011-09-19,7,4.95,0.0,0
UCI_47566,2011-09-20,25,7.99,0.0,0
UCI_47566,2011-09-21,17,6.67,0.0,0
UCI_47566,2011-09-22,53,4.8,0.0,0
UCI_47566,2011-09-23,26,8.77,0.0,0
UCI_47566,2011-09-25,30,4.95,0.0,0
UCI_47566,2011-09-26,11,4.95,0.0,0
UCI_47566,2011-09-27,48,6.17,0.0,0
UCI_47566,2011-09-28,78,4.74,0.0,0
UCI_47566,2011-09-29,32,4.95,0.0,0
UCI_47566,2011-09-30,30,4.95,0.0,0
UCI_47566,2011-10-02,10,4.95,0.0,0
UCI_47566,2011-10-03,29,5.96,0.0,0
UCI_47566,2011-10-04,37,7.48,0.0,0
UCI_47566,2011-10-05,35,4.95,0.0,0
UCI_47566,2011-10-06,18,5.27,0.0,0
UCI_47566,2011-10-07,64,6.78,0.0,0
UCI_47566,2011-10-10,2,4.95,0.0,0
UCI_47566,2011-10-11,28,8.29,0.0,0
UCI_47566,2011-10-12,16,4.95,0.0,0
UCI_47566,2011-10-13,29,4.95,0.0,0
UCI_47566,2011-10-14,17,9.42,0.0,0
UCI_47566,2011-10-16,14,4.95,0.0,0
UCI_47566,2011-10-17,15,4.95,0.0,0
UCI_47566,2011-10-18,136,5.12,0.0,0
UCI_47566,2011-10-19,10,6.12,0.0,0
UCI_47566,2011-10-20,24,4.95,0.0,0
UCI_47566,2011-10-21,26,8.99,0.0,0
UCI_47566,2011-10-24,2,4.95,0.0,0
UCI_47566,2011-10-25,27,5.6,0.0,0
UCI_47566,2011-10-26,7,4.95,0.0,0
UCI_47566,2011-10-27,28,4.95,0.0,0
UCI_47566,2011-10-28,9,8.19,0.0,0
UCI_47566,2011-10-30,5,4.95,0.0,0
UCI_47566,2011-10-31,32,6.41,0.0,0
UCI_47566,2011-11-01,5,4.95,0.0,0
UCI_47566,2011-11-02,8,4.95,0.0,0
UCI_47566,2011-11-03,4,4.95,0.0,0
UCI_47566,2011-11-04,39,7.2,0.0,0
UCI_47566,2011-11-06,14,4.66,0.0,0
UCI_47566,2011-11-07,18,4.95,0.0,0
UCI_47566,2011-11-08,14,9.12,0.0,0
UCI_47566,2011-11-09,29,4.95,0.0,0
UCI_47566,2011-11-10,40,4.95,0.0,0
UCI_47566,2011-11-11,28,7.04,0.0,0
UCI_47566,2011-11-13,6,4.95,0.0,0
UCI_47566,2011-11-14,3,4.95,0.0,0
UCI_47566,2011-11-15,58,4.66,0.0,0
UCI_47566,2011-11-16,108,4.24,0.0,0
UCI_47566,2011-11-17,18,4.95,0.0,0
UCI_47566,2011-11-18,21,8.29,0.0,0
UCI_47566,2011-11-20,10,4.95,0.0,0
UCI_47566,2011-11-21,324,4.21,0.0,0
UCI_47566,2011-11-22,13,10.79,0.0,0
UCI_47566,2011-11-23,32,6.04,0.0,0
UCI_47566,2011-11-24,56,4.34,0.0,0
UCI_47566,2011-11-25,27,8.19,0.0,0
UCI_47566,2011-11-27,3,6.9,0.0,0
UCI_47566,2011-11-28,9,6.9,0.0,0
UCI_47566,2011-11-29,10,7.87,0.0,0
UCI_47566,2011-11-30,19,7.72,0.0,0
UCI_47566,2011-12-01,8,4.95,0.0,0
UCI_47566,2011-12-02,40,6.56,0.0,0
UCI_47566,2011-12-04,19,7.72,0.0,0
UCI_47566,2011-12-05,16,5.68,0.0,0
UCI_47566,2011-12-06,21,6.34,0.0,0
UCI_47566,2011-12-07,3,4.95,0.0,0
UCI_47566,2011-12-08,22,7.07,0.0,0
UCI_47566,2011-12-09,7,10.79,0.0,0
UCI_84077,2010-12-02,3264,0.19,0.0,0
UCI_84077,2010-12-03,49,0.29,0.0,0
UCI_84077,2010-12-05,96,0.29,0.0,0
UCI_84077,2010-12-06,8,0.43,0.0,0
UCI_84077,2010-12-07,50,0.3,0.0,0
UCI_84077,2010-12-08,240,0.29,0.0,0
UCI_84077,2010-12-09,52,0.3,0.0,0
UCI_84077,2010-12-10,67,0.33,0.0,0
UCI_84077,2010-12-12,96,0.29,0.0,0
UCI_84077,2010-12-13,242,0.29,0.0,0
UCI_84077,2010-12-14,144,0.29,0.0,0
UCI_84077,2010-12-16,51,0.29,0.0,0
UCI_84077,2010-12-17,637,0.29,0.0,0
UCI_84077,2010-12-19,99,0.29,0.0,0
UCI_84077,2010-12-20,52,0.3,0.0,0
UCI_84077,2010-12-21,48,0.29,0.0,0
UCI_84077,2011-01-04,1,0.43,0.0,0
UCI_84077,2011-01-05,624,0.25,0.0,0
UCI_84077,2011-01-10,48,0.29,0.0,0
UCI_84077,2011-01-11,144,0.29,0.0,0
UCI_84077,2011-01-12,48,0.29,0.0,0
UCI_84077,2011-01-14,49,0.29,0.0,0
UCI_84077,2011-01-24,288,0.21,0.0,0
UCI_84077,2011-01-25,2,0.42,0.0,0
UCI_84077,2011-01-26,48,0.29,0.0,0
UCI_84077,2011-01-27,144,0.29,0.0,0
UCI_84077,2011-01-28,48,0.29,0.0,0
UCI_84077,2011-01-31,48,0.29,0.0,0
UCI_84077,2011-02-01,48,0.29,0.0,0
UCI_84077,2011-02-02,100,0.3,0.0,0
UCI_84077,2011-02-03,2640,0.21,0.0,0
UCI_84077,2011-02-04,1,0.29,0.0,0
UCI_84077,2011-02-08,48,0.29,0.0,0
UCI_84077,2011-02-14,48,0.29,0.0,0
UCI_84077,2011-02-17,96,0.29,0.0,0
UCI_84077,2011-02-18,88,0.35,0.0,0
UCI_84077,2011-02-20,192,0.29,0.0,0
UCI_84077,2011-02-21,65,0.32,0.0,0
UCI_84077,2011-02-23,144,0.29,0.0,0
UCI_84077,2011-02-27,48,0.29,0.0,0
UCI_84077,2011-03-01,96,0.29,0.0,0
UCI_84077,2011-03-02,288,0.21,0.0,0
UCI_84077,2011-03-04,1296,0.22,0.0,0
UCI_84077,2011-03-07,576,0.21,0.0,0
UCI_84077,2011-03-08,144,0.29,0.0,0
UCI_84077,2011-03-09,48,0.29,0.0,0
UCI_84077,2011-03-10,336,0.22,0.0,0
UCI_84077,2011-03-13,96,0.29,0.0,0
UCI_84077,2011-03-14,240,0.29,0.0,0
UCI_84077,2011-03-15,48,0.29,0.0,0
UCI_84077,2011-03-16,48,0.29,0.0,0
UCI_84077,2011-03-17,96,0.29,0.0,0
UCI_84077,2011-03-20,48,0.29,0.0,0
UCI_84077,2011-03-22,48,0.29,0.0,0
UCI_84077,2011-03-23,48,0.29,0.0,0
UCI_84077,2011-03-25,96,0.29,0.0,0
UCI_84077,2011-03-28,96,0.29,0.0,0
UCI_84077,2011-03-30,144,0.29,0.0,0
UCI_84077,2011-03-31,96,0.29,0.0,0
UCI_84077,2011-04-01,2304,0.21,0.0,0
UCI_84077,2011-04-03,576,0.21,0.0,0
UCI_84077,2011-04-05,48,0.29,0.0,0
UCI_84077,2011-04-06,48,0.29,0.0,0
UCI_84077,2011-04-07,200,0.3,0.0,0
UCI_84077,2011-04-08,48,0.29,0.0,0
UCI_84077,2011-04-10,48,0.29,0.0,0
UCI_84077,2011-04-11,96,0.29,0.0,0
UCI_84077,2011-04-12,336,0.29,0.0,0
UCI_84077,2011-04-13,1776,0.21,0.0,0
UCI_84077,2011-04-15,48,0.29,0.0,0
UCI_84077,2011-04-17,192,0.29,0.0,0
UCI_84077,2011-04-18,626,0.22,0.0,0
UCI_84077,2011-04-19,53,0.32,0.0,0
UCI_84077,2011-04-20,48,0.29,0.0,0
UCI_84077,2011-04-21,1200,0.22,0.0,0
UCI_84077,2011-04-26,1248,0.21,0.0,0
UCI_84077,2011-04-27,1152,0.21,0.0,0
UCI_84077,2011-04-28,192,0.29,0.0,0
UCI_84077,2011-05-03,48,0.29,0.0,0
UCI_84077,2011-05-04,432,0.24,0.0,0
UCI_84077,2011-05-05,53,0.32,0.0,0
UCI_84077,2011-05-06,240,0.29,0.0,0
UCI_84077,2011-05-08,144,0.29,0.0,0
UCI_84077,2011-05-10,288,0.21,0.0,0
UCI_84077,2011-05-11,288,0.29,0.0,0
UCI_84077,2011-05-12,576,0.29,0.0,0
UCI_84077,2011-05-15,96,0.29,0.0,0
UCI_84077,2011-05-16,48,0.29,0.0,0
UCI_84077,2011-05-17,432,0.24,0.0,0
UCI_84077,2011-05-18,144,0.29,0.0,0
UCI_84077,2011-05-19,96,0.29,0.0,0
UCI_84077,2011-05-20,288,0.21,0.0,0
UCI_84077,2011-05-23,144,0.29,0.0,0
UCI_84077,2011-05-24,192,0.29,0.0,0
UCI_84077,2011-05-25,96,0.29,0.0,0
UCI_84077,2011-05-26,96,0.29,0.0,0
UCI_84077,2011-05-27,48,0.29,0.0,0
UCI_84077,2011-05-31,1200,0.21,0.0,0
UCI_84077,2011-06-01,50,0.3,0.0,0
UCI_84077,2011-06-02,3,0.29,0.0,0
UCI_84077,2011-06-03,48,0.29,0.0,0
UCI_84077,2011-06-05,144,0.29,0.0,0
UCI_84077,2011-06-07,336,0.29,0.0,0
UCI_84077,2011-06-08,96,0.29,0.0,0
UCI_84077,2011-06-09,48,0.29,0.0,0
UCI_84077,2011-06-13,1,0.63,0.0,0
UCI_84077,2011-06-14,48,0.29,0.0,0
UCI_84077,2011-06-17,48,0.29,0.0,0
UCI_84077,2011-06-19,48,0.29,0.0,0
UCI_84077,2011-06-20,384,0.23,0.0,0
UCI_84077,2011-06-21,96,0.29,0.0,0
UCI_84077,2011-06-22,240,0.29,0.0,0
UCI_84077,2011-06-23,97,0.29,0.0,0
UCI_84077,2011-06-24,144,0.29,0.0,0
UCI_84077,2011-06-27,48,0.29,0.0,0
UCI_84077,2011-06-28,96,0.29,0.0,0
UCI_84077,2011-06-29,3,0.63,0.0,0
UCI_84077,2011-06-30,144,0.29,0.0,0
UCI_84077,2011-07-04,97,0.29,0.0,0
UCI_84077,2011-07-05,56,0.34,0.0,0
UCI_84077,2011-07-06,625,0.29,0.0,0
UCI_84077,2011-07-07,235,0.35,0.0,0
UCI_84077,2011-07-08,96,0.29,0.0,0
UCI_84077,2011-07-11,672,0.23,0.0,0
UCI_84077,2011-07-13,48,0.29,0.0,0
UCI_84077,2011-07-14,48,0.29,0.0,0
UCI_84077,2011-07-15,192,0.29,0.0,0
UCI_84077,2011-07-17,144,0.29,0.0,0
UCI_84077,2011-07-19,240,0.29,0.0,0
UCI_84077,2011-07-20,96,0.29,0.0,0
UCI_84077,2011-07-21,240,0.29,0.0,0
UCI_84077,2011-07-22,102,0.29,0.0,0
UCI_84077,2011-07-24,48,0.29,0.0,0
UCI_84077,2011-07-25,290,0.21,0.0,0
UCI_84077,2011-07-26,100,0.3,0.0,0
UCI_84077,2011-07-27,49,0.3,0.0,0
UCI_84077,2011-07-28,288,0.29,0.0,0
UCI_84077,2011-07-29,48,0.29,0.0,0
UCI_84077,2011-07-31,48,0.29,0.0,0
UCI_84077,2011-08-03,96,0.29,0.0,0
UCI_84077,2011-08-04,2,0.63,0.0,0
UCI_84077,2011-08-08,96,0.29,0.0,0
UCI_84077,2011-08-10,97,0.29,0.0,0
UCI_84077,2011-08-11,336,0.29,0.0,0
UCI_84077,2011-08-12,48,0.29,0.0,0
UCI_84077,2011-08-15,144,0.29,0.0,0
UCI_84077,2011-08-16,144,0.29,0.0,0
UCI_84077,2011-08-17,48,0.29,0.0,0
UCI_84077,2011-08-19,144,0.29,0.0,0
UCI_84077,2011-08-21,48,0.29,0.0,0
UCI_84077,2011-08-22,48,0.29,0.0,0
UCI_84077,2011-08-23,240,0.29,0.0,0
UCI_84077,2011-08-24,576,0.29,0.0,0
UCI_84077,2011-08-26,96,0.29,0.0,0
UCI_84077,2011-08-28,96,0.29,0.0,0
UCI_84077,2011-08-30,2,0.63,0.0,0
UCI_84077,2011-09-01,144,0.29,0.0,0
UCI_84077,2011-09-02,48,0.29,0.0,0
UCI_84077,2011-09-04,96,0.29,0.0,0
UCI_84077,2011-09-05,144,0.29,0.0,0
UCI_84077,2011-09-07,48,0.29,0.0,0
UCI_84077,2011-09-08,48,0.29,0.0,0
UCI_84077,2011-09-09,48,0.29,0.0,0
UCI_84077,2011-09-11,144,0.29,0.0,0
UCI_84077,2011-09-12,48,0.29,0.0,0
UCI_84077,2011-09-13,384,0.29,0.0,0
UCI_84077,2011-09-15,624,0.25,0.0,0
UCI_84077,2011-09-16,192,0.29,0.0,0
UCI_84077,2011-09-18,48,0.29,0.0,0
UCI_84077,2011-09-19,48,0.29,0.0,0
UCI_84077,2011-09-20,96,0.29,0.0,0
UCI_84077,2011-09-21,11,0.63,0.0,0
UCI_84077,2011-09-22,240,0.29,0.0,0
UCI_84077,2011-09-23,96,0.29,0.0,0
UCI_84077,2011-09-25,96,0.29,0.0,0
UCI_84077,2011-09-26,101,0.31,0.0,0
UCI_84077,2011-09-27,144,0.29,0.0,0
UCI_84077,2011-09-28,184,0.29,0.0,0
UCI_84077,2011-09-29,144,0.29,0.0,0
UCI_84077,2011-09-30,339,0.29,0.0,0
UCI_84077,2011-10-02,96,0.29,0.0,0
UCI_84077,2011-10-03,151,0.31,0.0,0
UCI_84077,2011-10-04,118,0.29,0.0,0
UCI_84077,2011-10-05,384,0.23,0.0,0
UCI_84077,2011-10-07,96,0.29,0.0,0
UCI_84077,2011-10-09,144,0.29,0.0,0
UCI_84077,2011-10-10,196,0.3,0.0,0
UCI_84077,2011-10-11,145,0.29,0.0,0
UCI_84077,2011-10-12,101,0.31,0.0,0
UCI_84077,2011-10-13,96,0.29,0.0,0
UCI_84077,2011-10-14,48,0.29,0.0,0
UCI_84077,2011-10-16,144,0.29,0.0,0
UCI_84077,2011-10-17,63,0.37,0.0,0
UCI_84077,2011-10-18,48,0.29,0.0,0
UCI_84077,2011-10-19,192,0.29,0.0,0
UCI_84077,2011-10-20,192,0.29,0.0,0
UCI_84077,2011-10-21,432,0.24,0.0,0
UCI_84077,2011-10-23,48,0.29,0.0,0
UCI_84077,2011-10-24,240,0.29,0.0,0
UCI_84077,2011-10-25,48,0.29,0.0,0
UCI_84077,2011-10-26,144,0.29,0.0,0
UCI_84077,2011-10-27,4848,0.21,0.0,0
UCI_84077,2011-10-30,48,0.29,0.0,0
UCI_84077,2011-10-31,62,0.37,0.0,0
UCI_84077,2011-11-02,288,0.29,0.0,0
UCI_84077,2011-11-03,240,0.29,0.0,0
UCI_84077,2011-11-04,288,0.29,0.0,0
UCI_84077,2011-11-06,96,0.29,0.0,0
UCI_84077,2011-11-08,384,0.29,0.0,0
UCI_84077,2011-11-09,144,0.29,0.0,0
UCI_84077,2011-11-10,245,0.3,0.0,0
UCI_84077,2011-11-11,250,0.3,0.0,0
UCI_84077,2011-11-13,144,0.29,0.0,0
UCI_84077,2011-11-14,340,0.29,0.0,0
UCI_84077,2011-11-15,101,0.31,0.0,0
UCI_84077,2011-11-16,293,0.3,0.0,0
UCI_84077,2011-11-17,192,0.29,0.0,0
UCI_84077,2011-11-18,148,0.3,0.0,0
UCI_84077,2011-11-20,96,0.29,0.0,0
UCI_84077,2011-11-21,348,0.24,0.0,0
UCI_84077,2011-11-22,97,0.29,0.0,0
UCI_84077,2011-11-23,257,0.31,0.0,0
UCI_84077,2011-11-24,19,0.63,0.0,0
UCI_84077,2011-11-25,98,0.3,0.0,0
UCI_84077,2011-11-27,96,0.29,0.0,0
UCI_84077,2011-11-28,58,0.35,0.0,0
UCI_84077,2011-11-29,96,0.29,0.0,0
UCI_84077,2011-11-30,241,0.29,0.0,0
UCI_84077,2011-12-01,198,0.29,0.0,0
UCI_84077,2011-12-02,96,0.29,0.0,0
UCI_84077,2011-12-05,205,0.31,0.0,0
UCI_84077,2011-12-06,243,0.29,0.0,0
UCI_84077,2011-12-07,240,0.29,0.0,0
UCI_84077,2011-12-08,336,0.22,0.0,0
UCI_84077,2011-12-09,49,0.3,0.0,0
UCI_84755,2010-12-01,68,0.69,0.0,0
UCI_84755,2010-12-02,72,0.65,0.0,0
UCI_84755,2010-12-06,48,0.65,0.0,0
UCI_84755,2010-12-07,12,1.27,0.0,0
UCI_84755,2010-12-08,48,0.65,0.0,0
UCI_84755,2010-12-09,16,0.65,0.0,0
UCI_84755,2010-12-10,4,1.27,0.0,0
UCI_84755,2010-12-12,16,0.65,0.0,0
UCI_84755,2010-12-13,32,0.65,0.0,0
UCI_84755,2010-12-14,48,0.65,0.0,0
UCI_84755,2010-12-16,48,0.65,0.0,0
UCI_84755,2010-12-17,32,0.65,0.0,0
UCI_84755,2010-12-23,8,0.65,0.0,0
UCI_84755,2011-01-06,144,0.55,0.0,0
UCI_84755,2011-01-07,56,0.65,0.0,0
UCI_84755,2011-01-09,8,0.65,0.0,0
UCI_84755,2011-01-10,8,0.65,0.0,0
UCI_84755,2011-01-11,16,0.65,0.0,0
UCI_84755,2011-01-12,16,0.65,0.0,0
UCI_84755,2011-01-13,16,0.65,0.0,0
UCI_84755,2011-01-17,32,0.65,0.0,0
UCI_84755,2011-01-18,144,0.55,0.0,0
UCI_84755,2011-01-19,16,0.65,0.0,0
UCI_84755,2011-01-21,16,0.65,0.0,0
UCI_84755,2011-01-23,8,0.65,0.0,0
UCI_84755,2011-01-24,16,0.65,0.0,0
UCI_84755,2011-01-25,52,0.79,0.0,0
UCI_84755,2011-01-26,8,0.65,0.0,0
UCI_84755,2011-01-30,8,0.65,0.0,0
UCI_84755,2011-02-01,8,0.65,0.0,0
UCI_84755,2011-02-02,32,0.65,0.0,0
UCI_84755,2011-02-04,8,0.65,0.0,0
UCI_84755,2011-02-07,32,0.65,0.0,0
UCI_84755,2011-02-09,12,0.65,0.0,0
UCI_84755,2011-02-11,164,0.58,0.0,0
UCI_84755,2011-02-14,8,0.65,0.0,0
UCI_84755,2011-02-15,16,0.65,0.0,0
UCI_84755,2011-02-16,104,0.65,0.0,0
UCI_84755,2011-02-17,32,0.65,0.0,0
UCI_84755,2011-02-18,16,0.65,0.0,0
UCI_84755,2011-02-22,152,0.59,0.0,0
UCI_84755,2011-02-23,24,0.65,0.0,0
UCI_84755,2011-02-24,73,0.65,0.0,0
UCI_84755,2011-02-25,16,0.65,0.0,0
UCI_84755,2011-02-27,32,0.65,0.0,0
UCI_84755,2011-02-28,52,0.7,0.0,0
UCI_84755,2011-03-01,16,0.65,0.0,0
UCI_84755,2011-03-02,32,0.65,0.0,0
UCI_84755,2011-03-03,16,0.65,0.0,0
UCI_84755,2011-03-04,32,0.65,0.0,0
UCI_84755,2011-03-06,16,0.65,0.0,0
UCI_84755,2011-03-07,8,1.24,0.0,0
UCI_84755,2011-03-08,8,0.65,0.0,0
UCI_84755,2011-03-09,224,0.59,0.0,0
UCI_84755,2011-03-10,48,0.65,0.0,0
UCI_84755,2011-03-11,176,0.57,0.0,0
UCI_84755,2011-03-13,8,0.65,0.0,0
UCI_84755,2011-03-14,24,0.65,0.0,0
UCI_84755,2011-03-16,8,0.65,0.0,0
UCI_84755,2011-03-17,48,0.65,0.0,0
UCI_84755,2011-03-18,16,0.65,0.0,0
UCI_84755,2011-03-20,68,0.68,0.0,0
UCI_84755,2011-03-21,40,0.65,0.0,0
UCI_84755,2011-03-22,16,0.65,0.0,0
UCI_84755,2011-03-23,16,0.65,0.0,0
UCI_84755,2011-03-24,160,0.56,0.0,0
UCI_84755,2011-03-25,16,0.65,0.0,0
UCI_84755,2011-03-27,16,0.65,0.0,0
UCI_84755,2011-03-28,24,0.65,0.0,0
UCI_84755,2011-03-30,76,0.65,0.0,0
UCI_84755,2011-03-31,12,0.85,0.0,0
UCI_84755,2011-04-01,32,0.65,0.0,0
UCI_84755,2011-04-03,6,0.65,0.0,0
UCI_84755,2011-04-04,24,0.65,0.0,0
UCI_84755,2011-04-05,36,0.72,0.0,0
UCI_84755,2011-04-07,48,0.75,0.0,0
UCI_84755,2011-04-08,80,0.65,0.0,0
UCI_84755,2011-04-10,48,0.65,0.0,0
UCI_84755,2011-04-11,80,0.65,0.0,0
UCI_84755,2011-04-12,216,0.58,0.0,0
UCI_84755,2011-04-13,32,0.65,0.0,0
UCI_84755,2011-04-14,240,0.59,0.0,0
UCI_84755,2011-04-15,40,0.65,0.0,0
UCI_84755,2011-04-17,24,0.65,0.0,0
UCI_84755,2011-04-18,68,0.68,0.0,0
UCI_84755,2011-04-19,304,0.65,0.0,0
UCI_84755,2011-04-20,48,0.65,0.0,0
UCI_84755,2011-04-21,184,0.69,0.0,0
UCI_84755,2011-04-26,76,0.68,0.0,0
UCI_84755,2011-04-27,94,0.65,0.0,0
UCI_84755,2011-04-28,128,0.61,0.0,0
UCI_84755,2011-05-03,48,0.65,0.0,0
UCI_84755,2011-05-04,184,0.57,0.0,0
UCI_84755,2011-05-05,268,0.64,0.0,0
UCI_84755,2011-05-06,68,0.68,0.0,0
UCI_84755,2011-05-08,224,0.59,0.0,0
UCI_84755,2011-05-09,184,0.68,0.0,0
UCI_84755,2011-05-10,180,0.58,0.0,0
UCI_84755,2011-05-11,176,0.57,0.0,0
UCI_84755,2011-05-12,120,0.69,0.0,0
UCI_84755,2011-05-13,48,0.65,0.0,0
UCI_84755,2011-05-15,16,0.65,0.0,0
UCI_84755,2011-05-16,320,0.56,0.0,0
UCI_84755,2011-05-17,148,0.73,0.0,0
UCI_84755,2011-05-18,76,0.71,0.0,0
UCI_84755,2011-05-19,48,0.65,0.0,0
UCI_84755,2011-05-20,16,0.65,0.0,0
UCI_84755,2011-05-22,114,0.65,0.0,0
UCI_84755,2011-05-23,240,0.59,0.0,0
UCI_84755,2011-05-24,112,0.65,0.0,0
UCI_84755,2011-05-25,200,0.58,0.0,0
UCI_84755,2011-05-26,76,0.68,0.0,0
UCI_84755,2011-05-27,32,0.65,0.0,0
UCI_84755,2011-05-29,16,0.65,0.0,0
UCI_84755,2011-05-31,60,0.69,0.0,0
UCI_84755,2011-06-01,296,0.6,0.0,0
UCI_84755,2011-06-02,16,0.65,0.0,0
UCI_84755,2011-06-03,44,0.81,0.0,0
UCI_84755,2011-06-05,80,0.65,0.0,0
UCI_84755,2011-06-06,32,0.65,0.0,0
UCI_84755,2011-06-07,240,0.61,0.0,0
UCI_84755,2011-06-08,60,0.77,0.0,0
UCI_84755,2011-06-09,88,0.7,0.0,0
UCI_84755,2011-06-10,96,0.65,0.0,0
UCI_84755,2011-06-12,56,0.65,0.0,0
UCI_84755,2011-06-13,40,0.65,0.0,0
UCI_84755,2011-06-14,228,0.6,0.0,0
UCI_84755,2011-06-15,88,0.65,0.0,0
UCI_84755,2011-06-16,204,0.59,0.0,0
UCI_84755,2011-06-19,72,0.65,0.0,0
UCI_84755,2011-06-20,52,1.15,0.0,0
UCI_84755,2011-06-21,4,1.24,0.0,0
UCI_84755,2011-06-22,32,0.65,0.0,0
UCI_84755,2011-06-23,60,0.77,0.0,0
UCI_84755,2011-06-24,48,0.65,0.0,0
UCI_84755,2011-06-27,180,0.57,0.0,0
UCI_84755,2011-06-28,192,0.58,0.0,0
UCI_84755,2011-06-29,36,0.72,0.0,0
UCI_84755,2011-06-30,104,0.65,0.0,0
UCI_84755,2011-07-03,8,0.65,0.0,0
UCI_84755,2011-07-04,56,0.65,0.0,0
UCI_84755,2011-07-05,148,0.57,0.0,0
UCI_84755,2011-07-06,32,0.65,0.0,0
UCI_84755,2011-07-07,68,0.68,0.0,0
UCI_84755,2011-07-08,184,0.57,0.0,0
UCI_84755,2011-07-10,8,0.65,0.0,0
UCI_84755,2011-07-11,36,0.72,0.0,0
UCI_84755,2011-07-12,176,0.57,0.0,0
UCI_84755,2011-07-13,24,0.85,0.0,0
UCI_84755,2011-07-14,40,0.65,0.0,0
UCI_84755,2011-07-15,40,0.65,0.0,0
UCI_84755,2011-07-17,16,0.65,0.0,0
UCI_84755,2011-07-18,116,0.71,0.0,0
UCI_84755,2011-07-19,160,0.65,0.0,0
UCI_84755,2011-07-20,72,0.72,0.0,0
UCI_84755,2011-07-21,100,0.67,0.0,0
UCI_84755,2011-07-22,32,0.65,0.0,0
UCI_84755,2011-07-24,40,0.65,0.0,0
UCI_84755,2011-07-25,24,0.65,0.0,0
UCI_84755,2011-07-26,208,0.58,0.0,0
UCI_84755,2011-07-27,32,0.65,0.0,0
UCI_84755,2011-07-28,16,0.65,0.0,0
UCI_84755,2011-07-29,18,0.65,0.0,0
UCI_84755,2011-07-31,8,0.65,0.0,0
UCI_84755,2011-08-01,64,0.65,0.0,0
UCI_84755,2011-08-03,88,0.65,0.0,0
UCI_84755,2011-08-04,68,0.68,0.0,0
UCI_84755,2011-08-05,8,0.65,0.0,0
UCI_84755,2011-08-09,56,0.73,0.0,0
UCI_84755,2011-08-10,216,0.63,0.0,0
UCI_84755,2011-08-11,412,0.67,0.0,0
UCI_84755,2011-08-12,4,1.24,0.0,0
UCI_84755,2011-08-15,64,0.65,0.0,0
UCI_84755,2011-08-16,16,0.65,0.0,0
UCI_84755,2011-08-17,20,0.77,0.0,0
UCI_84755,2011-08-18,32,0.65,0.0,0
UCI_84755,2011-08-19,32,0.65,0.0,0
UCI_84755,2011-08-21,40,0.65,0.0,0
UCI_84755,2011-08-22,88,0.65,0.0,0
UCI_84755,2011-08-23,32,0.65,0.0,0
UCI_84755,2011-08-24,144,0.55,0.0,0
UCI_84755,2011-08-25,184,0.57,0.0,0
UCI_84755,2011-08-28,16,0.65,0.0,0
UCI_84755,2011-08-30,8,1.24,0.0,0
UCI_84755,2011-08-31,48,0.65,0.0,0
UCI_84755,2011-09-01,144,0.55,0.0,0
UCI_84755,2011-09-02,48,0.65,0.0,0
UCI_84755,2011-09-04,24,0.65,0.0,0
UCI_84755,2011-09-06,64,0.65,0.0,0
UCI_84755,2011-09-07,196,0.64,0.0,0
UCI_84755,2011-09-08,64,0.65,0.0,0
UCI_84755,2011-09-09,16,0.65,0.0,0
UCI_84755,2011-09-11,40,0.65,0.0,0
UCI_84755,2011-09-13,360,0.55,0.0,0
UCI_84755,2011-09-15,16,1.24,0.0,0
UCI_84755,2011-09-18,16,0.65,0.0,0
UCI_84755,2011-09-21,36,0.72,0.0,0
UCI_84755,2011-09-22,160,0.56,0.0,0
UCI_84755,2011-09-23,32,0.65,0.0,0
UCI_84755,2011-09-25,16,0.65,0.0,0
UCI_84755,2011-09-28,16,0.65,0.0,0
UCI_84755,2011-09-30,16,0.65,0.0,0
UCI_84755,2011-10-02,16,0.65,0.0,0
UCI_84755,2011-10-03,16,0.94,0.0,0
UCI_84755,2011-10-04,32,0.65,0.0,0
UCI_84755,2011-10-05,160,0.56,0.0,0
UCI_84755,2011-10-06,32,0.65,0.0,0
UCI_84755,2011-10-07,48,0.65,0.0,0
UCI_84755,2011-10-10,16,0.65,0.0,0
UCI_84755,2011-10-11,16,0.65,0.0,0
UCI_84755,2011-10-12,16,0.65,0.0,0
UCI_84755,2011-10-13,16,0.65,0.0,0
UCI_84755,2011-10-18,44,0.74,0.0,0
UCI_84755,2011-10-19,144,0.55,0.0,0
UCI_84755,2011-10-21,8,0.65,0.0,0
UCI_84755,2011-10-24,32,0.65,0.0,0
UCI_84755,2011-10-25,40,0.65,0.0,0
UCI_84755,2011-10-26,24,0.65,0.0,0
UCI_84755,2011-10-27,8,0.65,0.0,0
UCI_84755,2011-10-30,8,0.65,0.0,0
UCI_84755,2011-10-31,40,0.77,0.0,0
UCI_84755,2011-11-02,28,0.73,0.0,0
UCI_84755,2011-11-03,24,0.65,0.0,0
UCI_84755,2011-11-04,8,1.24,0.0,0
UCI_84755,2011-11-06,8,0.65,0.0,0
UCI_84755,2011-11-07,32,0.65,0.0,0
UCI_84755,2011-11-08,40,0.77,0.0,0
UCI_84755,2011-11-10,52,0.7,0.0,0
UCI_84755,2011-11-11,168,0.59,0.0,0
UCI_84755,2011-11-13,32,0.65,0.0,0
UCI_84755,2011-11-14,72,0.65,0.0,0
UCI_84755,2011-11-15,16,0.94,0.0,0
UCI_84755,2011-11-16,20,0.77,0.0,0
UCI_84755,2011-11-17,16,0.65,0.0,0
UCI_84755,2011-11-18,16,1.24,0.0,0
UCI_84755,2011-11-20,4,1.24,0.0,0
UCI_84755,2011-11-22,40,0.65,0.0,0
UCI_84755,2011-11-23,256,0.85,0.0,0
UCI_84755,2011-11-24,48,0.75,0.0,0
UCI_84755,2011-11-25,4,1.24,0.0,0
UCI_84755,2011-11-28,16,1.24,0.0,0
UCI_84755,2011-11-30,4,1.24,0.0,0
UCI_84755,2011-12-01,20,0.77,0.0,0
UCI_84755,2011-12-05,72,0.78,0.0,0
UCI_84755,2011-12-06,16,1.24,0.0,0
UCI_84755,2011-12-07,16,0.65,0.0,0
UCI_84755,2011-12-08,36,0.72,0.0,0
UCI_84755,2011-12-09,4,1.24,0.0,0
UCI_84879,2010-12-01,224,1.74,0.0,0
UCI_84879,2010-12-02,503,1.54,0.0,0
UCI_84879,2010-12-03,48,1.94,0.0,0
UCI_84879,2010-12-05,129,1.69,0.0,0
UCI_84879,2010-12-06,130,1.87,0.0,0
UCI_84879,2010-12-07,271,1.55,0.0,0
UCI_84879,2010-12-08,83,1.83,0.0,0
UCI_84879,2010-12-09,120,1.69,0.0,0
UCI_84879,2010-12-10,152,1.85,0.0,0
UCI_84879,2010-12-12,25,1.69,0.0,0
UCI_84879,2010-12-13,82,1.98,0.0,0
UCI_84879,2010-12-14,228,1.52,0.0,0
UCI_84879,2010-12-15,120,1.69,0.0,0
UCI_84879,2010-12-16,160,1.62,0.0,0
UCI_84879,2010-12-17,40,2.59,0.0,0
UCI_84879,2010-12-19,8,1.69,0.0,0
UCI_84879,2010-12-21,24,1.69,0.0,0
UCI_84879,2010-12-23,16,1.69,0.0,0
UCI_84879,2011-01-04,72,1.69,0.0,0
UCI_84879,2011-01-05,232,1.69,0.0,0
UCI_84879,2011-01-06,88,1.69,0.0,0
UCI_84879,2011-01-07,24,1.69,0.0,0
UCI_84879,2011-01-09,56,1.69,0.0,0
UCI_84879,2011-01-10,88,1.83,0.0,0
UCI_84879,2011-01-11,256,1.59,0.0,0
UCI_84879,2011-01-12,32,1.69,0.0,0
UCI_84879,2011-01-13,38,2.29,0.0,0
UCI_84879,2011-01-14,16,1.69,0.0,0
UCI_84879,2011-01-16,4,1.69,0.0,0
UCI_84879,2011-01-17,33,2.04,0.0,0
UCI_84879,2011-01-18,16,2.41,0.0,0
UCI_84879,2011-01-19,8,1.69,0.0,0
UCI_84879,2011-01-20,24,1.69,0.0,0
UCI_84879,2011-01-21,24,1.69,0.0,0
UCI_84879,2011-01-23,34,1.69,0.0,0
UCI_84879,2011-01-24,208,1.51,0.0,0
UCI_84879,2011-01-25,32,1.69,0.0,0
UCI_84879,2011-01-26,16,1.69,0.0,0
UCI_84879,2011-01-27,16,1.69,0.0,0
UCI_84879,2011-01-28,40,1.98,0.0,0
UCI_84879,2011-01-30,24,1.69,0.0,0
UCI_84879,2011-01-31,366,1.48,0.0,0
UCI_84879,2011-02-01,304,1.56,0.0,0
UCI_84879,2011-02-02,224,1.52,0.0,0
UCI_84879,2011-02-03,24,1.69,0.0,0
UCI_84879,2011-02-04,8,1.69,0.0,0
UCI_84879,2011-02-06,11,1.69,0.0,0
UCI_84879,2011-02-07,8,1.69,0.0,0
UCI_84879,2011-02-08,8,3.12,0.0,0
UCI_84879,2011-02-09,16,1.69,0.0,0
UCI_84879,2011-02-10,72,1.69,0.0,0
UCI_84879,2011-02-11,32,1.69,0.0,0
UCI_84879,2011-02-13,24,1.69,0.0,0
UCI_84879,2011-02-14,236,1.53,0.0,0
UCI_84879,2011-02-15,84,1.69,0.0,0
UCI_84879,2011-02-16,156,1.69,0.0,0
UCI_84879,2011-02-17,24,1.69,0.0,0
UCI_84879,2011-02-18,80,1.69,0.0,0
UCI_84879,2011-02-20,8,1.69,0.0,0
UCI_84879,2011-02-21,40,1.69,0.0,0
UCI_84879,2011-02-22,40,1.69,0.0,0
UCI_84879,2011-02-23,96,1.69,0.0,0
UCI_84879,2011-02-24,32,1.69,0.0,0
UCI_84879,2011-02-25,24,1.69,0.0,0
UCI_84879,2011-02-27,96,1.69,0.0,0
UCI_84879,2011-02-28,20,2.83,0.0,0
UCI_84879,2011-03-01,24,1.69,0.0,0
UCI_84879,2011-03-02,6,1.69,0.0,0
UCI_84879,2011-03-03,48,1.93,0.0,0
UCI_84879,2011-03-04,72,1.69,0.0,0
UCI_84879,2011-03-06,43,1.69,0.0,0
UCI_84879,2011-03-07,200,1.56,0.0,0
UCI_84879,2011-03-08,80,1.69,0.0,0
UCI_84879,2011-03-09,40,1.69,0.0,0
UCI_84879,2011-03-10,72,1.69,0.0,0
UCI_84879,2011-03-11,216,1.51,0.0,0
UCI_84879,2011-03-13,34,1.69,0.0,0
UCI_84879,2011-03-14,272,1.55,0.0,0
UCI_84879,2011-03-15,363,1.48,0.0,0
UCI_84879,2011-03-16,176,1.69,0.0,0
UCI_84879,2011-03-17,64,1.69,0.0,0
UCI_84879,2011-03-18,37,1.69,0.0,0
UCI_84879,2011-03-20,56,1.69,0.0,0
UCI_84879,2011-03-21,138,1.69,0.0,0
UCI_84879,2011-03-22,69,1.69,0.0,0
UCI_84879,2011-03-23,56,1.69,0.0,0
UCI_84879,2011-03-24,80,1.69,0.0,0
UCI_84879,2011-03-25,40,1.69,0.0,0
UCI_84879,2011-03-27,8,1.69,0.0,0
UCI_84879,2011-03-28,96,1.69,0.0,0
UCI_84879,2011-03-29,24,1.69,0.0,0
UCI_84879,2011-03-30,24,2.17,0.0,0
UCI_84879,2011-03-31,324,1.57,0.0,0
UCI_84879,2011-04-01,117,1.69,0.0,0
UCI_84879,2011-04-04,147,1.77,0.0,0
UCI_84879,2011-04-05,248,1.54,0.0,0
UCI_84879,2011-04-06,32,1.69,0.0,0
UCI_84879,2011-04-07,57,1.69,0.0,0
UCI_84879,2011-04-08,232,1.52,0.0,0
UCI_84879,2011-04-10,37,1.69,0.0,0
UCI_84879,2011-04-11,57,1.69,0.0,0
UCI_84879,2011-04-12,168,1.69,0.0,0
UCI_84879,2011-04-13,162,1.69,0.0,0
UCI_84879,2011-04-14,280,1.69,0.0,0
UCI_84879,2011-04-15,24,1.69,0.0,0
UCI_84879,2011-04-17,124,1.69,0.0,0
UCI_84879,2011-04-18,60,1.88,0.0,0
UCI_84879,2011-04-19,248,1.53,0.0,0
UCI_84879,2011-04-20,16,1.69,0.0,0
UCI_84879,2011-04-21,288,1.51,0.0,0
UCI_84879,2011-04-26,111,1.64,0.0,0
UCI_84879,2011-04-27,88,1.69,0.0,0
UCI_84879,2011-04-28,64,1.69,0.0,0
UCI_84879,2011-05-01,1,1.69,0.0,0
UCI_84879,2011-05-03,52,1.69,0.0,0
UCI_84879,2011-05-04,96,1.69,0.0,0
UCI_84879,2011-05-05,114,1.69,0.0,0
UCI_84879,2011-05-06,128,1.78,0.0,0
UCI_84879,2011-05-08,204,1.69,0.0,0
UCI_84879,2011-05-09,40,1.69,0.0,0
UCI_84879,2011-05-10,192,1.69,0.0,0
UCI_84879,2011-05-11,448,1.52,0.0,0
UCI_84879,2011-05-12,360,1.58,0.0,0
UCI_84879,2011-05-13,117,1.79,0.0,0
UCI_84879,2011-05-15,44,1.69,0.0,0
UCI_84879,2011-05-16,64,1.69,0.0,0
UCI_84879,2011-05-17,168,1.69,0.0,0
UCI_84879,2011-05-18,136,1.77,0.0,0
UCI_84879,2011-05-19,48,1.69,0.0,0
UCI_84879,2011-05-20,136,1.69,0.0,0
UCI_84879,2011-05-22,43,1.69,0.0,0
UCI_84879,2011-05-23,116,1.69,0.0,0
UCI_84879,2011-05-24,100,1.69,0.0,0
UCI_84879,2011-05-25,29,1.69,0.0,0
UCI_84879,2011-05-26,264,1.54,0.0,0
UCI_84879,2011-05-27,16,1.69,0.0,0
UCI_84879,2011-05-29,40,1.69,0.0,0
UCI_84879,2011-05-31,104,1.69,0.0,0
UCI_84879,2011-06-01,64,1.69,0.0,0
UCI_84879,2011-06-02,56,1.69,0.0,0
UCI_84879,2011-06-03,64,1.69,0.0,0
UCI_84879,2011-06-05,96,1.69,0.0,0
UCI_84879,2011-06-06,64,1.69,0.0,0
UCI_84879,2011-06-07,44,1.69,0.0,0
UCI_84879,2011-06-08,104,1.69,0.0,0
UCI_84879,2011-06-09,32,1.69,0.0,0
UCI_84879,2011-06-10,40,1.69,0.0,0
UCI_84879,2011-06-12,8,1.69,0.0,0
UCI_84879,2011-06-13,16,1.69,0.0,0
UCI_84879,2011-06-14,52,1.69,0.0,0
UCI_84879,2011-06-15,48,1.93,0.0,0
UCI_84879,2011-06-16,57,1.69,0.0,0
UCI_84879,2011-06-17,233,1.53,0.0,0
UCI_84879,2011-06-19,40,1.69,0.0,0
UCI_84879,2011-06-20,24,1.69,0.0,0
UCI_84879,2011-06-21,82,1.69,0.0,0
UCI_84879,2011-06-22,60,1.69,0.0,0
UCI_84879,2011-06-23,48,1.69,0.0,0
UCI_84879,2011-06-24,56,1.69,0.0,0
UCI_84879,2011-06-27,76,1.84,0.0,0
UCI_84879,2011-06-28,40,1.69,0.0,0
UCI_84879,2011-06-29,104,1.69,0.0,0
UCI_84879,2011-06-30,56,1.69,0.0,0
UCI_84879,2011-07-01,16,1.69,0.0,0
UCI_84879,2011-07-04,32,1.69,0.0,0
UCI_84879,2011-07-05,92,1.69,0.0,0
UCI_84879,2011-07-06,136,1.77,0.0,0
UCI_84879,2011-07-07,120,1.69,0.0,0
UCI_84879,2011-07-08,64,1.69,0.0,0
UCI_84879,2011-07-10,16,1.69,0.0,0
UCI_84879,2011-07-11,119,1.69,0.0,0
UCI_84879,2011-07-12,8,1.69,0.0,0
UCI_84879,2011-07-13,82,1.69,0.0,0
UCI_84879,2011-07-14,64,1.69,0.0,0
UCI_84879,2011-07-15,16,1.69,0.0,0
UCI_84879,2011-07-17,83,1.69,0.0,0
UCI_84879,2011-07-18,82,1.69,0.0,0
UCI_84879,2011-07-19,134,1.69,0.0,0
UCI_84879,2011-07-20,18,1.69,0.0,0
UCI_84879,2011-07-21,160,1.69,0.0,0
UCI_84879,2011-07-22,56,1.69,0.0,0
UCI_84879,2011-07-24,69,1.69,0.0,0
UCI_84879,2011-07-25,104,1.69,0.0,0
UCI_84879,2011-07-26,16,1.69,0.0,0
UCI_84879,2011-07-27,56,1.69,0.0,0
UCI_84879,2011-07-28,78,1.69,0.0,0
UCI_84879,2011-07-29,152,1.69,0.0,0
UCI_84879,2011-07-31,64,1.69,0.0,0
UCI_84879,2011-08-01,88,1.69,0.0,0
UCI_84879,2011-08-02,24,1.69,0.0,0
UCI_84879,2011-08-03,82,1.69,0.0,0
UCI_84879,2011-08-04,3359,1.46,0.0,0
UCI_84879,2011-08-05,86,1.69,0.0,0
UCI_84879,2011-08-07,161,1.45,0.0,0
UCI_84879,2011-08-08,128,1.69,0.0,0
UCI_84879,2011-08-09,48,1.69,0.0,0
UCI_84879,2011-08-10,96,1.69,0.0,0
UCI_84879,2011-08-11,1008,1.46,0.0,0
UCI_84879,2011-08-12,32,1.69,0.0,0
UCI_84879,2011-08-14,11,1.69,0.0,0
UCI_84879,2011-08-15,64,1.69,0.0,0
UCI_84879,2011-08-16,60,1.69,0.0,0
UCI_84879,2011-08-17,32,1.69,0.0,0
UCI_84879,2011-08-18,95,1.69,0.0,0
UCI_84879,2011-08-19,216,1.51,0.0,0
UCI_84879,2011-08-21,81,1.69,0.0,0
UCI_84879,2011-08-22,206,1.5,0.0,0
UCI_84879,2011-08-23,48,1.69,0.0,0
UCI_84879,2011-08-24,96,1.69,0.0,0
UCI_84879,2011-08-25,400,1.5,0.0,0
UCI_84879,2011-08-26,40,1.69,0.0,0
UCI_84879,2011-08-28,60,1.69,0.0,0
UCI_84879,2011-08-30,8,1.69,0.0,0
UCI_84879,2011-08-31,16,1.69,0.0,0
UCI_84879,2011-09-01,96,1.69,0.0,0
UCI_84879,2011-09-02,16,2.41,0.0,0
UCI_84879,2011-09-04,80,1.69,0.0,0
UCI_84879,2011-09-05,48,1.69,0.0,0
UCI_84879,2011-09-06,88,1.69,0.0,0
UCI_84879,2011-09-07,72,1.69,0.0,0
UCI_84879,2011-09-08,136,1.69,0.0,0
UCI_84879,2011-09-09,40,1.69,0.0,0
UCI_84879,2011-09-11,104,1.69,0.0,0
UCI_84879,2011-09-12,48,1.93,0.0,0
UCI_84879,2011-09-13,296,1.56,0.0,0
UCI_84879,2011-09-14,48,1.69,0.0,0
UCI_84879,2011-09-15,400,1.5,0.0,0
UCI_84879,2011-09-16,68,1.69,0.0,0
UCI_84879,2011-09-18,48,1.69,0.0,0
UCI_84879,2011-09-19,104,1.69,0.0,0
UCI_84879,2011-09-20,64,1.69,0.0,0
UCI_84879,2011-09-21,56,1.69,0.0,0
UCI_84879,2011-09-22,348,1.58,0.0,0
UCI_84879,2011-09-23,32,2.05,0.0,0
UCI_84879,2011-09-25,97,1.69,0.0,0
UCI_84879,2011-09-26,245,1.53,0.0,0
UCI_84879,2011-09-27,74,1.69,0.0,0
UCI_84879,2011-09-28,224,1.52,0.0,0
UCI_84879,2011-09-29,184,1.75,0.0,0
UCI_84879,2011-09-30,48,1.69,0.0,0
UCI_84879,2011-10-02,16,1.69,0.0,0
UCI_84879,2011-10-03,72,1.69,0.0,0
UCI_84879,2011-10-04,84,1.69,0.0,0
UCI_84879,2011-10-05,91,1.69,0.0,0
UCI_84879,2011-10-06,285,1.69,0.0,0
UCI_84879,2011-10-07,48,1.69,0.0,0
UCI_84879,2011-10-09,9,1.69,0.0,0
UCI_84879,2011-10-10,40,1.69,0.0,0
UCI_84879,2011-10-11,76,1.69,0.0,0
UCI_84879,2011-10-12,56,1.69,0.0,0
UCI_84879,2011-10-13,116,1.69,0.0,0
UCI_84879,2011-10-14,72,1.69,0.0,0
UCI_84879,2011-10-16,60,1.69,0.0,0
UCI_84879,2011-10-17,392,1.49,0.0,0
UCI_84879,2011-10-18,48,1.69,0.0,0
UCI_84879,2011-10-19,158,1.69,0.0,0
UCI_84879,2011-10-20,148,1.69,0.0,0
UCI_84879,2011-10-21,16,1.69,0.0,0
UCI_84879,2011-10-23,59,1.69,0.0,0
UCI_84879,2011-10-24,128,2.67,0.0,0
UCI_84879,2011-10-25,80,1.69,0.0,0
UCI_84879,2011-10-26,217,1.51,0.0,0
UCI_84879,2011-10-27,40,1.69,0.0,0
UCI_84879,2011-10-28,49,1.69,0.0,0
UCI_84879,2011-10-30,264,1.69,0.0,0
UCI_84879,2011-10-31,120,1.79,0.0,0
UCI_84879,2011-11-01,294,1.56,0.0,0
UCI_84879,2011-11-02,128,1.69,0.0,0
UCI_84879,2011-11-03,210,1.69,0.0,0
UCI_84879,2011-11-04,80,1.69,0.0,0
UCI_84879,2011-11-06,136,1.69,0.0,0
UCI_84879,2011-11-07,24,1.69,0.0,0
UCI_84879,2011-11-08,56,2.1,0.0,0
UCI_84879,2011-11-09,1312,1.47,0.0,0
UCI_84879,2011-11-10,200,1.69,0.0,0
UCI_84879,2011-11-11,92,1.69,0.0,0
UCI_84879,2011-11-13,56,1.69,0.0,0
UCI_84879,2011-11-14,303,1.56,0.0,0
UCI_84879,2011-11-15,107,1.69,0.0,0
UCI_84879,2011-11-16,289,1.56,0.0,0
UCI_84879,2011-11-17,94,1.69,0.0,0
UCI_84879,2011-11-18,368,1.59,0.0,0
UCI_84879,2011-11-20,149,1.69,0.0,0
UCI_84879,2011-11-21,179,1.82,0.0,0
UCI_84879,2011-11-22,132,1.69,0.0,0
UCI_84879,2011-11-23,80,1.69,0.0,0
UCI_84879,2011-11-24,355,1.58,0.0,0
UCI_84879,2011-11-25,272,1.55,0.0,0
UCI_84879,2011-11-27,8,1.69,0.0,0
UCI_84879,2011-11-28,56,2.1,0.0,0
UCI_84879,2011-11-29,127,1.78,0.0,0
UCI_84879,2011-11-30,112,1.69,0.0,0
UCI_84879,2011-12-01,88,1.69,0.0,0
UCI_84879,2011-12-02,504,1.54,0.0,0
UCI_84879,2011-12-04,66,1.69,0.0,0
UCI_84879,2011-12-05,133,1.95,0.0,0
UCI_84879,2011-12-06,240,1.53,0.0,0
UCI_84879,2011-12-07,256,1.54,0.0,0
UCI_84879,2011-12-08,11,2.73,0.0,0
UCI_84879,2011-12-09,32,2.41,0.0,0
UCI_84946,2010-12-01,58,2.51,0.0,0
UCI_84946,2010-12-02,241,1.08,0.0,0
UCI_84946,2010-12-03,32,2.51,0.0,0
UCI_84946,2010-12-05,139,1.15,0.0,0
UCI_84946,2010-12-06,374,1.69,0.0,0
UCI_84946,2010-12-07,132,1.99,0.0,0
UCI_84946,2010-12-08,136,1.53,0.0,0
UCI_84946,2010-12-09,111,1.7,0.0,0
UCI_84946,2010-12-10,74,1.74,0.0,0
UCI_84946,2010-12-12,24,1.25,0.0,0
UCI_84946,2010-12-13,202,1.31,0.0,0
UCI_84946,2010-12-14,32,1.41,0.0,0
UCI_84946,2010-12-15,84,1.25,0.0,0
UCI_84946,2010-12-16,144,1.16,0.0,0
UCI_84946,2010-12-17,154,2.41,0.0,0
UCI_84946,2010-12-19,30,1.25,0.0,0
UCI_84946,2010-12-20,42,1.61,0.0,0
UCI_84946,2010-12-21,25,2.21,0.0,0
UCI_84946,2010-12-23,18,1.67,0.0,0
UCI_84946,2011-01-04,78,1.07,0.0,0
UCI_84946,2011-01-05,24,1.25,0.0,0
UCI_84946,2011-01-06,60,1.25,0.0,0
UCI_84946,2011-01-07,133,1.21,0.0,0
UCI_84946,2011-01-09,33,1.25,0.0,0
UCI_84946,2011-01-10,20,2.32,0.0,0
UCI_84946,2011-01-11,72,1.06,0.0,0
UCI_84946,2011-01-13,2,2.46,0.0,0
UCI_84946,2011-01-14,3,2.46,0.0,0
UCI_84946,2011-01-17,35,1.84,0.0,0
UCI_84946,2011-01-18,80,1.2,0.0,0
UCI_84946,2011-01-19,96,1.11,0.0,0
UCI_84946,2011-01-20,12,1.25,0.0,0
UCI_84946,2011-01-21,2,2.46,0.0,0
UCI_84946,2011-01-23,6,1.25,0.0,0
UCI_84946,2011-01-24,5,1.98,0.0,0
UCI_84946,2011-01-25,96,1.11,0.0,0
UCI_84946,2011-01-27,12,1.25,0.0,0
UCI_84946,2011-01-28,16,1.55,0.0,0
UCI_84946,2011-01-31,30,1.25,0.0,0
UCI_84946,2011-02-01,84,1.09,0.0,0
UCI_84946,2011-02-02,12,1.25,0.0,0
UCI_84946,2011-02-03,8,1.55,0.0,0
UCI_84946,2011-02-04,26,1.34,0.0,0
UCI_84946,2011-02-07,38,2.27,0.0,0
UCI_84946,2011-02-08,231,1.09,0.0,0
UCI_84946,2011-02-09,35,2.05,0.0,0
UCI_84946,2011-02-10,84,1.09,0.0,0
UCI_84946,2011-02-11,37,1.28,0.0,0
UCI_84946,2011-02-14,7,1.25,0.0,0
UCI_84946,2011-02-15,47,2.31,0.0,0
UCI_84946,2011-02-16,84,1.09,0.0,0
UCI_84946,2011-02-17,84,1.09,0.0,0
UCI_84946,2011-02-18,2,2.46,0.0,0
UCI_84946,2011-02-21,6,2.46,0.0,0
UCI_84946,2011-02-22,24,1.25,0.0,0
UCI_84946,2011-02-23,2,2.46,0.0,0
UCI_84946,2011-02-24,72,1.06,0.0,0
UCI_84946,2011-02-25,56,1.25,0.0,0
UCI_84946,2011-02-28,60,1.86,0.0,0
UCI_84946,2011-03-01,30,1.25,0.0,0
UCI_84946,2011-03-02,96,1.11,0.0,0
UCI_84946,2011-03-03,16,1.55,0.0,0
UCI_84946,2011-03-04,35,1.6,0.0,0
UCI_84946,2011-03-06,6,1.25,0.0,0
UCI_84946,2011-03-07,18,1.65,0.0,0
UCI_84946,2011-03-08,52,2.18,0.0,0
UCI_84946,2011-03-09,12,1.25,0.0,0
UCI_84946,2011-03-10,3,2.46,0.0,0
UCI_84946,2011-03-13,6,1.25,0.0,0
UCI_84946,2011-03-14,12,1.25,0.0,0
UCI_84946,2011-03-15,30,1.49,0.0,0
UCI_84946,2011-03-16,84,1.09,0.0,0
UCI_84946,2011-03-17,159,1.19,0.0,0
UCI_84946,2011-03-18,39,1.25,0.0,0
UCI_84946,2011-03-20,72,1.06,0.0,0
UCI_84946,2011-03-21,48,1.25,0.0,0
UCI_84946,2011-03-22,97,1.47,0.0,0
UCI_84946,2011-03-23,96,1.11,0.0,0
UCI_84946,2011-03-24,36,1.25,0.0,0
UCI_84946,2011-03-25,24,2.16,0.0,0
UCI_84946,2011-03-27,66,1.25,0.0,0
UCI_84946,2011-03-29,27,1.92,0.0,0
UCI_84946,2011-03-30,24,1.25,0.0,0
UCI_84946,2011-03-31,74,1.1,0.0,0
UCI_84946,2011-04-01,36,1.25,0.0,0
UCI_84946,2011-04-04,7,2.11,0.0,0
UCI_84946,2011-04-05,79,1.63,0.0,0
UCI_84946,2011-04-06,1,2.46,0.0,0
UCI_84946,2011-04-07,13,1.9,0.0,0
UCI_84946,2011-04-08,96,1.11,0.0,0
UCI_84946,2011-04-11,55,1.25,0.0,0
UCI_84946,2011-04-12,24,1.25,0.0,0
UCI_84946,2011-04-14,108,1.12,0.0,0
UCI_84946,2011-04-15,17,1.61,0.0,0
UCI_84946,2011-04-17,36,1.25,0.0,0
UCI_84946,2011-04-18,144,1.75,0.0,0
UCI_84946,2011-04-19,65,2.24,0.0,0
UCI_84946,2011-04-20,24,1.25,0.0,0
UCI_84946,2011-04-21,26,1.34,0.0,0
UCI_84946,2011-04-26,26,1.25,0.0,0
UCI_84946,2011-04-27,15,1.49,0.0,0
UCI_84946,2011-04-28,108,1.12,0.0,0
UCI_84946,2011-05-01,12,1.25,0.0,0
UCI_84946,2011-05-03,46,1.28,0.0,0
UCI_84946,2011-05-04,6,1.25,0.0,0
UCI_84946,2011-05-05,159,1.23,0.0,0
UCI_84946,2011-05-06,127,1.21,0.0,0
UCI_84946,2011-05-08,42,1.25,0.0,0
UCI_84946,2011-05-09,2,2.46,0.0,0
UCI_84946,2011-05-10,24,1.25,0.0,0
UCI_84946,2011-05-11,36,1.25,0.0,0
UCI_84946,2011-05-12,108,1.12,0.0,0
UCI_84946,2011-05-15,72,1.06,0.0,0
UCI_84946,2011-05-16,2,2.46,0.0,0
UCI_84946,2011-05-17,24,1.25,0.0,0
UCI_84946,2011-05-18,170,1.1,0.0,0
UCI_84946,2011-05-19,83,1.41,0.0,0
UCI_84946,2011-05-20,114,1.13,0.0,0
UCI_84946,2011-05-22,18,1.25,0.0,0
UCI_84946,2011-05-23,41,1.4,0.0,0
UCI_84946,2011-05-24,74,1.87,0.0,0
UCI_84946,2011-05-25,144,1.06,0.0,0
UCI_84946,2011-05-26,108,1.12,0.0,0
UCI_84946,2011-05-27,228,1.13,0.0,0
UCI_84946,2011-05-31,96,1.11,0.0,0
UCI_84946,2011-06-01,100,1.11,0.0,0
UCI_84946,2011-06-02,9,1.65,0.0,0
UCI_84946,2011-06-03,28,1.47,0.0,0
UCI_84946,2011-06-05,36,1.25,0.0,0
UCI_84946,2011-06-06,90,1.18,0.0,0
UCI_84946,2011-06-07,260,1.24,0.0,0
UCI_84946,2011-06-08,121,1.26,0.0,0
UCI_84946,2011-06-09,75,1.3,0.0,0
UCI_84946,2011-06-10,24,1.25,0.0,0
UCI_84946,2011-06-12,6,1.25,0.0,0
UCI_84946,2011-06-13,116,2.08,0.0,0
UCI_84946,2011-06-14,132,1.31,0.0,0
UCI_84946,2011-06-15,3,2.46,0.0,0
UCI_84946,2011-06-16,7,1.42,0.0,0
UCI_84946,2011-06-17,12,1.25,0.0,0
UCI_84946,2011-06-19,24,1.25,0.0,0
UCI_84946,2011-06-20,47,2.46,0.0,0
UCI_84946,2011-06-21,16,1.48,0.0,0
UCI_84946,2011-06-23,72,1.06,0.0,0
UCI_84946,2011-06-24,15,1.49,0.0,0
UCI_84946,2011-06-26,6,1.25,0.0,0
UCI_84946,2011-06-27,216,1.06,0.0,0
UCI_84946,2011-06-30,12,1.25,0.0,0
UCI_84946,2011-07-01,144,1.06,0.0,0
UCI_84946,2011-07-04,98,2.31,0.0,0
UCI_84946,2011-07-05,22,1.8,0.0,0
UCI_84946,2011-07-06,106,1.37,0.0,0
UCI_84946,2011-07-07,163,1.17,0.0,0
UCI_84946,2011-07-08,70,1.94,0.0,0
UCI_84946,2011-07-10,4,1.25,0.0,0
UCI_84946,2011-07-11,12,1.25,0.0,0
UCI_84946,2011-07-12,20,1.37,0.0,0
UCI_84946,2011-07-14,36,1.25,0.0,0
UCI_84946,2011-07-15,16,1.55,0.0,0
UCI_84946,2011-07-17,12,1.25,0.0,0
UCI_84946,2011-07-18,48,1.55,0.0,0
UCI_84946,2011-07-19,36,1.25,0.0,0
UCI_84946,2011-07-20,12,1.25,0.0,0
UCI_84946,2011-07-21,313,1.08,0.0,0
UCI_84946,2011-07-22,56,1.25,0.0,0
UCI_84946,2011-07-24,42,1.25,0.0,0
UCI_84946,2011-07-25,45,1.68,0.0,0
UCI_84946,2011-07-26,3,2.46,0.0,0
UCI_84946,2011-07-27,15,1.49,0.0,0
UCI_84946,2011-07-29,72,1.25,0.0,0
UCI_84946,2011-07-31,24,1.25,0.0,0
UCI_84946,2011-08-01,26,1.34,0.0,0
UCI_84946,2011-08-02,72,1.06,0.0,0
UCI_84946,2011-08-03,288,1.06,0.0,0
UCI_84946,2011-08-04,113,1.95,0.0,0
UCI_84946,2011-08-05,78,1.07,0.0,0
UCI_84946,2011-08-07,12,1.25,0.0,0
UCI_84946,2011-08-08,98,1.14,0.0,0
UCI_84946,2011-08-09,10,2.46,0.0,0
UCI_84946,2011-08-10,16,2.46,0.0,0
UCI_84946,2011-08-11,31,1.52,0.0,0
UCI_84946,2011-08-12,8,2.46,0.0,0
UCI_84946,2011-08-17,456,1.07,0.0,0
UCI_84946,2011-08-18,48,1.25,0.0,0
UCI_84946,2011-08-19,36,1.25,0.0,0
UCI_84946,2011-08-22,36,1.25,0.0,0
UCI_84946,2011-08-23,12,1.25,0.0,0
UCI_84946,2011-08-25,42,1.25,0.0,0
UCI_84946,2011-08-26,168,1.09,0.0,0
UCI_84946,2011-08-28,6,1.25,0.0,0
UCI_84946,2011-08-30,19,2.46,0.0,0
UCI_84946,2011-08-31,25,1.3,0.0,0
UCI_84946,2011-09-01,72,1.25,0.0,0
UCI_84946,2011-09-02,56,1.42,0.0,0
UCI_84946,2011-09-04,12,1.25,0.0,0
UCI_84946,2011-09-05,12,1.25,0.0,0
UCI_84946,2011-09-06,72,1.06,0.0,0
UCI_84946,2011-09-07,52,1.34,0.0,0
UCI_84946,2011-09-08,87,1.13,0.0,0
UCI_84946,2011-09-09,12,1.25,0.0,0
UCI_84946,2011-09-11,36,1.25,0.0,0
UCI_84946,2011-09-12,12,1.25,0.0,0
UCI_84946,2011-09-13,4,2.46,0.0,0
UCI_84946,2011-09-14,27,1.38,0.0,0
UCI_84946,2011-09-15,72,1.25,0.0,0
UCI_84946,2011-09-19,36,1.25,0.0,0
UCI_84946,2011-09-20,170,1.1,0.0,0
UCI_84946,2011-09-21,33,1.58,0.0,0
UCI_84946,2011-09-22,24,1.25,0.0,0
UCI_84946,2011-09-23,46,1.99,0.0,0
UCI_84946,2011-09-25,192,1.11,0.0,0
UCI_84946,2011-09-26,60,2.22,0.0,0
UCI_84946,2011-09-28,84,1.09,0.0,0
UCI_84946,2011-09-29,136,1.29,0.0,0
UCI_84946,2011-09-30,80,1.55,0.0,0
UCI_84946,2011-10-02,18,1.25,0.0,0
UCI_84946,2011-10-03,66,1.36,0.0,0
UCI_84946,2011-10-04,64,1.33,0.0,0
UCI_84946,2011-10-05,75,1.3,0.0,0
UCI_84946,2011-10-06,87,1.29,0.0,0
UCI_84946,2011-10-07,44,1.3,0.0,0
UCI_84946,2011-10-09,6,1.25,0.0,0
UCI_84946,2011-10-10,280,1.12,0.0,0
UCI_84946,2011-10-11,75,1.3,0.0,0
UCI_84946,2011-10-12,91,1.19,0.0,0
UCI_84946,2011-10-13,37,1.28,0.0,0
UCI_84946,2011-10-14,4,1.25,0.0,0
UCI_84946,2011-10-16,12,1.25,0.0,0
UCI_84946,2011-10-17,48,1.25,0.0,0
UCI_84946,2011-10-18,41,1.34,0.0,0
UCI_84946,2011-10-19,209,1.22,0.0,0
UCI_84946,2011-10-20,96,1.25,0.0,0
UCI_84946,2011-10-21,24,1.25,0.0,0
UCI_84946,2011-10-23,6,1.25,0.0,0
UCI_84946,2011-10-24,41,1.4,0.0,0
UCI_84946,2011-10-25,36,1.25,0.0,0
UCI_84946,2011-10-26,26,1.25,0.0,0
UCI_84946,2011-10-27,48,1.25,0.0,0
UCI_84946,2011-10-28,36,1.25,0.0,0
UCI_84946,2011-10-30,41,1.25,0.0,0
UCI_84946,2011-10-31,190,1.21,0.0,0
UCI_84946,2011-11-01,216,1.19,0.0,0
UCI_84946,2011-11-02,205,1.22,0.0,0
UCI_84946,2011-11-03,146,1.17,0.0,0
UCI_84946,2011-11-04,60,1.25,0.0,0
UCI_84946,2011-11-06,30,1.25,0.0,0
UCI_84946,2011-11-07,258,2.36,0.0,0
UCI_84946,2011-11-08,112,1.36,0.0,0
UCI_84946,2011-11-09,206,1.2,0.0,0
UCI_84946,2011-11-10,125,1.3,0.0,0
UCI_84946,2011-11-11,167,1.42,0.0,0
UCI_84946,2011-11-13,211,1.12,0.0,0
UCI_84946,2011-11-14,314,2.1,0.0,0
UCI_84946,2011-11-15,47,1.38,0.0,0
UCI_84946,2011-11-16,178,1.24,0.0,0
UCI_84946,2011-11-17,37,1.68,0.0,0
UCI_84946,2011-11-18,137,1.21,0.0,0
UCI_84946,2011-11-20,96,1.25,0.0,0
UCI_84946,2011-11-21,170,1.1,0.0,0
UCI_84946,2011-11-22,53,1.36,0.0,0
UCI_84946,2011-11-23,149,1.2,0.0,0
UCI_84946,2011-11-24,161,1.42,0.0,0
UCI_84946,2011-11-25,20,1.49,0.0,0
UCI_84946,2011-11-27,24,1.25,0.0,0
UCI_84946,2011-11-28,88,1.39,0.0,0
UCI_84946,2011-11-29,85,1.58,0.0,0
UCI_84946,2011-11-30,94,1.46,0.0,0
UCI_84946,2011-12-01,77,1.33,0.0,0
UCI_84946,2011-12-02,105,1.28,0.0,0
UCI_84946,2011-12-04,40,1.25,0.0,0
UCI_84946,2011-12-05,165,1.48,0.0,0
UCI_84946,2011-12-06,171,1.19,0.0,0
UCI_84946,2011-12-07,42,1.25,0.0,0
UCI_84946,2011-12-08,50,2.17,0.0,0
UCI_84946,2011-12-09,42,1.77,0.0,0
UCI_84991,2010-12-01,78,0.58,0.0,0
UCI_84991,2010-12-02,168,0.46,0.0,0
UCI_84991,2010-12-03,30,0.73,0.0,0
UCI_84991,2010-12-05,8,0.55,0.0,0
UCI_84991,2010-12-06,57,0.59,0.0,0
UCI_84991,2010-12-07,30,0.73,0.0,0
UCI_84991,2010-12-08,77,0.55,0.0,0
UCI_84991,2010-12-09,61,0.56,0.0,0
UCI_84991,2010-12-10,34,0.85,0.0,0
UCI_84991,2010-12-12,7,0.55,0.0,0
UCI_84991,2010-12-13,43,0.6,0.0,0
UCI_84991,2010-12-14,128,0.47,0.0,0
UCI_84991,2010-12-15,24,0.55,0.0,0
UCI_84991,2010-12-16,231,0.48,0.0,0
UCI_84991,2010-12-17,1,1.28,0.0,0
UCI_84991,2010-12-19,1,0.55,0.0,0
UCI_84991,2010-12-20,482,0.4,0.0,0
UCI_84991,2010-12-21,77,0.62,0.0,0
UCI_84991,2010-12-23,48,0.55,0.0,0
UCI_84991,2011-01-04,6,0.67,0.0,0
UCI_84991,2011-01-05,29,0.63,0.0,0
UCI_84991,2011-01-06,81,0.6,0.0,0
UCI_84991,2011-01-07,24,0.55,0.0,0
UCI_84991,2011-01-09,30,0.55,0.0,0
UCI_84991,2011-01-10,38,0.59,0.0,0
UCI_84991,2011-01-11,31,0.71,0.0,0
UCI_84991,2011-01-12,50,0.56,0.0,0
UCI_84991,2011-01-13,24,0.55,0.0,0
UCI_84991,2011-01-14,30,0.62,0.0,0
UCI_84991,2011-01-16,120,0.42,0.0,0
UCI_84991,2011-01-18,120,0.42,0.0,0
UCI_84991,2011-01-19,124,0.43,0.0,0
UCI_84991,2011-01-21,6,1.25,0.0,0
UCI_84991,2011-01-23,24,0.55,0.0,0
UCI_84991,2011-01-24,30,0.55,0.0,0
UCI_84991,2011-01-25,58,0.6,0.0,0
UCI_84991,2011-01-26,48,0.55,0.0,0
UCI_84991,2011-01-27,9,0.63,0.0,0
UCI_84991,2011-01-28,3,1.25,0.0,0
UCI_84991,2011-01-30,24,0.55,0.0,0
UCI_84991,2011-01-31,224,0.49,0.0,0
UCI_84991,2011-02-01,16,0.99,0.0,0
UCI_84991,2011-02-02,52,0.6,0.0,0
UCI_84991,2011-02-03,60,0.55,0.0,0
UCI_84991,2011-02-04,29,0.67,0.0,0
UCI_84991,2011-02-06,4,0.55,0.0,0
UCI_84991,2011-02-07,48,0.55,0.0,0
UCI_84991,2011-02-08,9,1.25,0.0,0
UCI_84991,2011-02-11,2,1.25,0.0,0
UCI_84991,2011-02-13,24,0.55,0.0,0
UCI_84991,2011-02-14,51,0.55,0.0,0
UCI_84991,2011-02-15,27,0.55,0.0,0
UCI_84991,2011-02-17,36,0.69,0.0,0
UCI_84991,2011-02-18,145,0.45,0.0,0
UCI_84991,2011-02-21,14,0.6,0.0,0
UCI_84991,2011-02-22,26,0.6,0.0,0
UCI_84991,2011-02-23,31,0.71,0.0,0
UCI_84991,2011-02-24,48,0.55,0.0,0
UCI_84991,2011-02-25,75,0.58,0.0,0
UCI_84991,2011-02-28,26,0.58,0.0,0
UCI_84991,2011-03-02,72,0.55,0.0,0
UCI_84991,2011-03-03,25,0.58,0.0,0
UCI_84991,2011-03-04,3,0.55,0.0,0
UCI_84991,2011-03-06,8,0.55,0.0,0
UCI_84991,2011-03-07,159,0.52,0.0,0
UCI_84991,2011-03-08,73,0.56,0.0,0
UCI_84991,2011-03-09,72,0.55,0.0,0
UCI_84991,2011-03-10,264,0.43,0.0,0
UCI_84991,2011-03-11,29,0.62,0.0,0
UCI_84991,2011-03-13,1,0.55,0.0,0
UCI_84991,2011-03-14,26,0.55,0.0,0
UCI_84991,2011-03-15,15,0.92,0.0,0
UCI_84991,2011-03-16,384,0.42,0.0,0
UCI_84991,2011-03-17,52,0.59,0.0,0
UCI_84991,2011-03-18,29,0.65,0.0,0
UCI_84991,2011-03-20,32,0.55,0.0,0
UCI_84991,2011-03-21,61,0.55,0.0,0
UCI_84991,2011-03-22,67,0.63,0.0,0
UCI_84991,2011-03-23,57,0.55,0.0,0
UCI_84991,2011-03-24,25,0.55,0.0,0
UCI_84991,2011-03-25,26,0.55,0.0,0
UCI_84991,2011-03-27,2,0.55,0.0,0
UCI_84991,2011-03-28,77,0.56,0.0,0
UCI_84991,2011-03-29,423,0.5,0.0,0
UCI_84991,2011-03-30,2,0.9,0.0,0
UCI_84991,2011-03-31,80,0.62,0.0,0
UCI_84991,2011-04-01,145,0.44,0.0,0
UCI_84991,2011-04-03,8,0.55,0.0,0
UCI_84991,2011-04-04,50,0.55,0.0,0
UCI_84991,2011-04-05,52,0.58,0.0,0
UCI_84991,2011-04-06,64,0.7,0.0,0
UCI_84991,2011-04-07,5,0.55,0.0,0
UCI_84991,2011-04-08,73,0.56,0.0,0
UCI_84991,2011-04-10,25,0.55,0.0,0
UCI_84991,2011-04-11,181,0.48,0.0,0
UCI_84991,2011-04-12,52,0.55,0.0,0
UCI_84991,2011-04-14,120,0.55,0.0,0
UCI_84991,2011-04-15,108,0.59,0.0,0
UCI_84991,2011-04-17,14,0.55,0.0,0
UCI_84991,2011-04-18,57,0.61,0.0,0
UCI_84991,2011-04-19,26,0.58,0.0,0
UCI_84991,2011-04-20,1069,0.42,0.0,0
UCI_84991,2011-04-21,30,0.64,0.0,0
UCI_84991,2011-04-26,48,0.71,0.0,0
UCI_84991,2011-04-27,28,0.55,0.0,0
UCI_84991,2011-04-28,146,0.44,0.0,0
UCI_84991,2011-05-01,24,0.55,0.0,0
UCI_84991,2011-05-03,28,0.65,0.0,0
UCI_84991,2011-05-04,30,0.55,0.0,0
UCI_84991,2011-05-05,25,0.58,0.0,0
UCI_84991,2011-05-06,153,0.55,0.0,0
UCI_84991,2011-05-08,28,0.55,0.0,0
UCI_84991,2011-05-09,31,0.6,0.0,0
UCI_84991,2011-05-10,77,0.58,0.0,0
UCI_84991,2011-05-11,97,0.55,0.0,0
UCI_84991,2011-05-12,266,0.55,0.0,0
UCI_84991,2011-05-13,49,0.55,0.0,0
UCI_84991,2011-05-15,12,0.55,0.0,0
UCI_84991,2011-05-16,26,0.55,0.0,0
UCI_84991,2011-05-17,48,0.55,0.0,0
UCI_84991,2011-05-18,48,0.55,0.0,0
UCI_84991,2011-05-19,1,0.55,0.0,0
UCI_84991,2011-05-20,78,0.57,0.0,0
UCI_84991,2011-05-22,30,0.55,0.0,0
UCI_84991,2011-05-23,10,0.55,0.0,0
UCI_84991,2011-05-24,28,0.6,0.0,0
UCI_84991,2011-05-25,25,0.58,0.0,0
UCI_84991,2011-05-26,120,0.42,0.0,0
UCI_84991,2011-05-27,105,0.55,0.0,0
UCI_84991,2011-05-29,13,0.55,0.0,0
UCI_84991,2011-05-31,24,0.55,0.0,0
UCI_84991,2011-06-01,2,1.25,0.0,0
UCI_84991,2011-06-02,9,0.55,0.0,0
UCI_84991,2011-06-03,1,1.25,0.0,0
UCI_84991,2011-06-05,100,0.55,0.0,0
UCI_84991,2011-06-06,28,0.55,0.0,0
UCI_84991,2011-06-08,27,0.55,0.0,0
UCI_84991,2011-06-09,11,0.55,0.0,0
UCI_84991,2011-06-10,4,0.55,0.0,0
UCI_84991,2011-06-12,20,0.55,0.0,0
UCI_84991,2011-06-13,4,0.55,0.0,0
UCI_84991,2011-06-14,27,0.63,0.0,0
UCI_84991,2011-06-15,177,0.46,0.0,0
UCI_84991,2011-06-16,48,0.55,0.0,0
UCI_84991,2011-06-17,48,0.55,0.0,0
UCI_84991,2011-06-20,61,0.6,0.0,0
UCI_84991,2011-06-21,3,1.25,0.0,0
UCI_84991,2011-06-23,28,0.62,0.0,0
UCI_84991,2011-06-26,2,0.55,0.0,0
UCI_84991,2011-06-27,3,0.55,0.0,0
UCI_84991,2011-06-28,24,0.55,0.0,0
UCI_84991,2011-06-29,133,0.43,0.0,0
UCI_84991,2011-06-30,24,0.55,0.0,0
UCI_84991,2011-07-03,1,0.55,0.0,0
UCI_84991,2011-07-04,1,1.25,0.0,0
UCI_84991,2011-07-05,556,0.43,0.0,0
UCI_84991,2011-07-06,2,1.25,0.0,0
UCI_84991,2011-07-07,86,0.57,0.0,0
UCI_84991,2011-07-11,30,0.55,0.0,0
UCI_84991,2011-07-12,5,0.69,0.0,0
UCI_84991,2011-07-13,26,0.55,0.0,0
UCI_84991,2011-07-14,72,0.55,0.0,0
UCI_84991,2011-07-18,8,0.73,0.0,0
UCI_84991,2011-07-19,24,0.55,0.0,0
UCI_84991,2011-07-20,37,0.57,0.0,0
UCI_84991,2011-07-22,49,0.56,0.0,0
UCI_84991,2011-07-24,6,0.55,0.0,0
UCI_84991,2011-07-25,56,0.59,0.0,0
UCI_84991,2011-07-26,30,0.57,0.0,0
UCI_84991,2011-07-27,146,0.56,0.0,0
UCI_84991,2011-07-28,74,0.57,0.0,0
UCI_84991,2011-07-29,72,0.55,0.0,0
UCI_84991,2011-07-31,24,0.55,0.0,0
UCI_84991,2011-08-01,25,0.58,0.0,0
UCI_84991,2011-08-02,49,0.56,0.0,0
UCI_84991,2011-08-03,32,0.59,0.0,0
UCI_84991,2011-08-04,48,0.55,0.0,0
UCI_84991,2011-08-05,87,0.55,0.0,0
UCI_84991,2011-08-07,4,0.55,0.0,0
UCI_84991,2011-08-08,122,0.55,0.0,0
UCI_84991,2011-08-09,145,0.45,0.0,0
UCI_84991,2011-08-10,25,0.58,0.0,0
UCI_84991,2011-08-12,48,0.55,0.0,0
UCI_84991,2011-08-15,54,0.55,0.0,0
UCI_84991,2011-08-17,48,0.55,0.0,0
UCI_84991,2011-08-18,492,0.4,0.0,0
UCI_84991,2011-08-19,48,0.55,0.0,0
UCI_84991,2011-08-21,6,0.55,0.0,0
UCI_84991,2011-08-23,41,0.55,0.0,0
UCI_84991,2011-08-24,15,0.55,0.0,0
UCI_84991,2011-08-26,96,0.55,0.0,0
UCI_84991,2011-08-28,1,0.55,0.0,0
UCI_84991,2011-08-30,4,1.25,0.0,0
UCI_84991,2011-08-31,28,0.55,0.0,0
UCI_84991,2011-09-01,48,0.55,0.0,0
UCI_84991,2011-09-02,27,0.55,0.0,0
UCI_84991,2011-09-04,34,0.55,0.0,0
UCI_84991,2011-09-05,296,0.44,0.0,0
UCI_84991,2011-09-07,2,1.25,0.0,0
UCI_84991,2011-09-08,33,0.55,0.0,0
UCI_84991,2011-09-09,145,0.44,0.0,0
UCI_84991,2011-09-11,433,0.44,0.0,0
UCI_84991,2011-09-13,654,0.43,0.0,0
UCI_84991,2011-09-15,28,0.58,0.0,0
UCI_84991,2011-09-16,48,0.55,0.0,0
UCI_84991,2011-09-18,3,0.55,0.0,0
UCI_84991,2011-09-19,147,0.44,0.0,0
UCI_84991,2011-09-20,52,0.49,0.0,0
UCI_84991,2011-09-21,145,0.45,0.0,0
UCI_84991,2011-09-22,29,0.55,0.0,0
UCI_84991,2011-09-23,29,0.62,0.0,0
UCI_84991,2011-09-25,24,0.55,0.0,0
UCI_84991,2011-09-26,73,0.55,0.0,0
UCI_84991,2011-09-28,41,0.58,0.0,0
UCI_84991,2011-09-29,52,0.55,0.0,0
UCI_84991,2011-09-30,48,0.55,0.0,0
UCI_84991,2011-10-02,6,0.55,0.0,0
UCI_84991,2011-10-03,28,0.6,0.0,0
UCI_84991,2011-10-05,25,0.55,0.0,0
UCI_84991,2011-10-06,3,0.55,0.0,0
UCI_84991,2011-10-07,101,0.56,0.0,0
UCI_84991,2011-10-10,35,0.55,0.0,0
UCI_84991,2011-10-11,6,1.25,0.0,0
UCI_84991,2011-10-12,48,0.55,0.0,0
UCI_84991,2011-10-13,98,0.56,0.0,0
UCI_84991,2011-10-14,6,0.55,0.0,0
UCI_84991,2011-10-17,296,0.45,0.0,0
UCI_84991,2011-10-19,25,0.55,0.0,0
UCI_84991,2011-10-20,408,0.44,0.0,0
UCI_84991,2011-10-24,2,0.55,0.0,0
UCI_84991,2011-10-25,52,0.55,0.0,0
UCI_84991,2011-10-27,13,0.55,0.0,0
UCI_84991,2011-10-28,340,0.46,0.0,0
UCI_84991,2011-10-30,30,0.55,0.0,0
UCI_84991,2011-10-31,26,0.6,0.0,0
UCI_84991,2011-11-01,1,0.55,0.0,0
UCI_84991,2011-11-02,27,0.58,0.0,0
UCI_84991,2011-11-03,120,0.42,0.0,0
UCI_84991,2011-11-04,27,0.55,0.0,0
UCI_84991,2011-11-06,62,0.55,0.0,0
UCI_84991,2011-11-07,25,0.55,0.0,0
UCI_84991,2011-11-08,1,0.55,0.0,0
UCI_84991,2011-11-09,73,0.47,0.0,0
UCI_84991,2011-11-10,51,0.59,0.0,0
UCI_84991,2011-11-11,10,0.83,0.0,0
UCI_84991,2011-11-13,36,0.55,0.0,0
UCI_84991,2011-11-14,31,0.64,0.0,0
UCI_84991,2011-11-15,225,0.44,0.0,0
UCI_84991,2011-11-16,247,0.43,0.0,0
UCI_84991,2011-11-17,10,0.55,0.0,0
UCI_84991,2011-11-18,26,0.6,0.0,0
UCI_84991,2011-11-20,8,0.55,0.0,0
UCI_84991,2011-11-21,183,0.55,0.0,0
UCI_84991,2011-11-22,50,0.58,0.0,0
UCI_84991,2011-11-23,101,0.56,0.0,0
UCI_84991,2011-11-24,14,0.6,0.0,0
UCI_84991,2011-11-27,9,0.55,0.0,0
UCI_84991,2011-11-28,1,0.55,0.0,0
UCI_84991,2011-11-29,37,0.57,0.0,0
UCI_84991,2011-11-30,50,0.56,0.0,0
UCI_84991,2011-12-02,27,0.58,0.0,0
UCI_84991,2011-12-04,21,0.55,0.0,0
UCI_84991,2011-12-05,33,0.68,0.0,0
UCI_84991,2011-12-06,3,1.25,0.0,0
UCI_84991,2011-12-07,31,0.55,0.0,0
UCI_84991,2011-12-08,20,0.69,0.0,0
UCI_84991,2011-12-09,1,1.25,0.0,0
UCI_85099B,2010-12-01,556,1.69,0.0,0
UCI_85099B,2010-12-02,48,1.95,0.0,0
UCI_85099B,2010-12-03,49,2.23,0.0,0
UCI_85099B,2010-12-05,39,1.95,0.0,0
UCI_85099B,2010-12-06,157,1.87,0.0,0
UCI_85099B,2010-12-07,343,1.81,0.0,0
UCI_85099B,2010-12-08,205,1.85,0.0,0
UCI_85099B,2010-12-09,21,2.7,0.0,0
UCI_85099B,2010-12-10,125,1.8,0.0,0
UCI_85099B,2010-12-12,1,1.95,0.0,0
UCI_85099B,2010-12-13,28,2.43,0.0,0
UCI_85099B,2010-12-14,63,2.17,0.0,0
UCI_85099B,2010-12-15,80,1.95,0.0,0
UCI_85099B,2010-12-16,210,1.81,0.0,0
UCI_85099B,2010-12-17,45,2.7,0.0,0
UCI_85099B,2010-12-19,1,1.95,0.0,0
UCI_85099B,2010-12-20,47,2.19,0.0,0
UCI_85099B,2010-12-21,122,1.93,0.0,0
UCI_85099B,2010-12-23,11,2.16,0.0,0
UCI_85099B,2011-01-04,27,1.95,0.0,0
UCI_85099B,2011-01-05,436,1.67,0.0,0
UCI_85099B,2011-01-06,354,1.7,0.0,0
UCI_85099B,2011-01-07,514,1.68,0.0,0
UCI_85099B,2011-01-09,43,1.95,0.0,0
UCI_85099B,2011-01-10,57,2.11,0.0,0
UCI_85099B,2011-01-11,1,4.21,0.0,0
UCI_85099B,2011-01-12,4,4.21,0.0,0
UCI_85099B,2011-01-13,33,2.54,0.0,0
UCI_85099B,2011-01-14,120,2.49,0.0,0
UCI_85099B,2011-01-16,10,1.95,0.0,0
UCI_85099B,2011-01-17,37,2.66,0.0,0
UCI_85099B,2011-01-18,87,2.3,0.0,0
UCI_85099B,2011-01-19,242,1.72,0.0,0
UCI_85099B,2011-01-20,4,2.5,0.0,0
UCI_85099B,2011-01-21,124,2.06,0.0,0
UCI_85099B,2011-01-23,100,1.65,0.0,0
UCI_85099B,2011-01-24,56,2.11,0.0,0
UCI_85099B,2011-01-25,393,1.72,0.0,0
UCI_85099B,2011-01-26,1,4.13,0.0,0
UCI_85099B,2011-01-27,51,1.99,0.0,0
UCI_85099B,2011-01-28,1,4.13,0.0,0
UCI_85099B,2011-01-31,52,2.41,0.0,0
UCI_85099B,2011-02-01,390,1.81,0.0,0
UCI_85099B,2011-02-02,310,1.75,0.0,0
UCI_85099B,2011-02-03,126,1.71,0.0,0
UCI_85099B,2011-02-04,23,3.09,0.0,0
UCI_85099B,2011-02-06,64,1.95,0.0,0
UCI_85099B,2011-02-07,30,1.95,0.0,0
UCI_85099B,2011-02-08,139,1.83,0.0,0
UCI_85099B,2011-02-09,36,2.62,0.0,0
UCI_85099B,2011-02-11,43,1.95,0.0,0
UCI_85099B,2011-02-13,40,1.95,0.0,0
UCI_85099B,2011-02-14,426,1.67,0.0,0
UCI_85099B,2011-02-15,54,2.03,0.0,0
UCI_85099B,2011-02-16,30,1.95,0.0,0
UCI_85099B,2011-02-17,131,2.08,0.0,0
UCI_85099B,2011-02-18,314,1.66,0.0,0
UCI_85099B,2011-02-20,30,1.95,0.0,0
UCI_85099B,2011-02-21,102,1.7,0.0,0
UCI_85099B,2011-02-22,324,1.69,0.0,0
UCI_85099B,2011-02-23,48,3.04,0.0,0
UCI_85099B,2011-02-24,161,1.78,0.0,0
UCI_85099B,2011-02-25,169,1.89,0.0,0
UCI_85099B,2011-02-27,6,1.95,0.0,0
UCI_85099B,2011-02-28,84,2.05,0.0,0
UCI_85099B,2011-03-01,288,1.8,0.0,0
UCI_85099B,2011-03-02,16,1.95,0.0,0
UCI_85099B,2011-03-03,30,1.95,0.0,0
UCI_85099B,2011-03-04,181,1.78,0.0,0
UCI_85099B,2011-03-06,25,1.95,0.0,0
UCI_85099B,2011-03-07,453,1.72,0.0,0
UCI_85099B,2011-03-08,117,1.95,0.0,0
UCI_85099B,2011-03-09,26,2.37,0.0,0
UCI_85099B,2011-03-10,41,2.11,0.0,0
UCI_85099B,2011-03-11,101,1.97,0.0,0
UCI_85099B,2011-03-14,141,1.74,0.0,0
UCI_85099B,2011-03-15,45,3.31,0.0,0
UCI_85099B,2011-03-16,10,1.95,0.0,0
UCI_85099B,2011-03-17,1246,1.66,0.0,0
UCI_85099B,2011-03-18,33,2.74,0.0,0
UCI_85099B,2011-03-20,71,1.98,0.0,0
UCI_85099B,2011-03-21,161,1.76,0.0,0
UCI_85099B,2011-03-22,45,2.87,0.0,0
UCI_85099B,2011-03-23,337,1.72,0.0,0
UCI_85099B,2011-03-24,315,1.76,0.0,0
UCI_85099B,2011-03-25,521,1.72,0.0,0
UCI_85099B,2011-03-28,143,1.76,0.0,0
UCI_85099B,2011-03-29,563,3.02,0.0,0
UCI_85099B,2011-03-30,331,1.68,0.0,0
UCI_85099B,2011-03-31,40,2.76,0.0,0
UCI_85099B,2011-04-01,16,2.0,0.0,0
UCI_85099B,2011-04-03,10,2.08,0.0,0
UCI_85099B,2011-04-04,329,1.94,0.0,0
UCI_85099B,2011-04-05,333,1.75,0.0,0
UCI_85099B,2011-04-06,118,1.89,0.0,0
UCI_85099B,2011-04-07,43,2.25,0.0,0
UCI_85099B,2011-04-08,118,2.28,0.0,0
UCI_85099B,2011-04-10,34,2.04,0.0,0
UCI_85099B,2011-04-11,22,2.08,0.0,0
UCI_85099B,2011-04-12,120,1.83,0.0,0
UCI_85099B,2011-04-13,40,2.08,0.0,0
UCI_85099B,2011-04-14,148,1.88,0.0,0
UCI_85099B,2011-04-15,66,2.58,0.0,0
UCI_85099B,2011-04-17,220,1.82,0.0,0
UCI_85099B,2011-04-18,169,2.28,0.0,0
UCI_85099B,2011-04-19,146,1.94,0.0,0
UCI_85099B,2011-04-20,110,2.08,0.0,0
UCI_85099B,2011-04-21,124,1.9,0.0,0
UCI_85099B,2011-04-26,190,2.13,0.0,0
UCI_85099B,2011-04-27,67,2.17,0.0,0
UCI_85099B,2011-04-28,33,2.14,0.0,0
UCI_85099B,2011-05-01,95,2.08,0.0,0
UCI_85099B,2011-05-03,51,2.08,0.0,0
UCI_85099B,2011-05-04,48,2.08,0.0,0
UCI_85099B,2011-05-05,77,2.21,0.0,0
UCI_85099B,2011-05-06,94,2.22,0.0,0
UCI_85099B,2011-05-08,110,2.08,0.0,0
UCI_85099B,2011-05-09,76,2.11,0.0,0
UCI_85099B,2011-05-10,396,2.09,0.0,0
UCI_85099B,2011-05-11,154,1.89,0.0,0
UCI_85099B,2011-05-12,237,1.84,0.0,0
UCI_85099B,2011-05-13,340,1.82,0.0,0
UCI_85099B,2011-05-15,3,2.08,0.0,0
UCI_85099B,2011-05-16,133,1.82,0.0,0
UCI_85099B,2011-05-17,161,1.98,0.0,0
UCI_85099B,2011-05-18,178,1.93,0.0,0
UCI_85099B,2011-05-19,162,2.12,0.0,0
UCI_85099B,2011-05-20,273,1.87,0.0,0
UCI_85099B,2011-05-22,71,2.08,0.0,0
UCI_85099B,2011-05-23,365,1.89,0.0,0
UCI_85099B,2011-05-24,251,1.89,0.0,0
UCI_85099B,2011-05-25,255,1.88,0.0,0
UCI_85099B,2011-05-26,6,2.08,0.0,0
UCI_85099B,2011-05-27,44,2.73,0.0,0
UCI_85099B,2011-05-29,12,2.08,0.0,0
UCI_85099B,2011-05-31,29,2.15,0.0,0
UCI_85099B,2011-06-01,21,2.57,0.0,0
UCI_85099B,2011-06-02,155,2.06,0.0,0
UCI_85099B,2011-06-03,33,2.14,0.0,0
UCI_85099B,2011-06-05,35,2.08,0.0,0
UCI_85099B,2011-06-06,123,1.82,0.0,0
UCI_85099B,2011-06-07,317,1.91,0.0,0
UCI_85099B,2011-06-08,135,2.7,0.0,0
UCI_85099B,2011-06-09,88,2.27,0.0,0
UCI_85099B,2011-06-10,72,2.28,0.0,0
UCI_85099B,2011-06-12,148,1.88,0.0,0
UCI_85099B,2011-06-13,35,2.31,0.0,0
UCI_85099B,2011-06-14,234,1.85,0.0,0
UCI_85099B,2011-06-15,313,1.99,0.0,0
UCI_85099B,2011-06-16,134,1.92,0.0,0
UCI_85099B,2011-06-17,120,1.84,0.0,0
UCI_85099B,2011-06-19,123,1.84,0.0,0
UCI_85099B,2011-06-20,356,1.92,0.0,0
UCI_85099B,2011-06-21,162,2.0,0.0,0
UCI_85099B,2011-06-22,120,1.84,0.0,0
UCI_85099B,2011-06-23,142,1.89,0.0,0
UCI_85099B,2011-06-24,31,2.15,0.0,0
UCI_85099B,2011-06-26,30,2.08,0.0,0
UCI_85099B,2011-06-27,237,1.9,0.0,0
UCI_85099B,2011-06-28,222,1.9,0.0,0
UCI_85099B,2011-06-29,60,2.08,0.0,0
UCI_85099B,2011-06-30,235,1.83,0.0,0
UCI_85099B,2011-07-01,57,2.33,0.0,0
UCI_85099B,2011-07-03,4,2.08,0.0,0
UCI_85099B,2011-07-04,51,2.24,0.0,0
UCI_85099B,2011-07-05,296,1.99,0.0,0
UCI_85099B,2011-07-06,200,1.96,0.0,0
UCI_85099B,2011-07-07,376,1.86,0.0,0
UCI_85099B,2011-07-08,434,2.02,0.0,0
UCI_85099B,2011-07-10,7,2.08,0.0,0
UCI_85099B,2011-07-11,22,2.08,0.0,0
UCI_85099B,2011-07-12,31,2.54,0.0,0
UCI_85099B,2011-07-13,76,2.12,0.0,0
UCI_85099B,2011-07-14,123,1.86,0.0,0
UCI_85099B,2011-07-15,44,2.27,0.0,0
UCI_85099B,2011-07-17,135,1.87,0.0,0
UCI_85099B,2011-07-18,71,2.72,0.0,0
UCI_85099B,2011-07-19,273,1.81,0.0,0
UCI_85099B,2011-07-20,279,1.87,0.0,0
UCI_85099B,2011-07-21,45,2.31,0.0,0
UCI_85099B,2011-07-22,40,2.18,0.0,0
UCI_85099B,2011-07-24,25,2.08,0.0,0
UCI_85099B,2011-07-25,59,2.39,0.0,0
UCI_85099B,2011-07-26,148,1.99,0.0,0
UCI_85099B,2011-07-27,162,1.91,0.0,0
UCI_85099B,2011-07-28,48,2.17,0.0,0
UCI_85099B,2011-07-29,111,2.08,0.0,0
UCI_85099B,2011-07-31,12,2.08,0.0,0
UCI_85099B,2011-08-01,348,1.83,0.0,0
UCI_85099B,2011-08-02,54,2.12,0.0,0
UCI_85099B,2011-08-03,38,2.19,0.0,0
UCI_85099B,2011-08-04,453,1.9,0.0,0
UCI_85099B,2011-08-05,134,1.83,0.0,0
UCI_85099B,2011-08-07,23,2.08,0.0,0
UCI_85099B,2011-08-08,358,1.86,0.0,0
UCI_85099B,2011-08-09,263,1.86,0.0,0
UCI_85099B,2011-08-10,557,1.85,0.0,0
UCI_85099B,2011-08-11,147,3.43,0.0,0
UCI_85099B,2011-08-12,26,3.18,0.0,0
UCI_85099B,2011-08-14,22,2.08,0.0,0
UCI_85099B,2011-08-15,62,2.08,0.0,0
UCI_85099B,2011-08-16,45,2.08,0.0,0
UCI_85099B,2011-08-17,281,1.97,0.0,0
UCI_85099B,2011-08-18,390,1.85,0.0,0
UCI_85099B,2011-08-19,100,2.08,0.0,0
UCI_85099B,2011-08-21,478,1.84,0.0,0
UCI_85099B,2011-08-22,130,2.08,0.0,0
UCI_85099B,2011-08-23,151,2.08,0.0,0
UCI_85099B,2011-08-24,968,1.88,0.0,0
UCI_85099B,2011-08-25,108,2.17,0.0,0
UCI_85099B,2011-08-26,50,2.08,0.0,0
UCI_85099B,2011-08-28,11,2.08,0.0,0
UCI_85099B,2011-08-30,38,3.05,0.0,0
UCI_85099B,2011-08-31,167,2.12,0.0,0
UCI_85099B,2011-09-01,301,1.89,0.0,0
UCI_85099B,2011-09-02,153,2.59,0.0,0
UCI_85099B,2011-09-04,58,2.08,0.0,0
UCI_85099B,2011-09-05,54,2.08,0.0,0
UCI_85099B,2011-09-06,84,2.08,0.0,0
UCI_85099B,2011-09-07,265,2.0,0.0,0
UCI_85099B,2011-09-08,47,2.52,0.0,0
UCI_85099B,2011-09-09,53,2.2,0.0,0
UCI_85099B,2011-09-11,53,2.08,0.0,0
UCI_85099B,2011-09-12,83,2.35,0.0,0
UCI_85099B,2011-09-13,144,1.89,0.0,0
UCI_85099B,2011-09-14,3,3.45,0.0,0
UCI_85099B,2011-09-15,167,2.4,0.0,0
UCI_85099B,2011-09-16,119,2.34,0.0,0
UCI_85099B,2011-09-18,225,1.82,0.0,0
UCI_85099B,2011-09-19,493,1.84,0.0,0
UCI_85099B,2011-09-20,150,2.15,0.0,0
UCI_85099B,2011-09-21,419,1.85,0.0,0
UCI_85099B,2011-09-22,268,1.93,0.0,0
UCI_85099B,2011-09-23,276,1.97,0.0,0
UCI_85099B,2011-09-25,61,2.08,0.0,0
UCI_85099B,2011-09-26,220,1.96,0.0,0
UCI_85099B,2011-09-27,174,2.16,0.0,0
UCI_85099B,2011-09-28,91,2.04,0.0,0
UCI_85099B,2011-09-29,372,1.92,0.0,0
UCI_85099B,2011-09-30,66,2.55,0.0,0
UCI_85099B,2011-10-02,6,2.08,0.0,0
UCI_85099B,2011-10-03,43,2.32,0.0,0
UCI_85099B,2011-10-04,77,2.35,0.0,0
UCI_85099B,2011-10-05,361,1.83,0.0,0
UCI_85099B,2011-10-06,1583,1.84,0.0,0
UCI_85099B,2011-10-07,623,1.78,0.0,0
UCI_85099B,2011-10-09,22,2.08,0.0,0
UCI_85099B,2011-10-10,62,2.74,0.0,0
UCI_85099B,2011-10-11,368,1.8,0.0,0
UCI_85099B,2011-10-12,78,2.21,0.0,0
UCI_85099B,2011-10-13,274,2.02,0.0,0
UCI_85099B,2011-10-14,147,1.97,0.0,0
UCI_85099B,2011-10-16,18,2.08,0.0,0
UCI_85099B,2011-10-17,409,1.9,0.0,0
UCI_85099B,2011-10-18,112,2.17,0.0,0
UCI_85099B,2011-10-19,54,2.61,0.0,0
UCI_85099B,2011-10-20,341,1.82,0.0,0
UCI_85099B,2011-10-21,122,1.84,0.0,0
UCI_85099B,2011-10-23,7,2.08,0.0,0
UCI_85099B,2011-10-24,287,2.04,0.0,0
UCI_85099B,2011-10-25,161,1.91,0.0,0
UCI_85099B,2011-10-26,48,2.72,0.0,0
UCI_85099B,2011-10-27,41,2.08,0.0,0
UCI_85099B,2011-10-28,12,2.08,0.0,0
UCI_85099B,2011-10-30,51,2.08,0.0,0
UCI_85099B,2011-10-31,105,3.04,0.0,0
UCI_85099B,2011-11-01,84,2.08,0.0,0
UCI_85099B,2011-11-02,244,1.89,0.0,0
UCI_85099B,2011-11-03,452,1.8,0.0,0
UCI_85099B,2011-11-04,58,2.43,0.0,0
UCI_85099B,2011-11-06,120,1.96,0.0,0
UCI_85099B,2011-11-07,146,2.25,0.0,0
UCI_85099B,2011-11-08,159,2.4,0.0,0
UCI_85099B,2011-11-09,725,1.85,0.0,0
UCI_85099B,2011-11-10,1074,1.81,0.0,0
UCI_85099B,2011-11-11,48,2.25,0.0,0
UCI_85099B,2011-11-13,47,2.52,0.0,0
UCI_85099B,2011-11-14,660,1.8,0.0,0
UCI_85099B,2011-11-15,380,1.91,0.0,0
UCI_85099B,2011-11-16,316,1.97,0.0,0
UCI_85099B,2011-11-17,97,2.21,0.0,0
UCI_85099B,2011-11-18,62,2.08,0.0,0
UCI_85099B,2011-11-20,87,2.53,0.0,0
UCI_85099B,2011-11-21,147,1.91,0.0,0
UCI_85099B,2011-11-22,132,2.08,0.0,0
UCI_85099B,2011-11-23,146,2.08,0.0,0
UCI_85099B,2011-11-24,245,2.05,0.0,0
UCI_85099B,2011-11-25,55,2.97,0.0,0
UCI_85099B,2011-11-27,28,2.08,0.0,0
UCI_85099B,2011-11-28,42,2.28,0.0,0
UCI_85099B,2011-11-29,165,2.38,0.0,0
UCI_85099B,2011-11-30,189,2.19,0.0,0
UCI_85099B,2011-12-01,149,1.91,0.0,0
UCI_85099B,2011-12-02,493,1.86,0.0,0
UCI_85099B,2011-12-04,12,2.08,0.0,0
UCI_85099B,2011-12-05,66,2.58,0.0,0
UCI_85099B,2011-12-06,175,1.93,0.0,0
UCI_85099B,2011-12-07,89,2.29,0.0,0
UCI_85099B,2011-12-08,106,2.35,0.0,0
UCI_85099B,2011-12-09,15,2.76,0.0,0
UCI_85099C,2010-12-01,141,1.74,0.0,0
UCI_85099C,2010-12-03,53,3.27,0.0,0
UCI_85099C,2010-12-05,10,1.95,0.0,0
UCI_85099C,2010-12-06,18,2.33,0.0,0
UCI_85099C,2010-12-07,66,2.77,0.0,0
UCI_85099C,2010-12-08,223,1.7,0.0,0
UCI_85099C,2010-12-09,2,1.95,0.0,0
UCI_85099C,2010-12-10,132,2.1,0.0,0
UCI_85099C,2010-12-12,8,1.95,0.0,0
UCI_85099C,2010-12-14,51,2.44,0.0,0
UCI_85099C,2010-12-15,22,1.95,0.0,0
UCI_85099C,2010-12-16,43,1.95,0.0,0
UCI_85099C,2010-12-17,21,2.06,0.0,0
UCI_85099C,2010-12-20,2,3.08,0.0,0
UCI_85099C,2010-12-21,105,1.77,0.0,0
UCI_85099C,2010-12-23,10,1.95,0.0,0
UCI_85099C,2011-01-04,20,1.95,0.0,0
UCI_85099C,2011-01-05,117,1.71,0.0,0
UCI_85099C,2011-01-06,165,1.77,0.0,0
UCI_85099C,2011-01-07,200,1.65,0.0,0
UCI_85099C,2011-01-09,5,1.95,0.0,0
UCI_85099C,2011-01-10,3,4.21,0.0,0
UCI_85099C,2011-01-11,5,4.21,0.0,0
UCI_85099C,2011-01-12,12,2.33,0.0,0
UCI_85099C,2011-01-13,15,1.95,0.0,0
UCI_85099C,2011-01-14,20,1.95,0.0,0
UCI_85099C,2011-01-16,21,1.95,0.0,0
UCI_85099C,2011-01-17,20,1.95,0.0,0
UCI_85099C,2011-01-19,22,1.95,0.0,0
UCI_85099C,2011-01-20,1,4.13,0.0,0
UCI_85099C,2011-01-21,14,3.2,0.0,0
UCI_85099C,2011-01-23,11,1.95,0.0,0
UCI_85099C,2011-01-24,125,1.8,0.0,0
UCI_85099C,2011-01-25,43,1.96,0.0,0
UCI_85099C,2011-01-26,11,2.15,0.0,0
UCI_85099C,2011-01-27,31,2.02,0.0,0
UCI_85099C,2011-01-28,1,4.13,0.0,0
UCI_85099C,2011-01-31,18,2.8,0.0,0
UCI_85099C,2011-02-01,35,2.14,0.0,0
UCI_85099C,2011-02-02,5,4.13,0.0,0
UCI_85099C,2011-02-03,23,1.95,0.0,0
UCI_85099C,2011-02-04,115,1.97,0.0,0
UCI_85099C,2011-02-06,30,1.95,0.0,0
UCI_85099C,2011-02-07,10,1.95,0.0,0
UCI_85099C,2011-02-08,19,2.98,0.0,0
UCI_85099C,2011-02-09,26,2.87,0.0,0
UCI_85099C,2011-02-10,11,2.15,0.0,0
UCI_85099C,2011-02-11,3,1.95,0.0,0
UCI_85099C,2011-02-14,206,1.66,0.0,0
UCI_85099C,2011-02-15,216,1.68,0.0,0
UCI_85099C,2011-02-17,18,4.01,0.0,0
UCI_85099C,2011-02-18,8,1.95,0.0,0
UCI_85099C,2011-02-21,3,1.95,0.0,0
UCI_85099C,2011-02-22,3,1.95,0.0,0
UCI_85099C,2011-02-23,13,4.13,0.0,0
UCI_85099C,2011-02-24,31,2.02,0.0,0
UCI_85099C,2011-02-25,31,2.72,0.0,0
UCI_85099C,2011-02-27,3,1.95,0.0,0
UCI_85099C,2011-02-28,20,1.95,0.0,0
UCI_85099C,2011-03-01,5,4.13,0.0,0
UCI_85099C,2011-03-02,16,1.95,0.0,0
UCI_85099C,2011-03-03,25,1.95,0.0,0
UCI_85099C,2011-03-04,22,1.95,0.0,0
UCI_85099C,2011-03-06,20,1.95,0.0,0
UCI_85099C,2011-03-07,230,1.86,0.0,0
UCI_85099C,2011-03-08,40,1.95,0.0,0
UCI_85099C,2011-03-09,10,1.95,0.0,0
UCI_85099C,2011-03-10,1,1.95,0.0,0
UCI_85099C,2011-03-11,2,4.13,0.0,0
UCI_85099C,2011-03-13,2,1.95,0.0,0
UCI_85099C,2011-03-14,11,1.95,0.0,0
UCI_85099C,2011-03-15,21,4.13,0.0,0
UCI_85099C,2011-03-16,10,1.95,0.0,0
UCI_85099C,2011-03-17,541,1.66,0.0,0
UCI_85099C,2011-03-18,44,2.64,0.0,0
UCI_85099C,2011-03-20,70,1.95,0.0,0
UCI_85099C,2011-03-21,30,1.95,0.0,0
UCI_85099C,2011-03-22,28,3.74,0.0,0
UCI_85099C,2011-03-23,347,1.73,0.0,0
UCI_85099C,2011-03-24,37,1.95,0.0,0
UCI_85099C,2011-03-25,5,1.95,0.0,0
UCI_85099C,2011-03-28,133,1.94,0.0,0
UCI_85099C,2011-03-29,95,1.88,0.0,0
UCI_85099C,2011-03-30,103,1.68,0.0,0
UCI_85099C,2011-03-31,19,2.66,0.0,0
UCI_85099C,2011-04-01,4,2.08,0.0,0
UCI_85099C,2011-04-03,3,2.08,0.0,0
UCI_85099C,2011-04-04,26,2.16,0.0,0
UCI_85099C,2011-04-06,11,1.96,0.0,0
UCI_85099C,2011-04-07,14,2.08,0.0,0
UCI_85099C,2011-04-08,25,2.03,0.0,0
UCI_85099C,2011-04-10,12,2.08,0.0,0
UCI_85099C,2011-04-11,20,2.08,0.0,0
UCI_85099C,2011-04-12,10,2.08,0.0,0
UCI_85099C,2011-04-14,128,1.85,0.0,0
UCI_85099C,2011-04-15,19,3.48,0.0,0
UCI_85099C,2011-04-17,1,2.08,0.0,0
UCI_85099C,2011-04-18,105,1.86,0.0,0
UCI_85099C,2011-04-19,5,4.13,0.0,0
UCI_85099C,2011-04-20,35,2.08,0.0,0
UCI_85099C,2011-04-21,2,4.13,0.0,0
UCI_85099C,2011-04-26,55,3.2,0.0,0
UCI_85099C,2011-04-27,201,1.75,0.0,0
UCI_85099C,2011-04-28,22,2.27,0.0,0
UCI_85099C,2011-05-03,6,2.08,0.0,0
UCI_85099C,2011-05-04,20,2.08,0.0,0
UCI_85099C,2011-05-05,139,1.89,0.0,0
UCI_85099C,2011-05-06,52,2.16,0.0,0
UCI_85099C,2011-05-08,51,2.08,0.0,0
UCI_85099C,2011-05-09,31,2.15,0.0,0
UCI_85099C,2011-05-10,57,3.77,0.0,0
UCI_85099C,2011-05-11,25,2.08,0.0,0
UCI_85099C,2011-05-13,133,1.86,0.0,0
UCI_85099C,2011-05-16,26,2.47,0.0,0
UCI_85099C,2011-05-17,16,3.36,0.0,0
UCI_85099C,2011-05-18,140,1.86,0.0,0
UCI_85099C,2011-05-19,33,2.2,0.0,0
UCI_85099C,2011-05-20,15,2.35,0.0,0
UCI_85099C,2011-05-22,72,2.06,0.0,0
UCI_85099C,2011-05-23,11,2.08,0.0,0
UCI_85099C,2011-05-24,35,2.14,0.0,0
UCI_85099C,2011-05-25,127,1.85,0.0,0
UCI_85099C,2011-05-26,100,1.79,0.0,0
UCI_85099C,2011-05-27,112,1.82,0.0,0
UCI_85099C,2011-05-29,2,2.08,0.0,0
UCI_85099C,2011-05-31,12,2.25,0.0,0
UCI_85099C,2011-06-01,4,4.13,0.0,0
UCI_85099C,2011-06-02,157,1.81,0.0,0
UCI_85099C,2011-06-03,14,2.08,0.0,0
UCI_85099C,2011-06-05,23,2.08,0.0,0
UCI_85099C,2011-06-06,34,2.2,0.0,0
UCI_85099C,2011-06-07,34,2.14,0.0,0
UCI_85099C,2011-06-08,28,2.15,0.0,0
UCI_85099C,2011-06-09,31,2.08,0.0,0
UCI_85099C,2011-06-10,110,1.82,0.0,0
UCI_85099C,2011-06-12,24,2.08,0.0,0
UCI_85099C,2011-06-13,10,2.08,0.0,0
UCI_85099C,2011-06-14,11,2.27,0.0,0
UCI_85099C,2011-06-15,25,2.49,0.0,0
UCI_85099C,2011-06-16,219,1.81,0.0,0
UCI_85099C,2011-06-17,10,2.08,0.0,0
UCI_85099C,2011-06-19,100,1.79,0.0,0
UCI_85099C,2011-06-20,14,2.23,0.0,0
UCI_85099C,2011-06-21,30,2.08,0.0,0
UCI_85099C,2011-06-22,18,2.08,0.0,0
UCI_85099C,2011-06-23,8,2.08,0.0,0
UCI_85099C,2011-06-24,13,2.4,0.0,0
UCI_85099C,2011-06-26,20,2.08,0.0,0
UCI_85099C,2011-06-27,2,2.08,0.0,0
UCI_85099C,2011-06-28,20,2.08,0.0,0
UCI_85099C,2011-06-29,114,1.83,0.0,0
UCI_85099C,2011-06-30,15,2.35,0.0,0
UCI_85099C,2011-07-01,20,2.08,0.0,0
UCI_85099C,2011-07-03,20,2.08,0.0,0
UCI_85099C,2011-07-04,23,2.17,0.0,0
UCI_85099C,2011-07-05,114,1.9,0.0,0
UCI_85099C,2011-07-06,2,2.08,0.0,0
UCI_85099C,2011-07-07,31,2.28,0.0,0
UCI_85099C,2011-07-08,150,1.89,0.0,0
UCI_85099C,2011-07-10,4,2.08,0.0,0
UCI_85099C,2011-07-11,11,2.27,0.0,0
UCI_85099C,2011-07-12,16,2.85,0.0,0
UCI_85099C,2011-07-13,38,2.4,0.0,0
UCI_85099C,2011-07-14,21,2.08,0.0,0
UCI_85099C,2011-07-15,2,4.13,0.0,0
UCI_85099C,2011-07-17,5,2.08,0.0,0
UCI_85099C,2011-07-18,14,2.37,0.0,0
UCI_85099C,2011-07-19,100,1.79,0.0,0
UCI_85099C,2011-07-20,23,2.08,0.0,0
UCI_85099C,2011-07-21,31,2.81,0.0,0
UCI_85099C,2011-07-22,22,2.08,0.0,0
UCI_85099C,2011-07-24,20,2.08,0.0,0
UCI_85099C,2011-07-25,11,2.08,0.0,0
UCI_85099C,2011-07-26,108,1.89,0.0,0
UCI_85099C,2011-07-27,4,3.1,0.0,0
UCI_85099C,2011-07-28,20,2.08,0.0,0
UCI_85099C,2011-07-29,21,2.08,0.0,0
UCI_85099C,2011-08-01,5,2.08,0.0,0
UCI_85099C,2011-08-02,20,2.08,0.0,0
UCI_85099C,2011-08-03,14,2.08,0.0,0
UCI_85099C,2011-08-04,222,1.82,0.0,0
UCI_85099C,2011-08-05,3,2.76,0.0,0
UCI_85099C,2011-08-08,26,2.47,0.0,0
UCI_85099C,2011-08-09,30,2.08,0.0,0
UCI_85099C,2011-08-10,115,1.86,0.0,0
UCI_85099C,2011-08-11,67,3.82,0.0,0
UCI_85099C,2011-08-12,21,2.18,0.0,0
UCI_85099C,2011-08-14,3,2.08,0.0,0
UCI_85099C,2011-08-15,30,2.08,0.0,0
UCI_85099C,2011-08-17,50,2.65,0.0,0
UCI_85099C,2011-08-18,30,2.08,0.0,0
UCI_85099C,2011-08-19,20,2.08,0.0,0
UCI_85099C,2011-08-21,203,1.79,0.0,0
UCI_85099C,2011-08-22,32,2.08,0.0,0
UCI_85099C,2011-08-23,22,2.08,0.0,0
UCI_85099C,2011-08-24,35,2.26,0.0,0
UCI_85099C,2011-08-25,13,2.08,0.0,0
UCI_85099C,2011-08-26,28,2.08,0.0,0
UCI_85099C,2011-08-30,50,2.49,0.0,0
UCI_85099C,2011-08-31,18,4.13,0.0,0
UCI_85099C,2011-09-01,148,1.84,0.0,0
UCI_85099C,2011-09-02,24,3.19,0.0,0
UCI_85099C,2011-09-04,24,2.08,0.0,0
UCI_85099C,2011-09-05,100,1.79,0.0,0
UCI_85099C,2011-09-06,122,1.84,0.0,0
UCI_85099C,2011-09-07,149,2.44,0.0,0
UCI_85099C,2011-09-08,15,2.22,0.0,0
UCI_85099C,2011-09-09,41,2.08,0.0,0
UCI_85099C,2011-09-11,12,2.08,0.0,0
UCI_85099C,2011-09-12,14,2.67,0.0,0
UCI_85099C,2011-09-13,41,2.63,0.0,0
UCI_85099C,2011-09-14,2,2.08,0.0,0
UCI_85099C,2011-09-15,27,2.54,0.0,0
UCI_85099C,2011-09-16,23,2.61,0.0,0
UCI_85099C,2011-09-18,2,2.08,0.0,0
UCI_85099C,2011-09-19,130,1.86,0.0,0
UCI_85099C,2011-09-20,33,3.38,0.0,0
UCI_85099C,2011-09-21,222,1.84,0.0,0
UCI_85099C,2011-09-22,46,1.95,0.0,0
UCI_85099C,2011-09-23,9,3.67,0.0,0
UCI_85099C,2011-09-26,50,2.08,0.0,0
UCI_85099C,2011-09-27,32,3.43,0.0,0
UCI_85099C,2011-09-28,31,2.15,0.0,0
UCI_85099C,2011-09-29,250,1.83,0.0,0
UCI_85099C,2011-09-30,34,2.44,0.0,0
UCI_85099C,2011-10-02,1,2.08,0.0,0
UCI_85099C,2011-10-03,1,4.13,0.0,0
UCI_85099C,2011-10-04,7,3.25,0.0,0
UCI_85099C,2011-10-05,120,1.84,0.0,0
UCI_85099C,2011-10-06,150,1.83,0.0,0
UCI_85099C,2011-10-07,17,2.08,0.0,0
UCI_85099C,2011-10-09,1,2.08,0.0,0
UCI_85099C,2011-10-10,16,3.75,0.0,0
UCI_85099C,2011-10-11,23,2.26,0.0,0
UCI_85099C,2011-10-12,116,1.94,0.0,0
UCI_85099C,2011-10-13,17,2.92,0.0,0
UCI_85099C,2011-10-14,26,2.16,0.0,0
UCI_85099C,2011-10-16,12,2.08,0.0,0
UCI_85099C,2011-10-17,139,1.95,0.0,0
UCI_85099C,2011-10-18,14,2.08,0.0,0
UCI_85099C,2011-10-19,34,2.62,0.0,0
UCI_85099C,2011-10-20,10,2.08,0.0,0
UCI_85099C,2011-10-21,1,2.08,0.0,0
UCI_85099C,2011-10-23,2,2.08,0.0,0
UCI_85099C,2011-10-24,16,3.75,0.0,0
UCI_85099C,2011-10-25,112,1.82,0.0,0
UCI_85099C,2011-10-26,25,3.06,0.0,0
UCI_85099C,2011-10-27,3,2.08,0.0,0
UCI_85099C,2011-10-28,210,1.8,0.0,0
UCI_85099C,2011-10-30,25,2.08,0.0,0
UCI_85099C,2011-10-31,19,4.13,0.0,0
UCI_85099C,2011-11-01,9,2.08,0.0,0
UCI_85099C,2011-11-02,21,2.18,0.0,0
UCI_85099C,2011-11-03,1,2.08,0.0,0
UCI_85099C,2011-11-04,5,2.08,0.0,0
UCI_85099C,2011-11-06,35,2.0,0.0,0
UCI_85099C,2011-11-07,32,2.59,0.0,0
UCI_85099C,2011-11-08,52,2.63,0.0,0
UCI_85099C,2011-11-09,146,1.97,0.0,0
UCI_85099C,2011-11-10,2,2.08,0.0,0
UCI_85099C,2011-11-11,108,1.85,0.0,0
UCI_85099C,2011-11-13,13,3.5,0.0,0
UCI_85099C,2011-11-14,201,1.79,0.0,0
UCI_85099C,2011-11-15,37,2.25,0.0,0
UCI_85099C,2011-11-16,223,1.88,0.0,0
UCI_85099C,2011-11-17,42,2.08,0.0,0
UCI_85099C,2011-11-18,11,2.08,0.0,0
UCI_85099C,2011-11-20,106,1.85,0.0,0
UCI_85099C,2011-11-21,4,2.59,0.0,0
UCI_85099C,2011-11-22,14,2.52,0.0,0
UCI_85099C,2011-11-23,8,3.62,0.0,0
UCI_85099C,2011-11-24,54,2.08,0.0,0
UCI_85099C,2011-11-25,118,1.97,0.0,0
UCI_85099C,2011-11-27,5,2.08,0.0,0
UCI_85099C,2011-11-28,5,2.49,0.0,0
UCI_85099C,2011-11-29,185,2.03,0.0,0
UCI_85099C,2011-11-30,128,1.9,0.0,0
UCI_85099C,2011-12-01,76,1.99,0.0,0
UCI_85099C,2011-12-02,10,2.08,0.0,0
UCI_85099C,2011-12-04,10,2.08,0.0,0
UCI_85099C,2011-12-05,19,4.13,0.0,0
UCI_85099C,2011-12-06,44,2.13,0.0,0
UCI_85099C,2011-12-07,34,2.32,0.0,0
UCI_85099C,2011-12-08,51,2.52,0.0,0
UCI_85099C,2011-12-09,21,3.02,0.0,0
UCI_85099F,2010-12-01,32,2.02,0.0,0
UCI_85099F,2010-12-02,20,1.95,0.0,0
UCI_85099F,2010-12-03,2,4.21,0.0,0
UCI_85099F,2010-12-05,13,1.95,0.0,0
UCI_85099F,2010-12-06,22,2.05,0.0,0
UCI_85099F,2010-12-07,19,2.07,0.0,0
UCI_85099F,2010-12-08,102,1.68,0.0,0
UCI_85099F,2010-12-09,2,1.95,0.0,0
UCI_85099F,2010-12-12,6,1.95,0.0,0
UCI_85099F,2010-12-13,52,2.04,0.0,0
UCI_85099F,2010-12-14,20,1.95,0.0,0
UCI_85099F,2010-12-15,20,1.95,0.0,0
UCI_85099F,2010-12-16,130,1.72,0.0,0
UCI_85099F,2010-12-17,6,4.21,0.0,0
UCI_85099F,2010-12-20,7,4.21,0.0,0
UCI_85099F,2010-12-23,1,4.21,0.0,0
UCI_85099F,2011-01-04,10,1.95,0.0,0
UCI_85099F,2011-01-05,227,1.7,0.0,0
UCI_85099F,2011-01-06,105,1.69,0.0,0
UCI_85099F,2011-01-07,310,1.66,0.0,0
UCI_85099F,2011-01-09,32,1.95,0.0,0
UCI_85099F,2011-01-10,3,4.21,0.0,0
UCI_85099F,2011-01-12,3,2.7,0.0,0
UCI_85099F,2011-01-13,311,1.67,0.0,0
UCI_85099F,2011-01-14,21,2.05,0.0,0
UCI_85099F,2011-01-16,3,1.95,0.0,0
UCI_85099F,2011-01-17,25,2.21,0.0,0
UCI_85099F,2011-01-18,5,2.39,0.0,0
UCI_85099F,2011-01-19,22,1.95,0.0,0
UCI_85099F,2011-01-20,12,2.13,0.0,0
UCI_85099F,2011-01-21,104,1.66,0.0,0
UCI_85099F,2011-01-23,101,1.65,0.0,0
UCI_85099F,2011-01-24,10,1.95,0.0,0
UCI_85099F,2011-01-25,50,1.83,0.0,0
UCI_85099F,2011-01-26,21,2.05,0.0,0
UCI_85099F,2011-01-27,10,1.95,0.0,0
UCI_85099F,2011-01-30,2,1.95,0.0,0
UCI_85099F,2011-01-31,20,1.95,0.0,0
UCI_85099F,2011-02-01,109,1.69,0.0,0
UCI_85099F,2011-02-02,120,1.7,0.0,0
UCI_85099F,2011-02-03,8,2.5,0.0,0
UCI_85099F,2011-02-04,104,1.75,0.0,0
UCI_85099F,2011-02-06,20,1.95,0.0,0
UCI_85099F,2011-02-07,30,1.95,0.0,0
UCI_85099F,2011-02-08,27,1.95,0.0,0
UCI_85099F,2011-02-09,3,4.13,0.0,0
UCI_85099F,2011-02-10,10,1.95,0.0,0
UCI_85099F,2011-02-14,210,1.66,0.0,0
UCI_85099F,2011-02-15,3,2.68,0.0,0
UCI_85099F,2011-02-16,11,2.15,0.0,0
UCI_85099F,2011-02-17,4,4.13,0.0,0
UCI_85099F,2011-02-20,20,1.95,0.0,0
UCI_85099F,2011-02-21,100,1.65,0.0,0
UCI_85099F,2011-02-22,115,1.75,0.0,0
UCI_85099F,2011-02-24,11,2.15,0.0,0
UCI_85099F,2011-02-25,50,1.95,0.0,0
UCI_85099F,2011-02-28,66,2.08,0.0,0
UCI_85099F,2011-03-01,43,2.1,0.0,0
UCI_85099F,2011-03-02,42,1.95,0.0,0
UCI_85099F,2011-03-03,30,1.95,0.0,0
UCI_85099F,2011-03-04,51,1.99,0.0,0
UCI_85099F,2011-03-06,53,1.95,0.0,0
UCI_85099F,2011-03-07,226,1.69,0.0,0
UCI_85099F,2011-03-08,38,1.95,0.0,0
UCI_85099F,2011-03-09,12,2.31,0.0,0
UCI_85099F,2011-03-10,11,1.95,0.0,0
UCI_85099F,2011-03-11,112,1.72,0.0,0
UCI_85099F,2011-03-13,2,1.95,0.0,0
UCI_85099F,2011-03-14,13,1.95,0.0,0
UCI_85099F,2011-03-16,10,1.95,0.0,0
UCI_85099F,2011-03-17,936,1.67,0.0,0
UCI_85099F,2011-03-18,20,1.95,0.0,0
UCI_85099F,2011-03-20,33,1.95,0.0,0
UCI_85099F,2011-03-21,10,1.95,0.0,0
UCI_85099F,2011-03-22,14,2.26,0.0,0
UCI_85099F,2011-03-23,133,1.72,0.0,0
UCI_85099F,2011-03-24,168,1.77,0.0,0
UCI_85099F,2011-03-25,351,1.7,0.0,0
UCI_85099F,2011-03-28,122,1.7,0.0,0
UCI_85099F,2011-03-29,272,3.74,0.0,0
UCI_85099F,2011-03-30,110,1.69,0.0,0
UCI_85099F,2011-03-31,228,1.86,0.0,0
UCI_85099F,2011-04-01,10,1.95,0.0,0
UCI_85099F,2011-04-04,76,2.12,0.0,0
UCI_85099F,2011-04-05,100,1.65,0.0,0
UCI_85099F,2011-04-06,10,1.95,0.0,0
UCI_85099F,2011-04-07,35,2.14,0.0,0
UCI_85099F,2011-04-08,40,2.08,0.0,0
UCI_85099F,2011-04-10,4,2.08,0.0,0
UCI_85099F,2011-04-12,20,2.01,0.0,0
UCI_85099F,2011-04-13,10,2.08,0.0,0
UCI_85099F,2011-04-14,136,1.87,0.0,0
UCI_85099F,2011-04-18,6,2.08,0.0,0
UCI_85099F,2011-04-27,100,1.74,0.0,0
UCI_85099F,2011-05-09,40,2.08,0.0,0
UCI_85099F,2011-05-10,130,1.86,0.0,0
UCI_85099F,2011-05-11,14,1.99,0.0,0
UCI_85099F,2011-05-12,14,2.08,0.0,0
UCI_85099F,2011-05-13,220,1.82,0.0,0
UCI_85099F,2011-05-16,45,2.22,0.0,0
UCI_85099F,2011-05-17,10,2.08,0.0,0
UCI_85099F,2011-05-18,21,2.18,0.0,0
UCI_85099F,2011-05-19,44,2.17,0.0,0
UCI_85099F,2011-05-20,10,2.08,0.0,0
UCI_85099F,2011-05-22,12,2.08,0.0,0
UCI_85099F,2011-05-23,149,1.91,0.0,0
UCI_85099F,2011-05-24,37,2.19,0.0,0
UCI_85099F,2011-05-25,202,1.79,0.0,0
UCI_85099F,2011-05-26,23,2.08,0.0,0
UCI_85099F,2011-05-27,12,2.08,0.0,0
UCI_85099F,2011-05-31,17,2.32,0.0,0
UCI_85099F,2011-06-01,4,3.1,0.0,0
UCI_85099F,2011-06-02,240,1.85,0.0,0
UCI_85099F,2011-06-03,6,4.13,0.0,0
UCI_85099F,2011-06-05,140,1.87,0.0,0
UCI_85099F,2011-06-06,113,1.78,0.0,0
UCI_85099F,2011-06-07,149,1.93,0.0,0
UCI_85099F,2011-06-08,31,2.15,0.0,0
UCI_85099F,2011-06-09,33,2.2,0.0,0
UCI_85099F,2011-06-10,102,1.82,0.0,0
UCI_85099F,2011-06-12,4,2.08,0.0,0
UCI_85099F,2011-06-13,30,2.08,0.0,0
UCI_85099F,2011-06-14,3,2.08,0.0,0
UCI_85099F,2011-06-15,50,2.08,0.0,0
UCI_85099F,2011-06-16,11,2.27,0.0,0
UCI_85099F,2011-06-17,20,2.08,0.0,0
UCI_85099F,2011-06-19,120,1.84,0.0,0
UCI_85099F,2011-06-20,412,1.81,0.0,0
UCI_85099F,2011-06-21,44,2.13,0.0,0
UCI_85099F,2011-06-22,32,2.08,0.0,0
UCI_85099F,2011-06-23,15,2.08,0.0,0
UCI_85099F,2011-06-24,101,1.79,0.0,0
UCI_85099F,2011-06-27,112,1.79,0.0,0
UCI_85099F,2011-06-28,140,1.87,0.0,0
UCI_85099F,2011-06-29,64,2.08,0.0,0
UCI_85099F,2011-06-30,31,2.08,0.0,0
UCI_85099F,2011-07-03,4,2.08,0.0,0
UCI_85099F,2011-07-04,9,2.31,0.0,0
UCI_85099F,2011-07-05,138,1.9,0.0,0
UCI_85099F,2011-07-06,16,2.34,0.0,0
UCI_85099F,2011-07-07,336,1.81,0.0,0
UCI_85099F,2011-07-08,11,2.27,0.0,0
UCI_85099F,2011-07-10,3,2.08,0.0,0
UCI_85099F,2011-07-11,4,2.08,0.0,0
UCI_85099F,2011-07-12,1,4.13,0.0,0
UCI_85099F,2011-07-13,10,2.08,0.0,0
UCI_85099F,2011-07-17,14,2.08,0.0,0
UCI_85099F,2011-07-18,29,2.5,0.0,0
UCI_85099F,2011-07-19,10,2.08,0.0,0
UCI_85099F,2011-07-20,51,2.08,0.0,0
UCI_85099F,2011-07-21,14,2.08,0.0,0
UCI_85099F,2011-07-22,25,2.08,0.0,0
UCI_85099F,2011-07-24,11,2.08,0.0,0
UCI_85099F,2011-07-25,23,2.35,0.0,0
UCI_85099F,2011-07-26,203,1.82,0.0,0
UCI_85099F,2011-07-27,41,2.13,0.0,0
UCI_85099F,2011-07-28,121,1.82,0.0,0
UCI_85099F,2011-07-29,32,2.08,0.0,0
UCI_85099F,2011-07-31,13,2.08,0.0,0
UCI_85099F,2011-08-01,15,2.08,0.0,0
UCI_85099F,2011-08-02,41,2.13,0.0,0
UCI_85099F,2011-08-03,42,2.18,0.0,0
UCI_85099F,2011-08-04,322,1.82,0.0,0
UCI_85099F,2011-08-05,115,1.78,0.0,0
UCI_85099F,2011-08-07,12,2.08,0.0,0
UCI_85099F,2011-08-08,12,2.25,0.0,0
UCI_85099F,2011-08-09,30,2.08,0.0,0
UCI_85099F,2011-08-10,232,1.85,0.0,0
UCI_85099F,2011-08-11,21,2.08,0.0,0
UCI_85099F,2011-08-12,2,4.13,0.0,0
UCI_85099F,2011-08-14,13,2.08,0.0,0
UCI_85099F,2011-08-15,33,2.08,0.0,0
UCI_85099F,2011-08-17,133,1.86,0.0,0
UCI_85099F,2011-08-18,150,1.86,0.0,0
UCI_85099F,2011-08-19,10,2.08,0.0,0
UCI_85099F,2011-08-21,2,2.08,0.0,0
UCI_85099F,2011-08-22,66,2.08,0.0,0
UCI_85099F,2011-08-23,20,2.08,0.0,0
UCI_85099F,2011-08-24,720,1.79,0.0,0
UCI_85099F,2011-08-25,30,2.08,0.0,0
UCI_85099F,2011-08-26,30,2.08,0.0,0
UCI_85099F,2011-08-28,6,2.08,0.0,0
UCI_85099F,2011-08-30,19,4.13,0.0,0
UCI_85099F,2011-08-31,100,1.79,0.0,0
UCI_85099F,2011-09-01,146,1.84,0.0,0
UCI_85099F,2011-09-02,2,3.1,0.0,0
UCI_85099F,2011-09-04,11,2.08,0.0,0
UCI_85099F,2011-09-05,15,2.22,0.0,0
UCI_85099F,2011-09-06,20,2.08,0.0,0
UCI_85099F,2011-09-07,121,1.89,0.0,0
UCI_85099F,2011-09-08,25,2.24,0.0,0
UCI_85099F,2011-09-09,6,3.79,0.0,0
UCI_85099F,2011-09-11,2,2.08,0.0,0
UCI_85099F,2011-09-12,1,4.13,0.0,0
UCI_85099F,2011-09-13,31,2.08,0.0,0
UCI_85099F,2011-09-15,144,1.94,0.0,0
UCI_85099F,2011-09-16,21,2.08,0.0,0
UCI_85099F,2011-09-18,105,1.8,0.0,0
UCI_85099F,2011-09-19,14,2.08,0.0,0
UCI_85099F,2011-09-20,20,2.08,0.0,0
UCI_85099F,2011-09-21,210,1.87,0.0,0
UCI_85099F,2011-09-22,65,1.99,0.0,0
UCI_85099F,2011-09-23,250,1.85,0.0,0
UCI_85099F,2011-09-25,20,2.08,0.0,0
UCI_85099F,2011-09-27,12,2.42,0.0,0
UCI_85099F,2011-09-28,35,2.21,0.0,0
UCI_85099F,2011-09-29,144,1.87,0.0,0
UCI_85099F,2011-09-30,10,2.08,0.0,0
UCI_85099F,2011-10-02,3,2.08,0.0,0
UCI_85099F,2011-10-03,12,2.08,0.0,0
UCI_85099F,2011-10-04,11,2.27,0.0,0
UCI_85099F,2011-10-05,111,1.79,0.0,0
UCI_85099F,2011-10-06,831,1.8,0.0,0
UCI_85099F,2011-10-07,206,1.77,0.0,0
UCI_85099F,2011-10-09,1,2.08,0.0,0
UCI_85099F,2011-10-10,5,2.49,0.0,0
UCI_85099F,2011-10-11,113,1.8,0.0,0
UCI_85099F,2011-10-12,13,2.24,0.0,0
UCI_85099F,2011-10-13,25,2.24,0.0,0
UCI_85099F,2011-10-14,15,2.08,0.0,0
UCI_85099F,2011-10-17,233,1.83,0.0,0
UCI_85099F,2011-10-18,39,2.24,0.0,0
UCI_85099F,2011-10-19,11,2.27,0.0,0
UCI_85099F,2011-10-20,148,1.88,0.0,0
UCI_85099F,2011-10-23,2,2.08,0.0,0
UCI_85099F,2011-10-24,6,2.76,0.0,0
UCI_85099F,2011-10-25,12,2.42,0.0,0
UCI_85099F,2011-10-27,1,4.13,0.0,0
UCI_85099F,2011-10-28,11,2.08,0.0,0
UCI_85099F,2011-10-31,25,2.24,0.0,0
UCI_85099F,2011-11-01,124,1.81,0.0,0
UCI_85099F,2011-11-02,20,2.08,0.0,0
UCI_85099F,2011-11-03,1,2.08,0.0,0
UCI_85099F,2011-11-06,33,1.9,0.0,0
UCI_85099F,2011-11-07,35,2.08,0.0,0
UCI_85099F,2011-11-08,13,2.4,0.0,0
UCI_85099F,2011-11-09,246,1.86,0.0,0
UCI_85099F,2011-11-10,3,2.08,0.0,0
UCI_85099F,2011-11-11,12,2.42,0.0,0
UCI_85099F,2011-11-13,2,2.08,0.0,0
UCI_85099F,2011-11-14,100,1.75,0.0,0
UCI_85099F,2011-11-15,1,4.13,0.0,0
UCI_85099F,2011-11-16,39,2.08,0.0,0
UCI_85099F,2011-11-17,32,2.08,0.0,0
UCI_85099F,2011-11-18,22,2.08,0.0,0
UCI_85099F,2011-11-20,2,2.08,0.0,0
UCI_85099F,2011-11-21,3,2.08,0.0,0
UCI_85099F,2011-11-22,11,2.27,0.0,0
UCI_85099F,2011-11-23,2,2.08,0.0,0
UCI_85099F,2011-11-24,12,2.42,0.0,0
UCI_85099F,2011-11-25,10,2.08,0.0,0
UCI_85099F,2011-11-27,4,2.08,0.0,0
UCI_85099F,2011-11-28,12,2.42,0.0,0
UCI_85099F,2011-11-29,34,2.14,0.0,0
UCI_85099F,2011-11-30,125,1.85,0.0,0
UCI_85099F,2011-12-01,42,2.01,0.0,0
UCI_85099F,2011-12-02,221,1.82,0.0,0
UCI_85099F,2011-12-04,2,2.08,0.0,0
UCI_85099F,2011-12-05,1,4.13,0.0,0
UCI_85099F,2011-12-06,6,2.08,0.0,0
UCI_85099F,2011-12-07,20,2.08,0.0,0
UCI_85099F,2011-12-08,12,2.42,0.0,0
UCI_85123A,2010-12-01,454,2.7,0.0,0
UCI_85123A,2010-12-02,309,2.6,0.0,0
UCI_85123A,2010-12-03,25,3.54,0.0,0
UCI_85123A,2010-12-05,198,2.63,0.0,0
UCI_85123A,2010-12-06,161,3.25,0.0,0
UCI_85123A,2010-12-07,331,2.72,0.0,0
UCI_85123A,2010-12-08,151,2.82,0.0,0
UCI_85123A,2010-12-09,195,2.86,0.0,0
UCI_85123A,2010-12-10,165,2.95,0.0,0
UCI_85123A,2010-12-12,42,2.95,0.0,0
UCI_85123A,2010-12-13,337,2.94,0.0,0
UCI_85123A,2010-12-14,185,2.67,0.0,0
UCI_85123A,2010-12-15,112,2.72,0.0,0
UCI_85123A,2010-12-16,790,2.62,0.0,0
UCI_85123A,2010-12-17,58,4.28,0.0,0
UCI_85123A,2010-12-19,42,2.65,0.0,0
UCI_85123A,2010-12-20,85,2.72,0.0,0
UCI_85123A,2010-12-21,41,3.31,0.0,0
UCI_85123A,2010-12-22,24,2.95,0.0,0
UCI_85123A,2010-12-23,47,2.68,0.0,0
UCI_85123A,2011-01-04,67,2.8,0.0,0
UCI_85123A,2011-01-05,304,2.61,0.0,0
UCI_85123A,2011-01-06,171,2.65,0.0,0
UCI_85123A,2011-01-07,334,2.61,0.0,0
UCI_85123A,2011-01-09,97,2.82,0.0,0
UCI_85123A,2011-01-10,12,2.95,0.0,0
UCI_85123A,2011-01-11,3114,2.78,0.0,0
UCI_85123A,2011-01-12,82,2.9,0.0,0
UCI_85123A,2011-01-13,8,3.66,0.0,0
UCI_85123A,2011-01-14,89,2.66,0.0,0
UCI_85123A,2011-01-16,23,2.95,0.0,0
UCI_85123A,2011-01-17,220,2.78,0.0,0
UCI_85123A,2011-01-18,18,2.95,0.0,0
UCI_85123A,2011-01-19,271,2.57,0.0,0
UCI_85123A,2011-01-20,39,2.95,0.0,0
UCI_85123A,2011-01-21,63,2.65,0.0,0
UCI_85123A,2011-01-23,47,2.68,0.0,0
UCI_85123A,2011-01-24,11,3.72,0.0,0
UCI_85123A,2011-01-25,92,2.81,0.0,0
UCI_85123A,2011-01-26,181,2.76,0.0,0
UCI_85123A,2011-01-27,64,2.75,0.0,0
UCI_85123A,2011-01-28,68,2.8,0.0,0
UCI_85123A,2011-01-30,123,2.74,0.0,0
UCI_85123A,2011-01-31,29,3.05,0.0,0
UCI_85123A,2011-02-01,195,2.63,0.0,0
UCI_85123A,2011-02-02,222,2.71,0.0,0
UCI_85123A,2011-02-03,63,2.93,0.0,0
UCI_85123A,2011-02-04,42,2.95,0.0,0
UCI_85123A,2011-02-06,35,2.58,0.0,0
UCI_85123A,2011-02-07,69,2.89,0.0,0
UCI_85123A,2011-02-08,153,2.65,0.0,0
UCI_85123A,2011-02-09,14,3.15,0.0,0
UCI_85123A,2011-02-10,66,2.76,0.0,0
UCI_85123A,2011-02-11,209,2.6,0.0,0
UCI_85123A,2011-02-13,6,2.95,0.0,0
UCI_85123A,2011-02-14,66,2.65,0.0,0
UCI_85123A,2011-02-15,12,2.95,0.0,0
UCI_85123A,2011-02-16,203,2.7,0.0,0
UCI_85123A,2011-02-17,50,2.85,0.0,0
UCI_85123A,2011-02-18,6,2.95,0.0,0
UCI_85123A,2011-02-20,28,2.95,0.0,0
UCI_85123A,2011-02-21,23,3.32,0.0,0
UCI_85123A,2011-02-22,96,2.8,0.0,0
UCI_85123A,2011-02-23,116,2.62,0.0,0
UCI_85123A,2011-02-24,99,2.76,0.0,0
UCI_85123A,2011-02-25,40,2.95,0.0,0
UCI_85123A,2011-02-27,27,2.95,0.0,0
UCI_85123A,2011-02-28,37,3.03,0.0,0
UCI_85123A,2011-03-01,86,2.87,0.0,0
UCI_85123A,2011-03-02,33,2.95,0.0,0
UCI_85123A,2011-03-03,96,2.88,0.0,0
UCI_85123A,2011-03-04,27,2.95,0.0,0
UCI_85123A,2011-03-06,101,2.7,0.0,0
UCI_85123A,2011-03-07,26,2.95,0.0,0
UCI_85123A,2011-03-08,145,2.7,0.0,0
UCI_85123A,2011-03-09,98,2.82,0.0,0
UCI_85123A,2011-03-10,57,2.95,0.0,0
UCI_85123A,2011-03-11,125,2.63,0.0,0
UCI_85123A,2011-03-13,3,2.95,0.0,0
UCI_85123A,2011-03-14,19,2.95,0.0,0
UCI_85123A,2011-03-15,114,2.73,0.0,0
UCI_85123A,2011-03-16,141,2.59,0.0,0
UCI_85123A,2011-03-17,87,2.72,0.0,0
UCI_85123A,2011-03-18,56,2.72,0.0,0
UCI_85123A,2011-03-20,47,3.07,0.0,0
UCI_85123A,2011-03-21,38,2.61,0.0,0
UCI_85123A,2011-03-22,84,3.03,0.0,0
UCI_85123A,2011-03-23,83,2.83,0.0,0
UCI_85123A,2011-03-24,52,2.95,0.0,0
UCI_85123A,2011-03-25,31,3.87,0.0,0
UCI_85123A,2011-03-27,77,2.78,0.0,0
UCI_85123A,2011-03-28,44,3.01,0.0,0
UCI_85123A,2011-03-29,185,2.66,0.0,0
UCI_85123A,2011-03-30,68,2.8,0.0,0
UCI_85123A,2011-03-31,75,2.93,0.0,0
UCI_85123A,2011-04-01,133,2.76,0.0,0
UCI_85123A,2011-04-03,77,2.62,0.0,0
UCI_85123A,2011-04-04,66,2.8,0.0,0
UCI_85123A,2011-04-05,51,3.01,0.0,0
UCI_85123A,2011-04-06,65,2.8,0.0,0
UCI_85123A,2011-04-07,50,2.95,0.0,0
UCI_85123A,2011-04-08,68,2.95,0.0,0
UCI_85123A,2011-04-10,74,2.78,0.0,0
UCI_85123A,2011-04-11,45,2.95,0.0,0
UCI_85123A,2011-04-12,198,2.63,0.0,0
UCI_85123A,2011-04-13,73,2.77,0.0,0
UCI_85123A,2011-04-14,127,2.75,0.0,0
UCI_85123A,2011-04-15,8,2.95,0.0,0
UCI_85123A,2011-04-17,23,2.95,0.0,0
UCI_85123A,2011-04-18,2102,2.46,0.0,0
UCI_85123A,2011-04-19,110,2.98,0.0,0
UCI_85123A,2011-04-20,73,2.77,0.0,0
UCI_85123A,2011-04-21,137,2.89,0.0,0
UCI_85123A,2011-04-26,179,2.68,0.0,0
UCI_85123A,2011-04-27,73,2.89,0.0,0
UCI_85123A,2011-04-28,111,2.72,0.0,0
UCI_85123A,2011-05-01,12,2.95,0.0,0
UCI_85123A,2011-05-03,317,2.63,0.0,0
UCI_85123A,2011-05-04,85,2.8,0.0,0
UCI_85123A,2011-05-05,421,2.64,0.0,0
UCI_85123A,2011-05-06,179,2.7,0.0,0
UCI_85123A,2011-05-08,142,2.77,0.0,0
UCI_85123A,2011-05-09,216,2.61,0.0,0
UCI_85123A,2011-05-10,142,2.68,0.0,0
UCI_85123A,2011-05-11,120,2.74,0.0,0
UCI_85123A,2011-05-12,227,2.8,0.0,0
UCI_85123A,2011-05-13,25,2.95,0.0,0
UCI_85123A,2011-05-15,143,2.77,0.0,0
UCI_85123A,2011-05-16,201,2.66,0.0,0
UCI_85123A,2011-05-17,156,2.74,0.0,0
UCI_85123A,2011-05-18,73,2.95,0.0,0
UCI_85123A,2011-05-19,108,2.83,0.0,0
UCI_85123A,2011-05-20,92,2.81,0.0,0
UCI_85123A,2011-05-22,153,2.7,0.0,0
UCI_85123A,2011-05-23,113,2.72,0.0,0
UCI_85123A,2011-05-24,144,2.79,0.0,0
UCI_85123A,2011-05-25,68,2.95,0.0,0
UCI_85123A,2011-05-26,653,3.22,0.0,0
UCI_85123A,2011-05-27,22,2.95,0.0,0
UCI_85123A,2011-05-29,26,2.95,0.0,0
UCI_85123A,2011-05-31,168,2.59,0.0,0
UCI_85123A,2011-06-01,29,3.44,0.0,0
UCI_85123A,2011-06-02,353,2.6,0.0,0
UCI_85123A,2011-06-03,29,2.95,0.0,0
UCI_85123A,2011-06-05,49,2.95,0.0,0
UCI_85123A,2011-06-06,108,2.83,0.0,0
UCI_85123A,2011-06-07,56,2.77,0.0,0
UCI_85123A,2011-06-08,109,2.6,0.0,0
UCI_85123A,2011-06-09,15,3.14,0.0,0
UCI_85123A,2011-06-10,68,2.8,0.0,0
UCI_85123A,2011-06-12,33,2.95,0.0,0
UCI_85123A,2011-06-13,17,3.12,0.0,0
UCI_85123A,2011-06-14,50,2.75,0.0,0
UCI_85123A,2011-06-15,118,2.65,0.0,0
UCI_85123A,2011-06-16,42,2.65,0.0,0
UCI_85123A,2011-06-17,15,2.95,0.0,0
UCI_85123A,2011-06-19,147,2.69,0.0,0
UCI_85123A,2011-06-20,29,5.2,0.0,0
UCI_85123A,2011-06-21,13,3.61,0.0,0
UCI_85123A,2011-06-22,18,2.95,0.0,0
UCI_85123A,2011-06-23,106,2.83,0.0,0
UCI_85123A,2011-06-24,38,2.95,0.0,0
UCI_85123A,2011-06-26,32,2.55,0.0,0
UCI_85123A,2011-06-27,66,2.56,0.0,0
UCI_85123A,2011-06-28,12,2.95,0.0,0
UCI_85123A,2011-06-29,77,2.78,0.0,0
UCI_85123A,2011-06-30,46,2.95,0.0,0
UCI_85123A,2011-07-01,39,2.95,0.0,0
UCI_85123A,2011-07-03,18,2.95,0.0,0
UCI_85123A,2011-07-04,8,3.66,0.0,0
UCI_85123A,2011-07-05,134,2.57,0.0,0
UCI_85123A,2011-07-06,5,4.09,0.0,0
UCI_85123A,2011-07-07,59,2.83,0.0,0
UCI_85123A,2011-07-08,32,3.13,0.0,0
UCI_85123A,2011-07-10,20,2.95,0.0,0
UCI_85123A,2011-07-11,81,2.63,0.0,0
UCI_85123A,2011-07-12,786,2.68,0.0,0
UCI_85123A,2011-07-13,58,2.95,0.0,0
UCI_85123A,2011-07-14,224,2.72,0.0,0
UCI_85123A,2011-07-15,23,3.44,0.0,0
UCI_85123A,2011-07-17,23,2.95,0.0,0
UCI_85123A,2011-07-18,113,2.87,0.0,0
UCI_85123A,2011-07-19,155,2.62,0.0,0
UCI_85123A,2011-07-20,104,2.76,0.0,0
UCI_85123A,2011-07-21,52,2.77,0.0,0
UCI_85123A,2011-07-22,132,2.72,0.0,0
UCI_85123A,2011-07-24,160,2.63,0.0,0
UCI_85123A,2011-07-25,43,3.08,0.0,0
UCI_85123A,2011-07-26,8,3.66,0.0,0
UCI_85123A,2011-07-27,58,2.78,0.0,0
UCI_85123A,2011-07-28,490,3.24,0.0,0
UCI_85123A,2011-07-29,74,2.95,0.0,0
UCI_85123A,2011-07-31,107,2.71,0.0,0
UCI_85123A,2011-08-01,61,3.0,0.0,0
UCI_85123A,2011-08-02,32,2.55,0.0,0
UCI_85123A,2011-08-03,91,2.81,0.0,0
UCI_85123A,2011-08-04,130,2.82,0.0,0
UCI_85123A,2011-08-05,38,3.25,0.0,0
UCI_85123A,2011-08-07,89,2.66,0.0,0
UCI_85123A,2011-08-08,73,2.77,0.0,0
UCI_85123A,2011-08-09,121,2.63,0.0,0
UCI_85123A,2011-08-10,132,2.61,0.0,0
UCI_85123A,2011-08-11,60,2.74,0.0,0
UCI_85123A,2011-08-12,28,2.95,0.0,0
UCI_85123A,2011-08-14,52,2.7,0.0,0
UCI_85123A,2011-08-15,104,2.7,0.0,0
UCI_85123A,2011-08-16,87,2.66,0.0,0
UCI_85123A,2011-08-17,69,2.76,0.0,0
UCI_85123A,2011-08-18,15,2.95,0.0,0
UCI_85123A,2011-08-19,6,2.95,0.0,0
UCI_85123A,2011-08-21,15,2.95,0.0,0
UCI_85123A,2011-08-22,420,2.55,0.0,0
UCI_85123A,2011-08-23,122,2.64,0.0,0
UCI_85123A,2011-08-24,58,2.73,0.0,0
UCI_85123A,2011-08-25,106,2.71,0.0,0
UCI_85123A,2011-08-26,24,2.95,0.0,0
UCI_85123A,2011-08-28,42,2.95,0.0,0
UCI_85123A,2011-08-30,63,2.88,0.0,0
UCI_85123A,2011-08-31,37,2.6,0.0,0
UCI_85123A,2011-09-01,112,2.75,0.0,0
UCI_85123A,2011-09-02,166,2.71,0.0,0
UCI_85123A,2011-09-04,16,2.95,0.0,0
UCI_85123A,2011-09-05,95,2.71,0.0,0
UCI_85123A,2011-09-06,184,2.67,0.0,0
UCI_85123A,2011-09-07,16,3.66,0.0,0
UCI_85123A,2011-09-08,27,3.06,0.0,0
UCI_85123A,2011-09-09,29,2.95,0.0,0
UCI_85123A,2011-09-11,89,2.81,0.0,0
UCI_85123A,2011-09-12,117,2.76,0.0,0
UCI_85123A,2011-09-13,131,2.66,0.0,0
UCI_85123A,2011-09-14,85,2.65,0.0,0
UCI_85123A,2011-09-15,144,2.61,0.0,0
UCI_85123A,2011-09-16,100,2.69,0.0,0
UCI_85123A,2011-09-18,81,2.63,0.0,0
UCI_85123A,2011-09-19,42,2.95,0.0,0
UCI_85123A,2011-09-20,398,3.17,0.0,0
UCI_85123A,2011-09-21,11,4.24,0.0,0
UCI_85123A,2011-09-22,58,2.88,0.0,0
UCI_85123A,2011-09-23,127,2.77,0.0,0
UCI_85123A,2011-09-25,69,2.76,0.0,0
UCI_85123A,2011-09-26,44,2.66,0.0,0
UCI_85123A,2011-09-27,17,2.95,0.0,0
UCI_85123A,2011-09-28,125,2.67,0.0,0
UCI_85123A,2011-09-29,80,2.7,0.0,0
UCI_85123A,2011-09-30,111,2.72,0.0,0
UCI_85123A,2011-10-02,21,2.95,0.0,0
UCI_85123A,2011-10-03,23,3.2,0.0,0
UCI_85123A,2011-10-04,19,3.1,0.0,0
UCI_85123A,2011-10-05,48,2.95,0.0,0
UCI_85123A,2011-10-06,13,3.17,0.0,0
UCI_85123A,2011-10-07,34,3.12,0.0,0
UCI_85123A,2011-10-09,26,2.95,0.0,0
UCI_85123A,2011-10-10,123,2.64,0.0,0
UCI_85123A,2011-10-11,46,2.95,0.0,0
UCI_85123A,2011-10-12,25,3.29,0.0,0
UCI_85123A,2011-10-13,243,2.63,0.0,0
UCI_85123A,2011-10-14,187,2.79,0.0,0
UCI_85123A,2011-10-16,55,2.95,0.0,0
UCI_85123A,2011-10-17,69,2.85,0.0,0
UCI_85123A,2011-10-18,21,3.22,0.0,0
UCI_85123A,2011-10-19,39,3.02,0.0,0
UCI_85123A,2011-10-20,26,2.95,0.0,0
UCI_85123A,2011-10-21,13,2.95,0.0,0
UCI_85123A,2011-10-23,63,2.75,0.0,0
UCI_85123A,2011-10-24,76,2.97,0.0,0
UCI_85123A,2011-10-25,16,3.13,0.0,0
UCI_85123A,2011-10-26,17,2.95,0.0,0
UCI_85123A,2011-10-27,117,2.74,0.0,0
UCI_85123A,2011-10-28,90,2.67,0.0,0
UCI_85123A,2011-10-30,128,2.85,0.0,0
UCI_85123A,2011-10-31,147,2.74,0.0,0
UCI_85123A,2011-11-01,39,2.95,0.0,0
UCI_85123A,2011-11-02,80,2.7,0.0,0
UCI_85123A,2011-11-03,1265,3.18,0.0,0
UCI_85123A,2011-11-04,85,2.8,0.0,0
UCI_85123A,2011-11-06,86,2.8,0.0,0
UCI_85123A,2011-11-07,95,2.68,0.0,0
UCI_85123A,2011-11-08,97,2.85,0.0,0
UCI_85123A,2011-11-09,113,2.61,0.0,0
UCI_85123A,2011-11-10,71,2.85,0.0,0
UCI_85123A,2011-11-11,134,2.78,0.0,0
UCI_85123A,2011-11-13,65,2.75,0.0,0
UCI_85123A,2011-11-14,380,3.17,0.0,0
UCI_85123A,2011-11-15,457,2.63,0.0,0
UCI_85123A,2011-11-16,157,2.99,0.0,0
UCI_85123A,2011-11-17,102,2.98,0.0,0
UCI_85123A,2011-11-18,125,2.67,0.0,0
UCI_85123A,2011-11-20,101,2.7,0.0,0
UCI_85123A,2011-11-21,36,3.19,0.0,0
UCI_85123A,2011-11-22,253,2.68,0.0,0
UCI_85123A,2011-11-23,247,2.6,0.0,0
UCI_85123A,2011-11-24,131,2.82,0.0,0
UCI_85123A,2011-11-25,222,2.73,0.0,0
UCI_85123A,2011-11-27,8,2.95,0.0,0
UCI_85123A,2011-11-28,133,2.65,0.0,0
UCI_85123A,2011-11-29,115,2.85,0.0,0
UCI_85123A,2011-11-30,311,2.62,0.0,0
UCI_85123A,2011-12-01,41,3.02,0.0,0
UCI_85123A,2011-12-02,117,2.65,0.0,0
UCI_85123A,2011-12-04,8,2.95,0.0,0
UCI_85123A,2011-12-05,298,2.64,0.0,0
UCI_85123A,2011-12-06,39,2.95,0.0,0
UCI_85123A,2011-12-07,200,2.69,0.0,0
UCI_85123A,2011-12-08,108,2.84,0.0,0
UCI_85123A,2011-12-09,4,5.08,0.0,0
