customer_id,tenure_days,recency_days,frequency,avg_order_value,monetary_value,support_tickets,discount_usage_rate,churned
C00000,1249,46,4,1591.02,6364.06,1,0.3996,0
C00001,194,370,6,518.6,3111.6,0,0.0845,1
C00002,647,130,10,1577.15,15771.47,0,0.219,0
C00003,695,321,8,1600.28,12802.28,0,0.2803,0
C00004,1001,140,4,831.98,3327.91,3,0.431,1
C00005,771,200,6,869.75,5218.48,0,0.1322,1
C00006,1036,334,4,788.77,3155.07,1,0.0068,1
C00007,629,284,9,298.72,2688.48,0,0.2339,1
C00008,189,260,7,1639.61,11477.28,1,0.1853,1
C00009,104,124,2,662.7,1325.41,2,0.3087,1
C00010,109,44,3,883.28,2649.84,0,0.3157,1
C00011,850,197,9,731.61,6584.49,0,0.3521,0
C00012,664,157,6,428.09,2568.53,1,0.2104,0
C00013,398,228,6,560.86,3365.18,1,0.1983,1
C00014,927,197,6,1016.91,6101.46,2,0.1921,1
C00015,678,113,12,555.98,6671.76,1,0.3414,0
C00016,484,25,1,860.07,860.07,0,0.5966,0
C00017,163,338,3,292.53,877.59,0,0.1564,1
C00018,208,32,4,1619.33,6477.31,0,0.0426,0
C00019,269,220,5,1210.2,6051.0,1,0.2571,1
C00020,279,223,3,341.43,1024.29,0,0.4708,1
C00021,935,184,6,719.93,4319.57,2,0.1039,0
C00022,935,37,9,548.89,4939.98,0,0.331,0
C00023,1490,126,5,824.74,4123.68,0,0.3835,1
C00024,149,186,3,1091.76,3275.27,1,0.2615,1
C00025,1472,355,5,1451.8,7259.01,0,0.3661,1
C00026,1102,386,6,674.18,4045.08,1,0.2161,1
C00027,198,123,9,838.95,7550.52,0,0.158,0
C00028,866,269,4,868.77,3475.07,1,0.2049,1
C00029,882,49,3,1683.37,5050.12,2,0.2143,0
C00030,180,188,5,1280.64,6403.22,2,0.301,0
C00031,1358,34,4,1814.93,7259.74,3,0.1758,1
C00032,1069,168,10,600.12,6001.23,1,0.2001,0
C00033,616,344,5,2797.14,13985.69,0,0.7608,1
C00034,644,39,4,1725.94,6903.78,0,0.6235,0
C00035,1212,127,3,1091.95,3275.85,1,0.1954,0
C00036,928,179,5,1501.32,7506.62,2,0.0705,0
C00037,239,258,10,627.26,6272.58,0,0.1752,0
C00038,915,271,7,849.33,5945.29,1,0.3021,1
C00039,1479,397,5,779.54,3897.72,0,0.4062,1
C00040,1314,246,3,951.64,2854.92,2,0.1936,1
C00041,975,105,8,2835.55,22684.38,1,0.2643,0
C00042,823,309,7,2504.62,17532.35,1,0.0512,0
C00043,937,253,7,835.17,5846.19,0,0.3464,0
C00044,435,199,8,314.77,2518.13,3,0.1593,1
C00045,884,218,5,456.99,2284.95,0,0.2246,1
C00046,1261,194,6,1248.93,7493.56,2,0.3505,0
C00047,1356,26,5,654.3,3271.48,2,0.522,0
C00048,903,13,4,1422.23,5688.92,1,0.3364,0
C00049,484,138,10,190.62,1906.23,0,0.0644,0
C00050,347,275,8,1147.34,9178.72,0,0.2789,0
C00051,344,50,8,910.06,7280.5,0,0.2521,0
C00052,371,180,6,2257.36,13544.18,0,0.4028,1
C00053,815,96,7,1430.71,10015.0,3,0.586,1
C00054,680,301,5,897.04,4485.18,0,0.164,1
C00055,1477,343,8,961.74,7693.92,0,0.3785,0
C00056,937,338,7,1561.99,10933.91,0,0.0972,0
C00057,1474,132,10,769.99,7699.88,0,0.6039,0
C00058,1380,311,4,1496.88,5987.52,1,0.139,1
C00059,164,11,6,1044.91,6269.46,0,0.4642,0
C00060,421,117,4,710.67,2842.69,0,0.06,0
C00061,100,354,7,490.83,3435.8,1,0.2836,1
C00062,971,204,8,733.26,5866.07,0,0.3692,1
C00063,1218,369,9,858.91,7730.2,1,0.1873,0
C00064,1374,267,5,502.87,2514.36,0,0.6237,1
C00065,975,217,3,892.65,2677.95,0,0.3773,0
C00066,379,129,2,1077.62,2155.23,1,0.2499,0
C00067,948,141,6,303.17,1819.0,0,0.236,0
C00068,411,26,4,984.38,3937.52,0,0.206,0
C00069,1057,325,6,3410.64,20463.85,0,0.2609,0
C00070,85,124,6,1115.07,6690.44,0,0.1991,1
C00071,76,39,5,834.95,4174.75,0,0.2785,0
C00072,930,269,5,260.14,1300.7,0,0.071,1
C00073,633,245,5,1211.97,6059.86,2,0.0757,1
C00074,232,378,10,2256.37,22563.67,0,0.2005,1
C00075,734,59,5,378.23,1891.13,2,0.3728,0
C00076,945,313,3,478.08,1434.23,0,0.5035,1
C00077,998,343,4,1113.29,4453.18,1,0.1173,1
C00078,77,72,2,2083.68,4167.35,0,0.482,1
C00079,883,306,3,267.7,803.09,0,0.491,1
C00080,143,209,2,1679.54,3359.09,1,0.2679,1
C00081,1140,359,5,628.54,3142.69,2,0.3731,1
C00082,1092,53,7,1527.7,10693.91,3,0.0352,0
C00083,827,386,5,2364.26,11821.3,0,0.2384,1
C00084,1219,234,7,597.84,4184.86,0,0.0909,0
C00085,959,318,5,949.12,4745.58,0,0.5236,0
C00086,907,160,7,1902.37,13316.57,0,0.186,0
C00087,37,106,10,1125.67,11256.7,0,0.2631,1
C00088,309,263,5,766.96,3834.81,0,0.0366,0
C00089,966,247,5,367.68,1838.38,0,0.3165,0
C00090,1421,331,7,433.25,3032.76,1,0.3299,0
C00091,781,374,9,1019.48,9175.34,0,0.2899,1
C00092,1487,164,9,955.64,8600.75,0,0.3646,0
C00093,637,76,8,712.25,5698.01,0,0.3338,0
C00094,226,329,6,1173.65,7041.92,1,0.3119,1
C00095,1054,76,6,1245.12,7470.69,2,0.1352,0
C00096,1086,358,9,1055.81,9502.3,2,0.2747,1
C00097,33,298,4,876.4,3505.61,2,0.3012,1
C00098,1323,346,10,546.2,5462.04,1,0.1568,1
C00099,1160,251,6,1301.74,7810.46,2,0.0476,1
C00100,896,130,9,1264.96,11384.67,0,0.3381,0
C00101,1333,180,3,1440.99,4322.96,0,0.5449,0
C00102,1099,305,3,1005.42,3016.26,0,0.0916,0
C00103,196,36,4,801.15,3204.6,1,0.4038,0
C00104,1000,16,4,1079.99,4319.97,0,0.5501,0
C00105,551,304,6,350.91,2105.47,2,0.2908,1
C00106,1478,287,3,168.29,504.88,0,0.7167,1
C00107,1306,135,6,1875.89,11255.33,0,0.134,0
C00108,1074,258,7,1638.88,11472.17,1,0.2551,0
C00109,121,363,10,1279.9,12798.96,0,0.1729,0
C00110,1365,213,5,793.82,3969.11,1,0.6349,0
C00111,364,238,7,982.19,6875.32,0,0.4484,0
C00112,1190,346,8,920.85,7366.78,0,0.1862,0
C00113,1214,301,7,382.14,2675.0,0,0.3692,1
C00114,760,115,4,1396.39,5585.55,0,0.0992,0
C00115,554,72,9,858.98,7730.79,1,0.1632,1
C00116,332,12,4,464.67,1858.66,0,0.5055,0
C00117,528,270,4,1590.41,6361.65,0,0.2262,0
C00118,140,365,8,193.67,1549.33,0,0.1973,1
C00119,615,387,2,929.15,1858.3,1,0.1203,1
C00120,643,118,10,517.6,5175.97,0,0.07,0
C00121,1451,89,7,559.81,3918.7,0,0.1042,0
C00122,702,352,4,347.88,1391.5,1,0.4254,1
C00123,115,296,3,2184.56,6553.69,0,0.491,1
C00124,243,111,9,1407.4,12666.62,0,0.1322,0
C00125,569,162,11,2133.23,23465.56,0,0.1885,0
C00126,473,68,6,288.04,1728.24,0,0.1841,0
C00127,561,40,9,512.87,4615.79,0,0.1597,0
C00128,684,115,7,768.89,5382.25,0,0.3912,0
C00129,1469,357,5,1083.64,5418.18,0,0.3806,1
C00130,99,229,3,1015.2,3045.6,0,0.2209,1
C00131,453,173,4,262.52,1050.08,1,0.2952,1
C00132,512,298,11,496.71,5463.79,0,0.0502,0
C00133,1417,138,2,752.96,1505.91,0,0.4447,0
C00134,974,83,4,1248.34,4993.37,0,0.3708,0
C00135,622,316,7,1248.01,8736.06,0,0.1112,0
C00136,80,137,7,1245.67,8719.71,2,0.2682,1
C00137,701,5,10,1288.51,12885.14,0,0.374,0
C00138,1297,20,6,2402.86,14417.17,1,0.113,0
C00139,1024,235,1,2027.25,2027.25,1,0.2124,1
C00140,1392,5,6,1572.57,9435.42,1,0.4862,0
C00141,735,21,3,541.65,1624.96,0,0.2186,0
C00142,444,99,2,1714.58,3429.16,1,0.0868,0
C00143,348,376,10,431.41,4314.07,1,0.1074,0
C00144,925,110,9,370.49,3334.4,0,0.4374,0
C00145,1264,359,4,594.06,2376.22,0,0.2688,1
C00146,880,193,8,1456.52,11652.18,2,0.2952,0
C00147,444,259,3,466.62,1399.86,1,0.0951,1
C00148,937,121,5,928.66,4643.28,1,0.1365,1
C00149,1290,210,5,1285.49,6427.44,1,0.3834,1
C00150,905,112,4,1948.35,7793.4,0,0.2986,0
C00151,1453,311,6,1847.04,11082.27,1,0.0921,1
C00152,416,359,2,2116.41,4232.81,0,0.3143,1
C00153,814,282,4,1583.73,6334.9,1,0.238,1
C00154,381,44,3,1469.89,4409.66,0,0.4598,0
C00155,286,171,6,766.09,4596.55,2,0.3729,1
C00156,201,71,11,560.95,6170.47,1,0.3505,0
C00157,268,64,7,551.58,3861.08,0,0.2772,1
C00158,499,10,4,1759.09,7036.36,2,0.5439,1
C00159,1282,336,7,841.07,5887.51,0,0.4059,1
C00160,319,252,5,797.66,3988.31,0,0.2936,1
C00161,446,276,14,931.42,13039.84,1,0.4859,0
C00162,1105,110,4,2647.35,10589.39,1,0.0913,0
C00163,756,125,3,368.42,1105.25,0,0.2089,0
C00164,991,252,2,1097.64,2195.28,1,0.5292,1
C00165,1182,173,5,264.67,1323.34,0,0.3982,0
C00166,708,88,8,2174.31,17394.5,0,0.3095,0
C00167,111,291,6,1480.73,8884.38,0,0.0245,1
C00168,714,284,10,216.96,2169.6,2,0.0959,1
C00169,666,253,9,518.68,4668.12,0,0.0865,0
C00170,1413,87,7,643.25,4502.72,0,0.1326,1
C00171,1015,367,4,685.08,2740.33,0,0.2406,1
C00172,938,346,2,115.39,230.78,0,0.3713,1
C00173,874,11,5,812.19,4060.97,0,0.0701,0
C00174,591,252,7,1166.94,8168.57,2,0.2264,1
C00175,627,251,5,866.02,4330.12,0,0.1118,1
C00176,370,288,4,608.66,2434.63,1,0.0326,1
C00177,548,153,9,1574.19,14167.68,1,0.361,0
C00178,1098,132,3,492.51,1477.53,0,0.1883,0
C00179,146,115,7,1908.57,13359.99,0,0.3749,0
C00180,828,352,5,2458.55,12292.75,0,0.1575,1
C00181,919,359,6,2664.24,15985.42,3,0.7463,1
C00182,242,139,7,397.78,2784.45,0,0.3619,0
C00183,115,171,6,682.15,4092.89,1,0.198,0
C00184,663,286,11,1675.55,18431.0,0,0.1759,0
C00185,796,169,4,1089.83,4359.32,0,0.1259,1
C00186,306,238,6,756.69,4540.12,0,0.4591,0
C00187,226,111,3,2304.15,6912.45,0,0.2986,1
C00188,467,251,2,338.99,677.97,3,0.1374,1
C00189,88,297,10,669.01,6690.13,1,0.1058,0
C00190,941,153,8,1610.94,12887.5,1,0.1105,1
C00191,746,176,5,1554.8,7774.01,1,0.7173,0
C00192,892,355,5,271.97,1359.83,2,0.464,0
C00193,479,157,7,236.55,1655.86,0,0.4036,0
C00194,911,90,4,701.48,2805.92,0,0.2609,0
C00195,747,276,1,784.68,784.68,1,0.2711,1
C00196,1439,210,4,1230.19,4920.75,0,0.3503,0
C00197,270,247,4,130.64,522.54,0,0.3484,1
C00198,687,324,9,1100.66,9905.94,0,0.122,0
C00199,1450,397,6,950.97,5705.83,1,0.1174,1
C00200,1418,149,4,956.81,3827.22,0,0.0441,1
C00201,50,124,6,445.1,2670.62,1,0.0741,0
C00202,531,62,6,892.37,5354.24,1,0.336,0
C00203,229,373,5,828.69,4143.45,0,0.2169,1
C00204,1042,269,7,1259.21,8814.49,3,0.1882,1
C00205,1075,201,5,1073.86,5369.28,0,0.4644,0
C00206,858,345,5,700.9,3504.52,2,0.3104,1
C00207,1397,11,8,1315.02,10520.19,1,0.5089,0
C00208,77,393,2,1630.25,3260.5,4,0.6467,1
C00209,97,286,5,1218.63,6093.13,0,0.3157,1
C00210,1400,124,7,488.64,3420.47,0,0.1508,0
C00211,62,154,6,678.11,4068.64,1,0.3272,1
C00212,1444,323,5,466.03,2330.13,1,0.1842,0
C00213,850,351,4,827.79,3311.15,1,0.3673,1
C00214,956,51,1,327.61,327.61,2,0.2261,0
C00215,677,164,5,860.45,4302.27,0,0.3008,0
C00216,959,206,7,790.36,5532.5,2,0.0722,1
C00217,330,47,8,785.51,6284.1,0,0.0733,0
C00218,183,129,4,758.97,3035.9,0,0.2712,0
C00219,224,270,6,725.84,4355.02,0,0.0257,0
C00220,277,117,6,720.52,4323.09,1,0.6644,1
C00221,1284,137,5,2386.33,11931.63,1,0.0349,0
C00222,680,56,6,2365.58,14193.47,1,0.3784,0
C00223,212,247,7,240.57,1683.97,2,0.1008,1
C00224,398,13,9,919.27,8273.47,0,0.3073,0
C00225,1052,116,8,761.06,6088.47,1,0.234,0
C00226,566,384,11,427.82,4705.99,1,0.2603,1
C00227,1245,134,3,1231.1,3693.31,1,0.592,0
C00228,60,303,7,1042.66,7298.65,0,0.1353,0
C00229,62,209,8,1328.88,10631.02,0,0.2422,1
C00230,1169,76,6,559.46,3356.75,0,0.2316,0
C00231,1124,205,5,1347.46,6737.28,0,0.4457,0
C00232,161,191,3,956.32,2868.96,0,0.2871,1
C00233,1034,397,5,851.47,4257.36,0,0.0863,1
C00234,334,382,9,2988.83,26899.51,1,0.4728,0
C00235,828,215,6,466.83,2801.0,0,0.6014,0
C00236,1116,373,7,2108.3,14758.1,1,0.3439,1
C00237,146,241,10,267.26,2672.58,0,0.2268,0
C00238,1492,39,4,364.75,1458.99,0,0.1234,0
C00239,1364,342,4,863.57,3454.3,0,0.4092,1
C00240,482,293,7,1234.02,8638.11,0,0.3112,1
C00241,1365,3,6,378.56,2271.36,0,0.323,0
C00242,818,4,7,1505.38,10537.66,0,0.3157,0
C00243,531,376,10,1131.59,11315.9,1,0.4996,0
C00244,1313,126,8,1660.79,13286.33,1,0.091,0
C00245,524,134,6,1559.09,9354.52,0,0.3268,1
C00246,660,228,6,1066.89,6401.34,2,0.1928,1
C00247,834,330,12,197.49,2369.86,0,0.0737,1
C00248,345,223,4,401.74,1606.95,0,0.2628,1
C00249,1317,237,4,2583.52,10334.06,0,0.552,0
C00250,1302,24,8,2155.74,17245.91,2,0.0904,0
C00251,1400,341,7,1738.69,12170.85,0,0.0106,1
C00252,1305,68,5,2031.48,10157.38,0,0.5238,1
C00253,396,153,6,125.58,753.48,0,0.3133,1
C00254,887,232,4,304.14,1216.56,2,0.1279,1
C00255,847,341,3,1496.52,4489.57,1,0.094,0
C00256,1211,206,5,2363.78,11818.89,0,0.1926,0
C00257,565,372,2,511.65,1023.29,1,0.1846,1
C00258,812,77,10,2323.23,23232.33,1,0.5453,0
C00259,350,119,8,213.29,1706.31,0,0.1913,1
C00260,800,296,3,1232.99,3698.96,0,0.1516,1
C00261,34,248,2,98.75,197.5,0,0.7898,1
C00262,50,93,8,1259.31,10074.48,2,0.4805,1
C00263,461,83,4,906.25,3625.0,1,0.128,0
C00264,1063,140,3,543.93,1631.79,0,0.2289,1
C00265,512,263,5,1313.7,6568.52,0,0.2876,0
C00266,1038,297,8,1319.4,10555.2,0,0.368,0
C00267,992,371,6,620.01,3720.06,2,0.2259,0
C00268,468,274,6,2000.38,12002.29,0,0.028,0
C00269,976,259,7,1201.53,8410.68,1,0.1512,0
C00270,631,135,4,431.8,1727.2,1,0.044,0
C00271,1468,293,5,723.28,3616.38,1,0.227,1
C00272,56,236,10,1497.78,14977.81,1,0.1065,0
C00273,1004,350,4,647.84,2591.35,0,0.1796,1
C00274,1245,39,9,1620.43,14583.86,1,0.341,1
C00275,255,271,4,793.0,3172.0,1,0.3224,0
C00276,1467,106,16,500.01,8000.12,2,0.51,0
C00277,896,100,6,1558.87,9353.22,1,0.4398,0
C00278,860,3,4,2189.46,8757.84,1,0.2041,0
C00279,273,264,8,568.48,4547.81,1,0.4796,0
C00280,906,102,9,839.92,7559.32,1,0.5769,0
C00281,256,371,10,3347.34,33473.36,2,0.3149,0
C00282,622,198,12,1779.44,21353.31,2,0.3584,1
C00283,1393,289,6,2002.23,12013.39,0,0.2848,0
C00284,373,185,4,2026.8,8107.21,2,0.2279,1
C00285,292,107,6,589.87,3539.23,0,0.4585,0
C00286,39,269,9,291.12,2620.05,0,0.0791,0
C00287,731,359,5,1347.73,6738.66,1,0.1817,1
C00288,1108,252,6,526.7,3160.18,1,0.239,0
C00289,1363,369,7,437.58,3063.03,1,0.4461,1
C00290,185,120,6,1554.72,9328.3,0,0.1562,0
C00291,922,94,6,1563.02,9378.11,1,0.2181,1
C00292,267,61,7,236.5,1655.49,0,0.2584,0
C00293,705,146,4,605.44,2421.75,0,0.1231,1
C00294,416,379,6,523.41,3140.45,0,0.3758,1
C00295,522,44,7,2286.77,16007.41,1,0.0974,0
C00296,794,238,6,292.6,1755.6,1,0.4616,1
C00297,214,370,7,961.77,6732.42,0,0.589,0
C00298,1311,220,8,519.32,4154.53,1,0.4243,0
C00299,1292,231,5,1106.79,5533.97,0,0.1364,0
C00300,408,298,6,514.13,3084.77,0,0.2799,0
C00301,1210,129,8,1049.26,8394.1,0,0.3195,0
C00302,989,248,7,974.04,6818.28,0,0.3912,1
C00303,1379,108,5,737.09,3685.43,0,0.1404,0
C00304,1142,360,8,1222.72,9781.75,1,0.1983,1
C00305,1168,226,4,736.57,2946.28,1,0.1098,1
C00306,778,161,3,1287.0,3861.01,1,0.1868,0
C00307,750,387,7,904.12,6328.82,0,0.1372,1
C00308,364,198,6,217.86,1307.14,0,0.069,0
C00309,314,185,8,739.1,5912.8,0,0.5331,0
C00310,816,98,3,906.51,2719.53,0,0.4982,0
C00311,1325,392,6,1929.09,11574.54,0,0.3658,0
C00312,765,264,7,915.54,6408.75,1,0.1883,1
C00313,330,296,8,943.7,7549.61,0,0.403,1
C00314,891,359,5,940.48,4702.38,2,0.2302,1
C00315,718,281,6,574.11,3444.67,1,0.3336,1
C00316,394,382,8,2694.25,21554.0,1,0.2874,1
C00317,998,61,5,1075.85,5379.23,1,0.1933,1
C00318,531,187,5,2543.66,12718.32,0,0.4112,1
C00319,1277,78,9,2290.19,20611.74,1,0.2459,0
C00320,1220,125,4,614.26,2457.06,3,0.1449,1
C00321,1270,295,2,168.96,337.92,0,0.5313,0
C00322,1387,219,9,342.86,3085.73,0,0.2254,0
C00323,565,66,7,2295.05,16065.32,0,0.4716,0
C00324,1111,281,5,1030.88,5154.42,0,0.1352,0
C00325,209,220,2,1237.32,2474.64,0,0.5052,1
C00326,1097,144,11,1105.32,12158.47,2,0.1557,0
C00327,749,205,6,580.34,3482.01,1,0.3034,0
C00328,545,311,4,274.9,1099.6,1,0.1741,1
C00329,1313,289,1,2095.96,2095.96,0,0.2119,0
C00330,565,75,4,865.67,3462.68,0,0.5805,0
C00331,455,220,9,983.55,8851.96,0,0.0616,0
C00332,978,148,5,1036.02,5180.11,2,0.5917,0
C00333,821,87,6,680.57,4083.45,0,0.4139,0
C00334,1181,380,4,620.6,2482.4,0,0.5279,1
C00335,262,312,2,1245.06,2490.11,0,0.1981,1
C00336,1487,350,3,709.46,2128.37,0,0.3338,1
C00337,1122,313,9,2047.88,18430.93,0,0.2025,0
C00338,525,317,6,1437.98,8627.89,3,0.3288,1
C00339,922,15,10,2136.12,21361.17,1,0.336,0
C00340,35,397,3,662.94,1988.81,1,0.2219,1
C00341,1117,216,7,842.98,5900.85,1,0.2652,0
C00342,104,128,7,1438.71,10070.98,1,0.5478,0
C00343,456,32,4,255.82,1023.26,0,0.5016,1
C00344,1211,6,4,606.71,2426.82,1,0.2495,0
C00345,1024,46,5,2320.02,11600.09,0,0.7949,1
C00346,813,128,4,399.98,1599.91,1,0.3086,1
C00347,281,22,4,804.33,3217.33,1,0.2843,0
C00348,1140,102,3,476.81,1430.42,0,0.1988,1
C00349,646,303,7,437.77,3064.41,0,0.1527,1
C00350,991,134,3,874.68,2624.04,0,0.3645,0
C00351,1266,226,8,313.51,2508.12,0,0.4917,0
C00352,1492,291,6,1515.83,9094.97,1,0.0676,1
C00353,781,202,6,1348.2,8089.19,0,0.3018,1
C00354,923,197,9,2614.33,23528.94,0,0.1833,0
C00355,1352,85,8,1203.31,9626.5,1,0.3808,0
C00356,702,83,9,998.71,8988.43,0,0.1129,0
C00357,1231,9,11,875.83,9634.17,1,0.2726,0
C00358,1130,8,7,2324.16,16269.12,0,0.2049,0
C00359,805,89,3,1919.0,5757.0,2,0.4496,1
C00360,1459,28,6,708.23,4249.37,0,0.291,0
C00361,530,127,5,992.44,4962.21,2,0.427,1
C00362,1435,2,4,1506.44,6025.74,1,0.2191,0
C00363,1128,345,7,1295.99,9071.91,1,0.2493,1
C00364,858,272,4,913.46,3653.84,1,0.0777,1
C00365,1133,58,9,423.31,3809.82,1,0.335,0
C00366,435,70,7,403.78,2826.49,1,0.1389,0
C00367,793,83,5,1139.46,5697.3,1,0.2234,0
C00368,1085,75,4,502.81,2011.23,2,0.2248,1
C00369,231,55,8,796.33,6370.68,2,0.4428,0
C00370,1483,91,7,1935.89,13551.22,2,0.1143,0
C00371,500,313,6,353.88,2123.3,1,0.1803,1
C00372,1126,218,4,2753.84,11015.36,1,0.206,1
C00373,733,57,4,888.17,3552.68,1,0.2538,0
C00374,1304,67,9,712.6,6413.44,0,0.3828,0
C00375,1417,40,7,528.55,3699.86,2,0.4889,0
C00376,191,333,9,2134.68,19212.15,0,0.2902,0
C00377,1167,204,5,1427.46,7137.31,1,0.2413,1
C00378,869,183,5,598.44,2992.19,2,0.1452,0
C00379,1172,202,3,1032.03,3096.08,0,0.252,0
C00380,1349,189,8,329.98,2639.8,0,0.2672,0
C00381,330,177,4,997.43,3989.71,0,0.2094,0
C00382,1280,165,3,260.09,780.26,0,0.1253,0
C00383,257,342,9,579.01,5211.1,0,0.3285,1
C00384,493,328,8,1248.41,9987.27,2,0.2346,0
C00385,1458,222,6,640.2,3841.2,0,0.1521,0
C00386,317,323,9,396.95,3572.54,1,0.4058,1
C00387,452,9,10,1504.53,15045.32,0,0.1383,0
C00388,1167,287,7,514.74,3603.16,0,0.3827,0
C00389,993,126,5,2345.25,11726.27,0,0.2312,0
C00390,1240,42,7,976.21,6833.47,0,0.2448,0
C00391,1137,310,7,508.57,3560.01,0,0.3214,1
C00392,379,328,6,1258.26,7549.54,2,0.2064,1
C00393,798,56,7,2667.84,18674.88,0,0.1129,0
C00394,117,233,9,753.03,6777.28,0,0.4501,1
C00395,139,338,7,1750.41,12252.89,0,0.3004,1
C00396,1183,262,6,1719.19,10315.16,0,0.105,0
C00397,523,205,2,1183.97,2367.93,1,0.0664,1
C00398,754,102,8,766.24,6129.95,1,0.293,0
C00399,1399,131,3,1063.65,3190.96,0,0.1633,0
C00400,1057,339,8,1934.95,15479.58,0,0.1753,1
C00401,849,88,8,962.74,7701.95,1,0.3826,0
C00402,840,40,4,732.22,2928.88,1,0.3584,0
C00403,1427,128,7,789.43,5526.03,0,0.4057,0
C00404,564,141,7,1443.96,10107.72,0,0.2384,0
C00405,267,21,3,1441.07,4323.21,0,0.1467,0
C00406,1388,210,10,901.78,9017.85,0,0.2416,0
C00407,130,223,4,969.72,3878.87,1,0.2093,1
C00408,1281,360,6,911.69,5470.14,1,0.3854,1
C00409,999,102,6,609.3,3655.79,0,0.4205,1
C00410,313,115,6,828.84,4973.02,0,0.1718,1
C00411,439,349,3,1631.3,4893.91,0,0.1075,0
C00412,617,174,6,759.97,4559.84,1,0.3687,0
C00413,870,57,5,916.38,4581.91,1,0.1757,0
C00414,774,232,6,794.95,4769.69,0,0.2425,0
C00415,568,185,4,1449.2,5796.81,0,0.3116,1
C00416,833,219,8,705.59,5644.74,1,0.4982,1
C00417,396,289,4,746.75,2986.99,0,0.3818,1
C00418,32,367,4,1204.91,4819.63,2,0.1423,1
C00419,159,301,5,794.38,3971.9,1,0.2091,1
C00420,530,312,10,842.92,8429.24,1,0.1451,0
C00421,841,88,6,1739.12,10434.74,1,0.2902,1
C00422,194,352,10,2094.93,20949.3,2,0.2167,1
C00423,109,380,7,758.0,5306.01,0,0.3435,1
C00424,1158,43,4,2233.53,8934.11,0,0.2527,0
C00425,1085,379,2,1114.39,2228.78,1,0.2372,1
C00426,745,159,7,152.39,1066.7,0,0.1589,0
C00427,416,166,10,855.63,8556.28,0,0.1294,0
C00428,948,247,4,2776.63,11106.51,1,0.3133,1
C00429,238,183,4,1121.17,4484.68,1,0.4371,0
C00430,45,191,8,2100.13,16801.08,1,0.3027,1
C00431,1250,133,1,774.31,774.31,0,0.0749,1
C00432,1154,137,1,1357.74,1357.74,1,0.1814,0
C00433,1355,158,7,3278.27,22947.91,1,0.4634,0
C00434,1245,239,6,701.45,4208.7,0,0.1234,0
C00435,216,316,5,536.52,2682.58,2,0.2115,1
C00436,114,55,3,683.99,2051.96,0,0.1181,1
C00437,1428,203,7,687.56,4812.93,2,0.113,1
C00438,1329,197,10,1213.88,12138.75,1,0.0457,0
C00439,719,357,6,969.67,5818.04,0,0.3656,1
C00440,861,46,7,1584.71,11093.0,0,0.351,0
C00441,205,164,3,806.81,2420.42,2,0.2354,1
C00442,349,119,7,1557.66,10903.63,1,0.3755,1
C00443,572,277,8,562.53,4500.26,3,0.4118,1
C00444,372,45,6,825.87,4955.23,0,0.279,1
C00445,837,293,4,1359.65,5438.59,3,0.1626,1
C00446,598,391,3,1524.73,4574.19,0,0.3092,1
C00447,416,133,6,840.02,5040.14,1,0.1987,0
C00448,376,125,4,2428.29,9713.16,0,0.2998,1
C00449,1177,364,8,1508.82,12070.56,0,0.2525,1
C00450,978,100,13,2144.59,27879.63,1,0.1333,0
C00451,202,203,6,428.9,2573.38,0,0.2248,0
C00452,1142,51,2,1336.78,2673.56,1,0.4611,0
C00453,1330,202,5,1854.61,9273.06,0,0.2848,0
C00454,403,327,8,2370.26,18962.11,0,0.3063,0
C00455,643,19,2,1454.71,2909.42,0,0.1658,0
C00456,191,301,5,1016.05,5080.25,0,0.4371,1
C00457,1466,339,5,193.09,965.43,0,0.0759,0
C00458,1090,50,2,704.63,1409.25,1,0.4406,1
C00459,688,244,8,3708.72,29669.77,0,0.2223,0
C00460,157,236,6,480.88,2885.26,1,0.4994,1
C00461,54,91,8,1585.96,12687.71,2,0.0834,0
C00462,700,15,6,391.25,2347.49,3,0.2221,0
C00463,603,125,5,768.53,3842.65,1,0.3577,0
C00464,663,230,2,658.58,1317.15,0,0.1397,1
C00465,609,146,4,1373.18,5492.73,0,0.1633,0
C00466,1428,21,9,693.8,6244.18,1,0.2036,0
C00467,557,333,8,2266.68,18133.47,2,0.242,1
C00468,635,304,5,396.35,1981.76,1,0.0688,0
C00469,1136,322,6,923.46,5540.78,2,0.5398,1
C00470,543,351,6,440.83,2644.97,0,0.2771,1
C00471,890,216,3,1167.26,3501.78,0,0.4479,1
C00472,1105,184,5,1985.62,9928.08,0,0.2849,1
C00473,1360,313,6,1056.66,6339.95,1,0.123,1
C00474,75,360,4,2108.58,8434.31,1,0.0837,1
C00475,949,226,7,2001.43,14010.0,0,0.1167,1
C00476,809,70,3,789.19,2367.58,1,0.1455,0
C00477,889,59,10,1008.32,10083.21,1,0.2708,0
C00478,1476,314,3,737.21,2211.64,1,0.3848,1
C00479,429,88,3,1024.75,3074.24,1,0.6986,0
C00480,1236,189,5,678.57,3392.83,1,0.2284,0
C00481,1002,129,7,1343.08,9401.56,1,0.4621,0
C00482,641,320,4,328.25,1313.01,0,0.2104,0
C00483,1060,91,4,587.68,2350.72,0,0.1307,0
C00484,1178,195,10,994.16,9941.55,0,0.0347,0
C00485,95,359,4,1009.78,4039.13,1,0.1867,1
C00486,842,188,7,551.16,3858.11,1,0.1739,1
C00487,106,78,2,95.16,190.33,1,0.1646,1
C00488,72,127,1,3234.45,3234.45,0,0.0562,1
C00489,338,38,6,1516.26,9097.57,0,0.3009,0
C00490,324,329,5,1146.06,5730.31,0,0.33,1
C00491,888,334,7,786.1,5502.71,1,0.142,0
C00492,1247,393,9,165.5,1489.47,0,0.4912,1
C00493,964,56,7,857.63,6003.41,2,0.0136,1
C00494,1270,102,2,1586.07,3172.13,0,0.3567,0
C00495,553,1,6,1291.47,7748.82,1,0.3394,0
C00496,1360,192,6,1067.73,6406.4,0,0.0736,0
C00497,389,271,4,983.72,3934.89,0,0.2705,1
C00498,1115,116,5,634.33,3171.66,2,0.4587,0
C00499,272,60,6,226.4,1358.38,1,0.1255,1
C00500,883,41,3,387.51,1162.54,0,0.4623,0
C00501,473,158,4,1373.18,5492.71,0,0.2743,1
C00502,934,317,6,1605.36,9632.17,1,0.2112,0
C00503,696,129,2,410.8,821.6,0,0.0788,1
C00504,193,266,6,708.08,4248.5,0,0.1897,0
C00505,911,384,6,1364.27,8185.62,2,0.4624,1
C00506,1124,29,6,1284.24,7705.43,1,0.3939,1
C00507,1309,39,9,1099.07,9891.61,0,0.3759,0
C00508,1369,294,5,1428.91,7144.53,1,0.2145,1
C00509,962,22,8,319.85,2558.82,2,0.4198,0
C00510,976,190,4,990.92,3963.66,0,0.2824,0
C00511,833,311,8,766.5,6131.96,0,0.3808,1
C00512,1401,309,7,591.15,4138.02,0,0.2207,0
C00513,538,133,2,1291.04,2582.09,1,0.5185,1
C00514,762,45,5,1291.46,6457.29,0,0.1606,1
C00515,663,225,9,1904.7,17142.32,2,0.4123,1
C00516,513,151,4,1861.24,7444.97,0,0.2345,0
C00517,977,3,8,912.61,7300.9,0,0.2306,0
C00518,117,346,6,990.37,5942.23,0,0.5823,0
C00519,966,395,6,430.46,2582.75,1,0.3845,0
C00520,1260,11,5,1018.8,5094.02,2,0.2315,0
C00521,340,260,6,1274.32,7645.91,4,0.2217,1
C00522,381,103,3,1181.42,3544.27,1,0.0685,0
C00523,1220,262,9,444.99,4004.93,2,0.2159,0
C00524,464,40,4,1899.95,7599.8,1,0.3951,0
C00525,1249,299,9,1082.28,9740.54,0,0.2037,0
C00526,953,40,6,671.47,4028.83,2,0.5023,0
C00527,1472,145,5,1559.83,7799.15,2,0.1513,1
C00528,731,129,4,996.94,3987.76,0,0.5476,0
C00529,1344,160,5,2761.81,13809.06,1,0.0436,0
C00530,1385,188,8,1170.65,9365.21,0,0.2039,0
C00531,179,175,8,1014.0,8112.02,0,0.6021,0
C00532,348,76,5,1188.89,5944.44,0,0.2235,0
C00533,669,317,4,1860.02,7440.06,1,0.4871,0
C00534,430,384,7,549.65,3847.56,0,0.4806,1
C00535,114,33,7,1171.78,8202.44,1,0.1548,0
C00536,1458,233,5,903.94,4519.71,0,0.118,0
C00537,1160,115,9,1222.52,11002.66,1,0.0274,0
C00538,544,381,6,1451.81,8710.89,0,0.2027,1
C00539,1312,312,5,832.36,4161.78,0,0.2544,1
C00540,1400,255,6,900.43,5402.59,0,0.0985,0
C00541,749,27,8,357.05,2856.43,1,0.2403,0
C00542,226,319,7,2102.8,14719.63,0,0.449,1
C00543,303,379,4,417.51,1670.04,1,0.1508,1
C00544,1244,373,5,2252.19,11260.93,1,0.0946,1
C00545,705,221,5,946.61,4733.07,0,0.7585,1
C00546,777,248,5,535.31,2676.57,0,0.2817,1
C00547,222,48,7,475.09,3325.64,2,0.3078,0
C00548,79,22,4,1194.24,4776.98,1,0.1576,1
C00549,162,78,6,1141.75,6850.51,0,0.4504,0
C00550,1062,136,2,345.37,690.73,2,0.224,1
C00551,209,82,4,1483.64,5934.57,0,0.5081,0
C00552,1264,191,8,962.2,7697.57,1,0.3193,0
C00553,179,74,8,433.01,3464.08,0,0.3713,0
C00554,297,325,10,1193.26,11932.6,2,0.5563,0
C00555,1342,207,8,1514.92,12119.39,2,0.3293,1
C00556,812,41,6,995.52,5973.1,0,0.2514,0
C00557,75,323,6,1606.65,9639.92,2,0.4175,1
C00558,313,13,10,550.35,5503.55,0,0.4014,0
C00559,445,65,5,706.07,3530.34,1,0.3533,1
C00560,425,266,6,776.07,4656.42,2,0.1417,1
C00561,332,20,8,1834.71,14677.69,0,0.1571,0
C00562,539,101,4,1754.17,7016.67,2,0.1472,1
C00563,684,13,12,1754.49,21053.84,3,0.1453,0
C00564,160,19,8,91.29,730.29,1,0.2953,0
C00565,404,50,5,1191.63,5958.17,0,0.1566,0
C00566,1475,54,6,116.05,696.32,2,0.3452,0
C00567,397,80,7,2444.75,17113.24,1,0.3412,0
C00568,266,349,6,411.27,2467.63,1,0.2434,1
C00569,1342,163,4,483.18,1932.71,2,0.2234,0
C00570,149,7,4,1370.15,5480.6,0,0.1524,0
C00571,1001,296,4,1443.82,5775.28,1,0.0486,1
C00572,119,28,11,851.36,9365.0,1,0.2792,0
C00573,465,9,8,358.3,2866.42,1,0.3933,0
C00574,1028,261,6,886.6,5319.62,0,0.2801,1
C00575,502,113,4,624.57,2498.26,1,0.2902,0
C00576,941,369,4,264.95,1059.8,0,0.2288,0
C00577,572,10,7,2010.27,14071.91,0,0.2661,0
C00578,534,107,3,1219.83,3659.49,1,0.2619,1
C00579,612,396,8,1718.91,13751.26,0,0.3913,0
C00580,103,296,6,1593.88,9563.3,0,0.3722,1
C00581,306,277,7,636.56,4455.9,0,0.4202,1
C00582,912,32,7,447.73,3134.11,0,0.6665,0
C00583,544,79,4,694.04,2776.16,1,0.1548,0
C00584,1453,236,3,754.86,2264.59,0,0.2546,1
C00585,1314,40,14,563.88,7894.39,0,0.2881,0
C00586,1115,291,4,437.08,1748.31,0,0.0799,0
C00587,1087,113,3,1063.23,3189.69,1,0.3088,0
C00588,1204,195,3,747.83,2243.5,2,0.2743,1
C00589,86,294,6,940.92,5645.55,1,0.1554,1
C00590,331,20,5,937.67,4688.33,1,0.4535,0
C00591,1220,398,9,345.18,3106.64,0,0.4523,1
C00592,1382,348,6,708.68,4252.06,0,0.1101,1
C00593,627,106,3,1939.67,5819.01,1,0.2332,1
C00594,816,107,5,820.89,4104.46,1,0.3264,1
C00595,1095,324,10,759.7,7597.01,1,0.2295,1
C00596,682,273,7,1415.86,9911.02,0,0.152,1
C00597,607,332,4,691.66,2766.65,1,0.2875,1
C00598,1489,214,3,454.93,1364.78,0,0.106,1
C00599,1170,270,8,1759.09,14072.72,0,0.213,0
C00600,1400,391,5,1437.74,7188.71,1,0.2119,1
C00601,1005,205,6,915.58,5493.5,0,0.2026,1
C00602,156,164,5,446.71,2233.55,1,0.3388,1
C00603,1018,371,7,943.04,6601.28,1,0.0995,1
C00604,582,336,10,1807.0,18070.01,1,0.4346,1
C00605,1326,262,4,960.31,3841.24,2,0.2216,1
C00606,1380,157,4,769.16,3076.63,1,0.3337,0
C00607,1243,208,3,639.88,1919.64,0,0.1019,1
C00608,825,278,3,815.79,2447.37,0,0.221,1
C00609,753,244,6,1241.97,7451.84,1,0.2964,1
C00610,481,182,6,1221.74,7330.43,0,0.3845,0
C00611,1002,309,7,1504.75,10533.24,1,0.2228,1
C00612,939,241,7,2841.31,19889.19,1,0.3134,1
C00613,586,52,5,676.4,3382.02,0,0.2959,0
C00614,1439,60,4,546.09,2184.38,0,0.0781,0
C00615,1000,333,7,349.61,2447.24,0,0.0759,1
C00616,437,213,5,879.2,4396.01,0,0.3392,0
C00617,421,339,5,924.06,4620.3,1,0.1169,0
C00618,241,178,5,443.73,2218.67,0,0.1605,1
C00619,871,140,4,2507.53,10030.13,1,0.2835,1
C00620,657,107,5,1718.75,8593.74,3,0.4108,1
C00621,1227,25,7,2099.2,14694.38,0,0.1909,0
C00622,169,264,2,567.41,1134.81,0,0.1325,1
C00623,772,311,5,1715.99,8579.97,0,0.1811,1
C00624,174,295,11,599.56,6595.12,0,0.2054,0
C00625,1033,350,4,1562.81,6251.25,0,0.2388,1
C00626,861,327,5,851.81,4259.05,0,0.1703,1
C00627,452,231,7,1078.85,7551.93,0,0.1531,1
C00628,1487,43,6,3090.74,18544.41,1,0.0866,0
C00629,1234,299,6,1007.44,6044.65,0,0.4179,1
C00630,317,237,8,1587.99,12703.96,0,0.2847,0
C00631,724,305,6,1140.6,6843.62,0,0.3353,0
C00632,1041,230,6,793.25,4759.53,2,0.3959,0
C00633,613,116,8,1016.35,8130.81,0,0.3259,0
C00634,715,91,4,790.34,3161.38,1,0.0793,0
C00635,74,45,8,347.28,2778.2,0,0.2106,0
C00636,742,150,6,193.23,1159.39,0,0.5303,1
C00637,176,351,11,836.9,9205.88,0,0.0796,0
C00638,1265,74,8,1062.35,8498.81,0,0.4257,0
C00639,212,100,6,338.8,2032.78,0,0.3597,0
C00640,122,71,5,1784.14,8920.7,1,0.4375,0
C00641,743,173,3,876.68,2630.03,1,0.3649,1
C00642,619,60,6,990.25,5941.48,0,0.2199,0
C00643,143,350,3,2501.16,7503.49,2,0.2984,1
C00644,883,355,7,1156.43,8094.99,1,0.6105,1
C00645,941,128,12,1098.94,13187.23,0,0.4619,0
C00646,908,36,4,1835.79,7343.15,0,0.4008,0
C00647,259,166,2,837.96,1675.93,1,0.1015,0
C00648,77,12,15,1803.68,27055.23,2,0.1008,0
C00649,945,11,7,1720.79,12045.55,0,0.1054,0
C00650,1446,195,8,686.87,5494.96,0,0.2578,0
C00651,783,30,13,1172.17,15238.19,0,0.2494,0
C00652,1124,194,8,2847.33,22778.62,1,0.6611,0
C00653,448,263,2,1798.74,3597.49,0,0.4217,1
C00654,147,139,5,738.42,3692.11,0,0.1187,0
C00655,712,378,8,350.33,2802.61,0,0.3565,0
C00656,124,268,6,842.93,5057.6,1,0.222,1
C00657,707,48,14,899.15,12588.04,0,0.133,0
C00658,512,396,9,526.19,4735.68,1,0.5878,1
C00659,224,363,12,1166.73,14000.81,1,0.1017,0
C00660,1389,94,9,446.92,4022.26,1,0.2187,0
C00661,711,45,5,1600.76,8003.79,0,0.5564,0
C00662,975,174,9,904.88,8143.9,1,0.0918,1
C00663,972,352,11,1092.89,12021.74,2,0.0488,1
C00664,1328,255,4,1551.34,6205.34,1,0.2284,1
C00665,1050,355,8,253.53,2028.28,4,0.3089,1
C00666,440,335,7,710.49,4973.45,0,0.1496,1
C00667,1342,12,3,351.41,1054.23,0,0.1572,0
C00668,1249,278,7,238.44,1669.05,0,0.1464,1
C00669,1092,138,7,1796.2,12573.43,1,0.1589,0
C00670,257,395,10,359.67,3596.75,0,0.2923,0
C00671,814,86,1,3010.13,3010.13,0,0.1456,1
C00672,1471,259,5,1085.81,5429.03,0,0.4793,1
C00673,469,393,5,235.43,1177.16,2,0.2824,1
C00674,1349,304,9,433.9,3905.09,0,0.2765,1
C00675,715,118,7,482.86,3380.03,0,0.1965,1
C00676,798,385,7,1640.75,11485.28,0,0.0667,1
C00677,1463,219,11,668.16,7349.79,0,0.4369,0
C00678,454,327,5,1161.6,5808.0,0,0.6609,1
C00679,1418,169,8,977.77,7822.17,0,0.6395,0
C00680,1222,260,5,1457.48,7287.39,1,0.2571,0
C00681,1114,210,1,965.88,965.88,0,0.3312,1
C00682,100,246,6,70.41,422.49,0,0.2817,1
C00683,78,269,3,1369.19,4107.56,1,0.281,1
C00684,518,337,4,1763.35,7053.4,0,0.5289,1
C00685,124,143,2,230.46,460.91,1,0.1114,1
C00686,526,252,4,103.15,412.58,0,0.3376,1
C00687,1463,358,6,1894.92,11369.51,0,0.4476,0
C00688,1191,323,4,578.16,2312.63,1,0.2831,1
C00689,1221,92,5,153.37,766.83,0,0.2315,0
C00690,904,118,6,916.43,5498.55,1,0.0181,0
C00691,747,345,5,710.01,3550.07,1,0.0309,1
C00692,613,381,7,1093.93,7657.54,1,0.37,1
C00693,618,225,10,799.01,7990.1,0,0.4377,1
C00694,638,162,3,625.76,1877.27,0,0.5518,0
C00695,299,370,6,2444.24,14665.43,0,0.2121,1
C00696,101,39,6,319.31,1915.88,3,0.4807,1
C00697,792,335,7,379.64,2657.51,0,0.4997,0
C00698,794,386,2,1037.27,2074.55,0,0.3735,1
C00699,986,302,7,269.04,1883.28,0,0.0217,0
C00700,305,149,2,1398.31,2796.63,0,0.2292,1
C00701,218,134,5,393.69,1968.45,0,0.355,0
C00702,1428,141,2,2601.53,5203.06,1,0.2668,1
C00703,725,87,10,785.54,7855.42,0,0.0391,0
C00704,437,107,9,517.96,4661.68,0,0.1411,0
C00705,553,361,7,786.96,5508.72,2,0.6022,1
C00706,114,234,2,778.67,1557.34,1,0.2251,1
C00707,1335,59,7,1158.05,8106.32,0,0.41,0
C00708,1209,87,4,320.26,1281.05,0,0.5081,0
C00709,1075,11,6,707.64,4245.86,1,0.0241,1
C00710,1195,322,6,1082.0,6492.01,1,0.4237,0
C00711,1357,335,8,677.02,5416.17,1,0.2454,1
C00712,983,265,6,1456.47,8738.84,0,0.1612,0
C00713,555,327,10,1547.21,15472.08,0,0.3407,1
C00714,170,128,9,1751.51,15763.55,0,0.4974,0
C00715,268,366,6,1975.9,11855.43,1,0.5796,1
C00716,683,364,14,713.81,9993.33,0,0.6085,0
C00717,1250,297,8,2652.12,21216.99,0,0.1953,1
C00718,525,64,2,776.9,1553.8,1,0.4651,0
C00719,652,335,4,1236.69,4946.75,0,0.2633,1
C00720,1421,149,4,519.51,2078.02,0,0.2453,0
C00721,872,51,6,1085.24,6511.41,1,0.5754,0
C00722,1332,367,9,513.19,4618.75,0,0.3199,0
C00723,1090,243,10,1565.16,15651.59,0,0.124,0
C00724,790,207,10,2382.39,23823.91,0,0.293,0
C00725,944,366,2,815.24,1630.48,0,0.2693,1
C00726,1102,61,6,504.88,3029.25,0,0.3765,0
C00727,1209,361,4,1082.06,4328.24,0,0.3099,1
C00728,1064,141,7,335.9,2351.29,0,0.2999,1
C00729,289,359,9,985.67,8871.06,0,0.0497,0
C00730,395,6,8,353.29,2826.32,0,0.2596,0
C00731,158,284,3,522.19,1566.56,1,0.6958,1
C00732,451,134,10,734.04,7340.41,1,0.3517,0
C00733,525,145,5,180.26,901.29,1,0.4948,0
C00734,215,384,7,308.01,2156.05,0,0.2503,0
C00735,804,77,4,350.22,1400.89,0,0.1202,0
C00736,1405,64,7,1573.57,11014.96,0,0.41,0
C00737,1140,31,5,1245.95,6229.73,1,0.0542,0
C00738,1301,280,10,1720.44,17204.43,1,0.2738,0
C00739,1192,38,9,530.15,4771.32,1,0.0691,0
C00740,1302,396,10,1462.53,14625.27,0,0.8209,0
C00741,865,63,3,826.8,2480.41,0,0.0973,0
C00742,739,237,3,1707.75,5123.25,0,0.232,1
C00743,1166,225,3,489.53,1468.59,1,0.3488,1
C00744,907,156,5,257.65,1288.24,0,0.2448,1
C00745,871,11,7,2217.41,15521.85,0,0.2111,0
C00746,1277,288,8,786.51,6292.11,1,0.4422,1
C00747,388,70,5,932.19,4660.94,2,0.4493,1
C00748,135,101,12,1795.26,21543.18,0,0.3077,0
C00749,1129,143,8,529.12,4232.94,1,0.0766,0
C00750,1063,230,10,2560.11,25601.05,1,0.5129,1
C00751,907,257,7,1067.67,7473.67,0,0.6656,0
C00752,274,369,7,459.7,3217.88,1,0.0766,1
C00753,864,341,6,549.42,3296.5,1,0.106,1
C00754,748,229,8,1828.42,14627.37,0,0.1589,0
C00755,1219,163,6,649.17,3895.01,0,0.3843,0
C00756,397,369,11,3803.63,41839.88,0,0.3157,0
C00757,86,140,4,1056.92,4227.7,2,0.4345,1
C00758,1025,201,9,753.38,6780.4,1,0.2607,0
C00759,370,207,5,1429.54,7147.68,0,0.505,1
C00760,555,118,5,555.86,2779.31,1,0.2011,0
C00761,1038,238,11,460.45,5064.92,1,0.1692,0
C00762,550,276,6,757.27,4543.64,0,0.4639,0
C00763,351,143,6,1941.53,11649.18,1,0.3229,1
C00764,68,7,3,1221.98,3665.93,0,0.5508,0
C00765,313,258,10,2159.05,21590.53,0,0.3049,0
C00766,45,70,9,1253.23,11279.05,2,0.6023,1
C00767,1428,159,3,1697.04,5091.12,1,0.1082,1
C00768,491,365,9,2111.01,18999.09,1,0.4002,1
C00769,1399,78,13,3755.6,48822.8,0,0.3654,0
C00770,581,28,6,1165.13,6990.8,3,0.2457,0
C00771,719,338,4,1945.92,7783.69,0,0.4813,1
C00772,209,345,7,246.49,1725.41,1,0.3418,1
C00773,181,82,7,1461.57,10230.98,0,0.7084,0
C00774,374,77,5,1049.96,5249.8,4,0.3275,1
C00775,1184,316,7,298.03,2086.19,1,0.3201,1
C00776,1430,236,3,2916.03,8748.1,0,0.3452,0
C00777,1182,234,7,1333.39,9333.7,1,0.4515,0
C00778,464,330,4,919.34,3677.36,2,0.2583,1
C00779,557,302,6,2346.59,14079.57,1,0.4514,1
C00780,383,134,12,311.13,3733.56,0,0.1056,0
C00781,1142,3,3,997.42,2992.27,1,0.4317,0
C00782,1272,112,6,183.58,1101.5,1,0.1408,1
C00783,160,86,5,1066.33,5331.66,0,0.2369,0
C00784,238,265,4,339.23,1356.91,0,0.7215,0
C00785,699,176,5,787.62,3938.12,0,0.0248,1
C00786,1387,24,9,1342.6,12083.36,1,0.15,0
C00787,101,346,5,2224.88,11124.4,2,0.5133,1
C00788,405,39,5,869.67,4348.37,0,0.4722,0
C00789,1326,40,13,664.57,8639.45,0,0.0877,0
C00790,725,369,4,1273.62,5094.48,0,0.3985,1
C00791,543,226,1,823.93,823.93,0,0.129,1
C00792,1241,331,9,1374.47,12370.22,0,0.4454,0
C00793,278,336,7,1388.21,9717.49,1,0.4901,1
C00794,284,55,3,1353.02,4059.05,1,0.145,0
C00795,243,6,5,1538.36,7691.78,0,0.3216,0
C00796,1256,162,10,1757.47,17574.66,1,0.3089,0
C00797,187,14,6,1152.12,6912.73,0,0.2777,0
C00798,980,119,5,885.53,4427.64,1,0.4212,0
C00799,189,158,6,1376.47,8258.83,0,0.1534,1
C00800,1063,177,7,720.49,5043.42,2,0.3972,1
C00801,726,36,9,375.5,3379.49,1,0.1946,0
C00802,420,86,7,182.53,1277.73,0,0.3263,0
C00803,283,34,4,581.29,2325.17,1,0.379,0
C00804,1025,255,10,1570.03,15700.26,1,0.3108,0
C00805,1151,85,6,1036.48,6218.85,0,0.1503,0
C00806,883,234,4,2367.43,9469.71,1,0.7246,1
C00807,778,191,6,1263.25,7579.47,0,0.3816,0
C00808,765,291,5,839.31,4196.54,0,0.0848,0
C00809,1311,133,5,948.73,4743.65,1,0.3905,1
C00810,585,0,8,727.5,5819.96,1,0.3175,0
C00811,1241,388,6,934.61,5607.65,1,0.2213,1
C00812,196,373,11,334.52,3679.74,0,0.208,0
C00813,1114,178,8,1525.87,12206.96,1,0.0797,0
C00814,1433,24,9,1112.56,10013.02,1,0.1698,0
C00815,281,230,5,1036.21,5181.06,1,0.4775,1
C00816,327,235,3,335.13,1005.39,0,0.0698,1
C00817,708,150,5,1015.56,5077.79,3,0.1905,1
C00818,930,101,7,650.77,4555.37,0,0.2536,0
C00819,1378,41,8,2167.72,17341.75,2,0.4727,0
C00820,749,195,4,1748.8,6995.19,1,0.1471,1
C00821,1153,167,11,1698.69,18685.54,0,0.1336,0
C00822,586,219,9,545.07,4905.67,0,0.4886,0
C00823,830,180,7,1904.45,13331.15,1,0.28,0
C00824,358,388,4,477.78,1911.12,1,0.1046,1
C00825,835,380,5,1322.64,6613.2,0,0.0478,1
C00826,1345,397,3,1071.34,3214.02,0,0.2551,0
C00827,537,357,4,968.87,3875.47,0,0.3303,0
C00828,1303,363,8,468.49,3747.9,1,0.1683,0
C00829,1274,1,2,58.09,116.17,0,0.0881,1
C00830,928,358,8,1465.35,11722.81,0,0.1619,1
C00831,1353,110,2,252.22,504.43,0,0.1512,1
C00832,1264,95,4,423.87,1695.46,1,0.2798,0
C00833,1034,230,11,85.32,938.54,0,0.2942,0
C00834,1389,216,3,1575.57,4726.71,2,0.0315,1
C00835,1499,282,5,1037.86,5189.28,1,0.1928,1
C00836,498,343,12,314.49,3773.87,0,0.3751,0
C00837,1180,178,7,478.65,3350.56,1,0.3091,1
C00838,720,332,9,303.91,2735.15,1,0.2237,1
C00839,1239,284,9,682.26,6140.33,1,0.3125,1
C00840,245,277,6,492.03,2952.2,0,0.4323,0
C00841,770,287,7,999.32,6995.26,0,0.2052,0
C00842,875,191,3,305.19,915.57,1,0.4502,1
C00843,720,284,7,1472.12,10304.81,1,0.4029,1
C00844,1414,243,6,1689.78,10138.67,0,0.4365,0
C00845,568,100,8,2869.2,22953.64,0,0.1843,0
C00846,913,271,8,840.69,6725.52,0,0.4319,0
C00847,748,3,8,2551.74,20413.92,1,0.2319,0
C00848,781,347,10,1902.25,19022.46,2,0.4897,0
C00849,909,77,7,252.56,1767.92,0,0.2567,0
C00850,861,328,3,849.43,2548.28,0,0.1877,1
C00851,825,140,6,468.01,2808.08,2,0.5476,1
C00852,1389,293,2,413.39,826.77,2,0.3868,0
C00853,329,179,3,918.78,2756.35,0,0.6875,0
C00854,233,280,5,1268.65,6343.25,1,0.1907,1
C00855,676,35,4,591.16,2364.63,0,0.2164,0
C00856,1271,294,4,958.62,3834.5,0,0.2741,0
C00857,760,277,6,867.45,5204.72,0,0.2281,0
C00858,559,363,5,963.84,4819.22,0,0.142,1
C00859,824,57,8,731.86,5854.9,1,0.1369,0
C00860,1438,182,3,701.06,2103.18,1,0.2308,1
C00861,111,114,8,692.48,5539.8,0,0.0239,0
C00862,944,395,6,1263.19,7579.13,1,0.1094,1
C00863,1102,129,11,327.91,3606.97,1,0.161,0
C00864,575,257,7,881.12,6167.85,0,0.3421,0
C00865,1453,235,7,333.7,2335.87,1,0.7636,0
C00866,853,212,6,2085.47,12512.85,0,0.2796,1
C00867,306,293,5,1260.5,6302.52,2,0.3481,1
C00868,659,36,4,1462.42,5849.68,0,0.4641,0
C00869,1304,123,7,467.27,3270.89,0,0.6426,0
C00870,1316,268,2,1012.29,2024.58,0,0.3022,0
C00871,330,335,8,1224.52,9796.13,0,0.2468,0
C00872,550,226,7,395.37,2767.57,0,0.4299,0
C00873,107,142,12,1138.35,13660.16,0,0.4155,0
C00874,190,248,2,1208.29,2416.58,2,0.1694,1
C00875,1124,322,7,359.36,2515.51,0,0.3151,0
C00876,815,108,6,627.78,3766.7,1,0.0139,0
C00877,1295,63,6,978.63,5871.76,0,0.2236,1
C00878,51,339,5,1273.36,6366.78,0,0.0745,1
C00879,1270,143,2,1140.63,2281.25,0,0.4479,1
C00880,956,386,9,254.14,2287.22,1,0.1684,1
C00881,159,233,2,1599.3,3198.61,1,0.1895,1
C00882,1005,309,5,1687.62,8438.12,0,0.2046,0
C00883,39,201,6,550.87,3305.25,2,0.3897,0
C00884,1424,67,5,695.65,3478.27,1,0.3587,0
C00885,1334,144,6,744.95,4469.7,1,0.559,1
C00886,512,2,6,1296.0,7776.0,0,0.2129,0
C00887,409,84,4,1252.95,5011.78,1,0.5301,0
C00888,99,279,8,972.23,7777.84,2,0.3854,0
C00889,347,201,6,880.31,5281.88,0,0.068,0
C00890,866,384,8,1468.81,11750.5,0,0.2768,1
C00891,1273,36,5,585.13,2925.66,2,0.6007,0
C00892,281,41,3,489.18,1467.53,0,0.1118,0
C00893,460,158,6,827.47,4964.8,1,0.4091,0
C00894,413,344,9,363.26,3269.33,2,0.2193,1
C00895,754,28,7,1582.52,11077.62,1,0.1948,0
C00896,60,215,5,832.71,4163.54,1,0.2298,1
C00897,1390,173,10,1520.34,15203.35,1,0.1098,0
C00898,295,311,5,1126.46,5632.3,1,0.4224,1
C00899,1049,385,8,1531.16,12249.28,0,0.4477,0
C00900,767,210,9,903.77,8133.92,0,0.1887,0
C00901,670,194,8,1957.38,15659.07,0,0.2299,0
C00902,383,110,8,2866.11,22928.86,1,0.2866,0
C00903,768,234,3,1511.28,4533.83,0,0.23,0
C00904,765,58,4,664.77,2659.06,3,0.3974,0
C00905,513,200,3,2069.75,6209.24,1,0.2566,1
C00906,704,24,8,465.33,3722.67,0,0.1753,0
C00907,1289,87,3,1483.07,4449.2,0,0.0411,0
C00908,835,68,5,413.35,2066.77,1,0.268,0
C00909,843,43,7,842.3,5896.09,2,0.3699,0
C00910,692,26,8,772.91,6183.27,1,0.5347,0
C00911,1234,133,9,1196.7,10770.32,1,0.4129,0
C00912,812,117,8,370.97,2967.77,0,0.1617,0
C00913,1496,205,5,909.82,4549.11,1,0.2177,0
C00914,342,165,9,1491.0,13419.0,0,0.2854,0
C00915,722,278,7,2202.47,15417.29,0,0.2806,1
C00916,1481,267,3,1107.07,3321.21,1,0.1844,1
C00917,61,258,4,2037.64,8150.56,1,0.0409,0
C00918,1319,373,6,451.83,2710.96,0,0.4537,1
C00919,1338,211,7,189.69,1327.83,0,0.454,0
C00920,652,206,6,496.25,2977.52,1,0.5001,0
C00921,384,142,4,297.81,1191.22,0,0.47,0
C00922,1363,202,4,1453.73,5814.92,1,0.2489,1
C00923,407,103,8,1480.24,11841.92,0,0.333,0
C00924,1005,396,11,1069.62,11765.78,2,0.2412,1
C00925,526,297,2,1487.33,2974.66,0,0.6256,1
C00926,36,169,8,935.3,7482.44,0,0.0517,0
C00927,1453,356,5,907.81,4539.03,0,0.4753,0
C00928,585,334,4,1748.18,6992.7,0,0.4583,0
C00929,978,252,3,768.1,2304.31,3,0.4474,0
C00930,747,117,5,1186.85,5934.27,1,0.5418,0
C00931,1116,40,5,1451.21,7256.07,0,0.0502,0
C00932,108,43,7,1704.0,11927.99,0,0.5055,0
C00933,230,318,6,1155.5,6933.01,0,0.4319,1
C00934,1366,52,5,813.89,4069.45,1,0.517,0
C00935,583,236,7,751.63,5261.4,0,0.1144,0
C00936,501,191,5,248.46,1242.3,0,0.6197,0
C00937,385,261,5,759.92,3799.62,1,0.1461,0
C00938,1078,24,5,825.17,4125.86,0,0.1403,1
C00939,56,276,4,1127.0,4507.99,1,0.3702,1
C00940,1153,43,11,1255.04,13805.39,0,0.452,0
C00941,994,184,1,1206.04,1206.04,0,0.423,1
C00942,951,170,10,1095.92,10959.17,0,0.3674,0
C00943,45,204,1,759.23,759.23,1,0.0319,1
C00944,270,21,12,747.03,8964.38,2,0.2801,0
C00945,1308,124,4,1834.43,7337.72,0,0.0895,1
C00946,1377,159,4,1309.23,5236.91,0,0.3647,1
C00947,996,250,4,152.3,609.21,1,0.6248,0
C00948,118,104,9,169.11,1522.03,0,0.1323,0
C00949,812,197,6,245.13,1470.79,3,0.0842,1
C00950,853,210,8,579.89,4639.13,0,0.2112,0
C00951,685,137,6,1334.37,8006.2,1,0.0962,1
C00952,1196,16,14,599.59,8394.23,1,0.0681,0
C00953,671,92,5,1206.94,6034.71,0,0.209,0
C00954,980,168,6,502.89,3017.33,0,0.288,0
C00955,490,251,5,1436.86,7184.32,0,0.3937,1
C00956,1081,38,5,1307.42,6537.08,0,0.3916,0
C00957,1015,179,7,205.42,1437.93,0,0.1423,0
C00958,1148,140,2,2246.0,4492.0,3,0.3317,1
C00959,923,81,9,666.02,5994.18,1,0.2552,0
C00960,1225,269,3,274.41,823.22,1,0.4346,1
C00961,492,311,2,842.97,1685.95,1,0.2598,1
C00962,196,222,4,1383.01,5532.04,3,0.5158,1
C00963,1428,216,8,416.71,3333.69,0,0.1027,0
C00964,1267,219,7,1000.04,7000.25,0,0.1102,1
C00965,590,252,8,770.12,6160.93,0,0.209,1
C00966,1063,306,7,413.49,2894.46,2,0.2248,1
C00967,1094,225,5,975.24,4876.2,1,0.22,1
C00968,376,343,7,480.26,3361.82,0,0.7508,1
C00969,686,250,9,711.68,6405.1,1,0.238,1
C00970,149,185,9,525.74,4731.65,1,0.0512,0
C00971,194,35,6,614.88,3689.25,0,0.3624,0
C00972,1266,88,3,796.51,2389.53,1,0.2104,0
C00973,1365,114,3,607.62,1822.86,0,0.1495,0
C00974,451,209,10,630.08,6300.78,0,0.2076,0
C00975,1200,309,8,783.19,6265.55,1,0.6563,1
C00976,784,203,7,507.46,3552.19,0,0.3697,0
C00977,290,319,9,331.55,2983.99,0,0.3993,0
C00978,422,340,6,410.91,2465.47,2,0.2772,0
C00979,667,20,8,979.89,7839.13,0,0.0777,0
C00980,1427,240,2,2586.19,5172.38,1,0.3236,1
C00981,1283,293,8,293.01,2344.08,0,0.3946,0
C00982,829,383,7,610.72,4275.05,1,0.4756,1
C00983,1110,90,8,425.65,3405.19,0,0.1427,0
C00984,1068,274,4,825.35,3301.39,1,0.5715,1
C00985,993,333,2,1212.41,2424.82,0,0.0667,1
C00986,1455,198,8,1769.42,14155.33,2,0.1177,1
C00987,1229,154,5,726.22,3631.09,0,0.436,0
C00988,90,131,11,2457.94,27037.33,0,0.0943,0
C00989,496,119,4,453.73,1814.91,0,0.0566,0
C00990,115,235,4,650.47,2601.9,0,0.55,0
C00991,1275,116,8,524.12,4192.94,2,0.0668,1
C00992,141,396,9,1279.54,11515.86,0,0.2286,1
C00993,1363,273,7,760.63,5324.38,1,0.2523,0
C00994,392,183,6,1429.12,8574.73,1,0.299,0
C00995,115,272,3,908.88,2726.63,0,0.3099,1
C00996,503,169,9,1360.14,12241.26,1,0.0505,0
C00997,1373,240,3,714.62,2143.87,0,0.1664,0
C00998,559,190,4,198.04,792.14,0,0.0827,1
C00999,1448,380,11,487.33,5360.63,1,0.1286,0
C01000,1285,85,13,1370.15,17811.89,0,0.1607,0
C01001,598,123,4,1128.63,4514.51,1,0.1371,0
C01002,594,286,8,1204.6,9636.77,0,0.4076,1
C01003,1338,245,5,1212.01,6060.07,0,0.1822,0
C01004,889,99,11,557.48,6132.23,1,0.391,0
C01005,109,176,13,98.51,1280.58,0,0.2094,0
C01006,934,266,7,3036.97,21258.78,0,0.3185,0
C01007,1057,226,6,935.14,5610.85,1,0.4064,1
C01008,352,373,4,1077.62,4310.47,1,0.0236,0
C01009,718,58,3,1155.86,3467.57,0,0.3694,0
C01010,519,113,6,899.37,5396.23,0,0.3241,0
C01011,745,366,6,696.81,4180.83,0,0.2242,1
C01012,1079,272,6,1566.74,9400.43,1,0.3697,0
C01013,1373,348,6,520.18,3121.07,0,0.269,1
C01014,1396,113,4,502.51,2010.03,0,0.1692,0
C01015,946,382,5,830.19,4150.96,0,0.2658,1
C01016,602,172,4,230.72,922.9,0,0.2297,0
C01017,1345,295,10,244.58,2445.84,1,0.5429,0
C01018,774,160,7,1155.66,8089.62,1,0.5741,0
C01019,295,281,5,1432.34,7161.71,0,0.3366,1
C01020,328,357,8,1356.3,10850.39,1,0.454,1
C01021,1082,21,6,472.06,2832.33,2,0.3264,1
C01022,817,375,2,1750.78,3501.55,1,0.4102,1
C01023,374,176,2,219.23,438.45,0,0.3832,0
C01024,702,212,3,768.63,2305.88,1,0.1085,1
C01025,267,14,4,778.93,3115.73,0,0.2954,0
C01026,1351,19,11,570.29,6273.22,1,0.0796,0
C01027,1307,371,9,1032.95,9296.58,0,0.333,0
C01028,1442,376,8,820.51,6564.07,1,0.0339,0
C01029,899,236,7,1380.0,9660.0,1,0.237,1
C01030,580,253,7,1234.63,8642.42,0,0.4746,0
C01031,239,24,7,888.38,6218.66,0,0.0617,0
C01032,865,267,5,744.14,3720.69,1,0.2354,1
C01033,826,239,5,1473.82,7369.11,0,0.0933,1
C01034,690,370,11,1470.44,16174.81,0,0.3239,0
C01035,982,258,10,283.38,2833.76,0,0.301,0
C01036,601,351,6,805.61,4833.67,0,0.1659,1
C01037,1349,392,4,1031.4,4125.61,1,0.2701,1
C01038,1377,374,4,544.94,2179.75,1,0.148,1
C01039,310,262,2,358.78,717.56,1,0.1503,1
C01040,81,362,7,801.95,5613.67,0,0.2999,1
C01041,305,323,6,621.71,3730.28,0,0.5226,1
C01042,428,65,6,1484.15,8904.92,0,0.0906,0
C01043,1088,310,4,340.44,1361.76,0,0.0547,1
C01044,358,207,5,552.27,2761.34,1,0.4507,0
C01045,620,288,7,1002.39,7016.72,1,0.2802,1
C01046,657,244,9,1588.48,14296.31,2,0.7347,0
C01047,1079,43,6,345.27,2071.63,2,0.3122,1
C01048,732,245,11,1282.39,14106.29,1,0.221,0
C01049,323,133,12,2191.76,26301.18,0,0.4684,0
C01050,1246,318,5,1396.6,6983.02,2,0.1673,1
C01051,967,301,4,1176.57,4706.27,0,0.3799,0
C01052,1203,357,3,709.9,2129.7,2,0.2818,1
C01053,328,357,7,78.36,548.54,1,0.2297,1
C01054,1419,345,5,811.06,4055.32,1,0.3212,1
C01055,645,65,7,514.53,3601.68,1,0.3607,0
C01056,754,224,6,1715.2,10291.22,0,0.2584,1
C01057,1362,0,2,977.02,1954.04,1,0.4728,1
C01058,964,125,1,352.95,352.95,1,0.2819,0
C01059,357,340,2,424.55,849.1,1,0.2393,1
C01060,1050,271,8,172.68,1381.41,4,0.2833,1
C01061,351,94,6,469.32,2815.92,2,0.4508,1
C01062,606,330,9,329.56,2966.02,0,0.4006,1
C01063,1061,210,11,1506.68,16573.52,1,0.1849,0
C01064,1052,310,6,169.78,1018.66,0,0.1552,1
C01065,382,396,6,1278.28,7669.69,1,0.3696,1
C01066,94,192,12,843.89,10126.73,1,0.5305,0
C01067,849,298,6,1066.47,6398.8,1,0.3827,1
C01068,62,205,4,621.16,2484.65,0,0.4876,0
C01069,880,64,5,2594.15,12970.76,0,0.1829,1
C01070,648,268,7,886.11,6202.78,1,0.5666,1
C01071,1300,370,3,933.76,2801.29,0,0.3213,1
C01072,1424,338,7,1990.27,13931.86,1,0.4437,1
C01073,108,86,8,1181.04,9448.29,0,0.3013,0
C01074,1324,351,7,421.74,2952.2,1,0.2825,1
C01075,1398,330,7,1349.4,9445.8,0,0.3176,0
C01076,919,83,9,1280.08,11520.7,1,0.3391,1
C01077,1021,4,9,454.08,4086.71,0,0.0406,0
C01078,290,362,7,526.19,3683.32,3,0.2119,0
C01079,1291,94,5,567.41,2837.05,0,0.2933,0
C01080,45,6,7,646.43,4525.04,0,0.3762,0
C01081,688,44,5,1217.25,6086.24,0,0.3792,0
C01082,1444,394,5,304.65,1523.24,1,0.4443,1
C01083,238,222,7,670.47,4693.28,0,0.3053,0
C01084,639,159,3,529.85,1589.54,0,0.0991,1
C01085,1298,241,9,835.83,7522.47,2,0.3825,0
C01086,1470,96,9,259.64,2336.8,1,0.2155,0
C01087,636,282,6,1488.42,8930.5,3,0.0284,1
C01088,252,17,11,1091.42,12005.67,0,0.3931,0
C01089,833,117,7,570.7,3994.88,1,0.3548,0
C01090,1048,124,6,939.48,5636.9,0,0.0558,0
C01091,612,379,1,1417.09,1417.09,0,0.4684,1
C01092,1120,260,6,543.19,3259.14,0,0.1763,0
C01093,141,5,6,853.94,5123.64,0,0.2282,0
C01094,251,102,5,899.77,4498.86,2,0.0808,1
C01095,353,127,3,1359.52,4078.55,0,0.2728,0
C01096,444,318,4,1907.16,7628.63,0,0.7364,0
C01097,1432,23,6,814.4,4886.39,2,0.5048,0
C01098,929,356,13,1472.14,19137.88,0,0.1186,0
C01099,906,146,7,1002.16,7015.12,0,0.5002,0
C01100,1211,139,6,429.36,2576.13,1,0.1554,1
C01101,779,378,7,627.18,4390.27,1,0.1519,1
C01102,847,56,10,1167.02,11670.25,0,0.3929,0
C01103,87,120,7,1028.56,7199.89,0,0.4869,0
C01104,1195,219,5,2358.64,11793.18,0,0.3982,0
C01105,1318,122,3,1006.94,3020.82,0,0.4549,0
C01106,916,240,4,361.63,1446.52,1,0.0773,1
C01107,1476,117,10,1365.47,13654.65,0,0.0749,0
C01108,1109,79,10,1420.33,14203.28,0,0.0539,0
C01109,123,330,6,664.2,3985.22,1,0.2883,1
C01110,206,346,9,1320.21,11881.86,0,0.4067,0
C01111,1112,235,6,2409.79,14458.74,0,0.3431,0
C01112,1100,297,7,1814.14,12698.96,1,0.148,0
C01113,1440,166,12,481.73,5780.74,0,0.2949,0
C01114,580,285,8,852.17,6817.37,0,0.2777,0
C01115,1397,146,8,1124.44,8995.49,0,0.2124,0
C01116,1006,134,7,265.1,1855.67,0,0.3868,0
C01117,991,273,4,1586.72,6346.89,0,0.1291,0
C01118,979,273,11,1324.3,14567.31,1,0.1692,0
C01119,827,392,2,477.0,953.99,0,0.3147,1
C01120,113,22,5,1396.27,6981.36,2,0.1231,1
C01121,131,180,7,1433.32,10033.21,1,0.2569,1
C01122,765,134,4,1118.37,4473.47,1,0.1095,1
C01123,828,89,7,1653.2,11572.39,0,0.128,0
C01124,1147,134,7,1440.34,10082.35,1,0.1161,1
C01125,1309,158,7,348.24,2437.66,2,0.1482,0
C01126,710,320,6,652.48,3914.89,1,0.1987,1
C01127,253,71,10,826.53,8265.31,0,0.1291,0
C01128,975,327,8,571.67,4573.33,1,0.1383,0
C01129,255,264,6,1248.98,7493.9,0,0.3131,0
C01130,634,395,5,182.24,911.2,0,0.2691,1
C01131,1223,8,6,465.78,2794.68,1,0.1194,0
C01132,1230,346,1,1290.24,1290.24,1,0.0901,1
C01133,1454,176,9,1164.64,10481.8,2,0.0917,0
C01134,882,50,3,1654.71,4964.12,0,0.2281,0
C01135,152,11,5,3427.54,17137.68,0,0.362,0
C01136,1349,35,3,1035.63,3106.9,2,0.0982,1
C01137,253,13,9,705.23,6347.04,0,0.107,0
C01138,639,231,6,485.52,2913.09,0,0.2201,1
C01139,617,151,3,824.3,2472.91,1,0.1014,1
C01140,987,199,8,787.0,6295.98,2,0.3076,0
C01141,1407,302,3,574.16,1722.47,0,0.2839,0
C01142,935,284,11,786.57,8652.29,0,0.1848,0
C01143,160,267,7,1658.52,11609.67,2,0.1285,0
C01144,255,190,4,360.47,1441.9,1,0.0896,1
C01145,85,359,4,387.81,1551.23,0,0.0453,1
C01146,523,244,8,2049.14,16393.1,0,0.683,0
C01147,1388,171,9,520.46,4684.1,1,0.2802,0
C01148,101,311,3,1341.06,4023.19,1,0.1178,1
C01149,661,64,6,1135.64,6813.86,0,0.1079,0
C01150,1052,376,5,881.26,4406.31,1,0.5019,0
C01151,875,30,11,682.36,7505.96,1,0.2494,0
C01152,1114,206,6,568.01,3408.06,1,0.2982,0
C01153,548,98,7,1107.28,7750.96,0,0.3313,0
C01154,1378,304,5,1313.8,6569.01,0,0.4236,1
C01155,960,201,8,896.58,7172.61,0,0.3937,0
C01156,144,308,5,978.4,4892.0,1,0.6167,1
C01157,811,111,6,1159.51,6957.03,0,0.2836,0
C01158,822,313,4,469.6,1878.41,0,0.0436,1
C01159,56,303,2,524.07,1048.15,3,0.2796,1
C01160,447,328,5,344.71,1723.56,2,0.1763,1
C01161,291,263,6,2425.62,14553.71,1,0.0455,1
C01162,1470,315,6,654.52,3927.1,1,0.1103,1
C01163,109,171,6,1092.66,6555.95,0,0.1129,1
C01164,882,250,4,572.41,2289.65,0,0.4162,1
C01165,185,285,4,877.32,3509.27,3,0.3234,1
C01166,325,304,7,773.49,5414.41,0,0.4912,1
C01167,266,184,5,768.27,3841.35,0,0.3284,0
C01168,1421,286,4,1070.5,4281.99,1,0.3758,0
C01169,1365,17,5,2026.71,10133.56,1,0.3292,0
C01170,1366,44,6,524.56,3147.36,2,0.3048,0
C01171,336,294,3,506.06,1518.18,0,0.1481,1
C01172,53,7,5,1460.68,7303.42,0,0.5865,0
C01173,1486,264,13,1933.92,25140.95,1,0.4072,0
C01174,590,288,2,1382.48,2764.96,2,0.11,0
C01175,1357,208,8,1067.3,8538.36,0,0.1259,0
C01176,916,226,3,1151.87,3455.62,0,0.3901,1
C01177,655,58,5,589.96,2949.79,0,0.2559,0
C01178,1101,129,6,632.05,3792.33,0,0.1656,0
C01179,139,205,10,1751.49,17514.89,2,0.4262,1
C01180,1378,327,6,2396.79,14380.75,1,0.3705,0
C01181,1447,104,5,1084.19,5420.94,1,0.4006,0
C01182,570,358,2,626.98,1253.96,0,0.1014,0
C01183,1129,388,8,2339.84,18718.68,0,0.3535,1
C01184,382,230,7,976.08,6832.55,1,0.2586,0
C01185,503,186,4,2076.39,8305.56,0,0.447,1
C01186,744,316,3,543.46,1630.39,0,0.5332,1
C01187,428,313,8,1036.57,8292.56,0,0.2022,0
C01188,1016,246,9,888.62,7997.62,0,0.4278,0
C01189,1332,228,4,350.08,1400.31,1,0.0426,1
C01190,1099,264,4,1431.18,5724.73,0,0.1324,0
C01191,1179,328,6,927.23,5563.38,0,0.245,0
C01192,1400,152,5,819.45,4097.23,0,0.3734,0
C01193,337,185,8,2898.54,23188.35,1,0.1769,0
C01194,471,221,8,580.19,4641.53,0,0.5723,0
C01195,338,230,5,663.35,3316.77,2,0.028,1
C01196,362,78,3,695.43,2086.28,1,0.5116,0
C01197,1205,193,8,1525.46,12203.65,0,0.3164,0
C01198,981,284,7,511.32,3579.22,0,0.2657,0
C01199,1304,377,8,875.02,7000.17,0,0.425,0
C01200,1484,6,11,283.07,3113.79,1,0.278,0
C01201,803,51,4,556.51,2226.05,0,0.6105,0
C01202,565,171,6,2227.31,13363.88,1,0.3409,0
C01203,255,139,6,716.33,4297.98,0,0.2831,0
C01204,939,332,3,2184.2,6552.6,0,0.2571,1
C01205,390,220,10,1052.91,10529.11,1,0.0202,0
C01206,937,180,5,1823.12,9115.59,0,0.4668,1
C01207,988,35,7,522.13,3654.92,1,0.1153,0
C01208,1478,14,12,799.53,9594.39,1,0.0869,0
C01209,283,336,5,758.65,3793.24,0,0.1383,1
C01210,868,227,3,868.98,2606.95,1,0.2926,0
C01211,78,348,7,1262.09,8834.64,0,0.1629,1
C01212,796,181,7,2213.22,15492.56,0,0.6685,0
C01213,470,83,7,1772.76,12409.3,0,0.4575,0
C01214,430,243,3,430.32,1290.97,0,0.3751,1
C01215,975,376,5,1610.95,8054.73,0,0.2756,1
C01216,83,45,6,1813.5,10881.03,1,0.6333,0
C01217,750,245,4,394.91,1579.64,1,0.1916,1
C01218,1073,115,11,963.39,10597.32,0,0.2501,0
C01219,1436,237,13,411.16,5345.06,1,0.0732,0
C01220,1447,206,3,1343.14,4029.41,0,0.182,0
C01221,227,139,10,216.87,2168.69,1,0.2473,0
C01222,102,123,4,506.42,2025.68,0,0.0398,1
C01223,1393,227,4,1016.05,4064.21,0,0.1413,0
C01224,1230,218,3,970.06,2910.18,0,0.363,1
C01225,725,103,4,564.79,2259.14,1,0.222,0
C01226,618,125,6,654.95,3929.7,1,0.3032,1
C01227,1416,13,5,119.84,599.19,0,0.3035,0
C01228,712,144,2,1114.0,2228.0,2,0.4557,1
C01229,294,294,2,1753.41,3506.83,0,0.3286,1
C01230,388,325,2,295.17,590.34,0,0.2939,1
C01231,412,383,6,917.45,5504.68,0,0.3146,1
C01232,913,239,13,713.27,9272.53,0,0.1339,0
C01233,561,35,6,720.53,4323.17,2,0.2124,0
C01234,474,39,6,1257.45,7544.69,1,0.1409,0
C01235,213,238,2,1548.11,3096.22,0,0.1214,0
C01236,266,73,6,736.61,4419.67,2,0.3066,1
C01237,311,102,11,765.33,8418.62,0,0.369,0
C01238,216,153,5,331.49,1657.46,0,0.4403,0
C01239,632,149,9,185.66,1670.96,0,0.5564,0
C01240,978,251,3,1467.63,4402.89,1,0.2352,0
C01241,851,112,3,1665.34,4996.01,1,0.7122,0
C01242,208,249,7,1152.08,8064.53,1,0.1841,0
C01243,873,27,5,1843.86,9219.28,1,0.4191,0
C01244,727,313,5,559.71,2798.53,0,0.4164,1
C01245,40,394,4,142.34,569.35,0,0.4484,1
C01246,278,52,8,1372.96,10983.7,0,0.2129,0
C01247,1206,229,6,453.8,2722.81,1,0.2154,0
C01248,411,341,6,1101.06,6606.34,0,0.1772,1
C01249,475,225,6,1272.04,7632.25,1,0.1244,1
C01250,281,357,11,616.34,6779.75,1,0.2386,0
C01251,1112,231,8,613.39,4907.11,0,0.2312,0
C01252,613,17,7,823.91,5767.36,0,0.2528,0
C01253,428,33,4,1143.37,4573.49,0,0.21,0
C01254,715,294,8,272.75,2182.01,1,0.3469,1
C01255,447,158,3,647.23,1941.7,0,0.361,1
C01256,781,347,5,537.92,2689.59,0,0.4672,1
C01257,905,369,7,584.09,4088.61,0,0.5715,1
C01258,139,76,3,2019.99,6059.96,1,0.1027,0
C01259,54,220,5,522.7,2613.48,0,0.1883,1
C01260,1171,278,8,702.61,5620.9,0,0.2736,0
C01261,204,159,9,543.78,4893.99,1,0.1583,0
C01262,173,352,4,762.78,3051.1,0,0.365,1
C01263,1453,85,8,277.0,2215.98,1,0.344,0
C01264,1345,114,5,811.95,4059.73,0,0.228,0
C01265,704,99,6,1193.96,7163.74,0,0.4709,0
C01266,128,72,6,884.95,5309.72,1,0.1807,1
C01267,1244,321,2,1134.68,2269.36,1,0.136,1
C01268,1389,330,6,934.91,5609.48,0,0.4143,0
C01269,1235,256,2,970.26,1940.53,1,0.2223,1
C01270,1433,80,10,1101.55,11015.48,0,0.2512,0
C01271,38,131,7,1299.99,9099.91,1,0.2955,0
C01272,1375,48,7,1065.28,7456.95,0,0.4047,0
C01273,709,359,7,700.21,4901.47,0,0.5771,1
C01274,497,206,5,2532.91,12664.57,3,0.1339,1
C01275,944,7,3,701.95,2105.85,0,0.4997,0
C01276,1487,371,4,1136.15,4544.58,3,0.1953,1
C01277,1197,304,6,774.89,4649.33,1,0.3788,1
C01278,537,262,4,718.76,2875.06,0,0.4017,1
C01279,1450,212,6,1029.89,6179.32,1,0.2039,1
C01280,409,30,6,450.94,2705.64,1,0.3517,0
C01281,239,357,7,2750.02,19250.14,1,0.5331,1
C01282,1267,34,3,1401.67,4205.02,0,0.2722,0
C01283,1064,350,3,941.81,2825.44,0,0.0627,1
C01284,189,32,6,669.56,4017.34,2,0.2735,0
C01285,677,127,7,1634.86,11444.0,0,0.1306,1
C01286,195,399,7,885.21,6196.46,1,0.0983,1
C01287,609,13,4,844.31,3377.22,1,0.2561,0
C01288,873,168,5,94.34,471.69,1,0.1964,0
C01289,31,348,1,734.88,734.88,0,0.4769,1
C01290,560,1,7,704.0,4927.97,1,0.393,0
C01291,1485,330,10,393.29,3932.89,1,0.3771,0
C01292,536,115,6,428.77,2572.63,0,0.1289,0
C01293,938,64,8,2048.24,16385.91,2,0.1945,0
C01294,560,385,5,641.9,3209.49,0,0.1086,1
C01295,955,213,5,419.98,2099.92,0,0.0493,0
C01296,365,203,10,855.51,8555.14,0,0.3104,1
C01297,1406,150,8,1285.74,10285.92,0,0.4012,0
C01298,505,356,4,801.86,3207.43,0,0.1464,1
C01299,374,290,8,1378.15,11025.16,0,0.2664,1
C01300,173,286,10,1949.86,19498.59,0,0.0629,0
C01301,1065,348,8,885.06,7080.48,0,0.3957,0
C01302,1128,140,6,711.81,4270.89,0,0.3798,0
C01303,706,249,5,2393.74,11968.69,0,0.3629,0
C01304,194,42,6,1540.6,9243.58,1,0.3404,1
C01305,747,379,8,1457.46,11659.7,0,0.3808,1
C01306,910,154,5,544.75,2723.76,1,0.1041,0
C01307,1183,20,6,686.14,4116.84,0,0.3798,0
C01308,157,103,1,1720.33,1720.33,1,0.2363,1
C01309,425,158,5,246.16,1230.78,1,0.2322,0
C01310,1438,25,16,1829.02,29264.35,1,0.1159,0
C01311,1406,139,10,1135.09,11350.9,1,0.3054,0
C01312,616,193,10,421.73,4217.33,0,0.4195,0
C01313,747,101,8,288.38,2307.02,0,0.4866,0
C01314,691,309,3,1146.21,3438.64,1,0.0989,1
C01315,789,144,9,1530.7,13776.26,1,0.2532,1
C01316,1176,361,5,419.22,2096.08,1,0.4366,0
C01317,605,50,2,1184.04,2368.08,0,0.3242,0
C01318,407,313,4,994.55,3978.21,0,0.3095,1
C01319,141,200,5,641.73,3208.63,1,0.2827,1
C01320,723,320,9,800.16,7201.41,2,0.0986,1
C01321,844,128,10,726.66,7266.63,1,0.5788,0
C01322,1032,331,2,1383.47,2766.94,0,0.2151,1
C01323,995,235,3,464.14,1392.43,2,0.2764,1
C01324,546,106,7,254.15,1779.04,1,0.2819,0
C01325,104,170,10,596.97,5969.67,1,0.2118,0
C01326,696,69,6,1576.77,9460.64,0,0.2636,0
C01327,466,1,5,608.0,3039.99,0,0.4588,0
C01328,360,160,6,2612.55,15675.33,0,0.2945,0
C01329,1249,211,6,565.33,3391.99,3,0.4858,1
C01330,695,284,9,519.14,4672.27,0,0.2368,0
C01331,758,220,2,1304.56,2609.12,0,0.1864,0
C01332,954,114,5,1851.37,9256.86,1,0.2539,0
C01333,915,337,10,832.67,8326.69,0,0.0989,0
C01334,1401,395,6,2219.58,13317.5,2,0.2757,1
C01335,569,115,4,866.25,3465.0,0,0.3498,0
C01336,951,259,7,842.87,5900.07,0,0.4963,0
C01337,114,296,6,786.41,4718.48,0,0.3281,0
C01338,47,13,7,1251.94,8763.56,0,0.3866,0
C01339,853,350,5,1099.32,5496.62,1,0.0506,1
C01340,163,311,7,1357.66,9503.59,0,0.1166,1
C01341,404,276,4,645.58,2582.31,0,0.162,1
C01342,1065,57,6,705.57,4233.42,0,0.398,0
C01343,1073,44,8,531.14,4249.14,0,0.1914,0
C01344,539,230,6,384.72,2308.33,1,0.4923,1
C01345,611,168,3,837.35,2512.05,0,0.3111,0
C01346,1360,24,9,2105.66,18950.96,1,0.6341,0
C01347,777,160,9,915.53,8239.79,1,0.2353,1
C01348,554,48,7,958.89,6712.25,0,0.129,1
C01349,855,99,6,1856.69,11140.15,2,0.2041,0
C01350,625,232,10,619.92,6199.2,1,0.5726,1
C01351,1091,135,3,560.22,1680.66,1,0.0289,0
C01352,656,25,10,1248.45,12484.53,0,0.3938,0
C01353,1223,280,9,938.94,8450.42,1,0.4751,0
C01354,346,2,6,387.2,2323.18,1,0.4303,0
C01355,178,151,7,1168.78,8181.49,0,0.3587,1
C01356,1071,30,2,1073.71,2147.41,2,0.163,1
C01357,167,80,4,747.72,2990.88,0,0.4588,0
C01358,828,327,3,766.71,2300.14,0,0.4299,0
C01359,266,319,5,509.9,2549.5,2,0.4947,0
C01360,285,236,11,266.48,2931.31,0,0.155,0
C01361,997,155,7,1717.1,12019.72,0,0.2046,0
C01362,1434,143,7,923.22,6462.56,1,0.0502,0
C01363,399,170,3,1332.7,3998.11,1,0.1286,1
C01364,377,221,5,1324.53,6622.67,0,0.1419,1
C01365,1167,33,8,752.45,6019.59,1,0.3655,0
C01366,651,160,8,22.17,177.38,1,0.2571,0
C01367,594,315,6,103.62,621.75,2,0.3742,1
C01368,521,186,10,318.41,3184.11,0,0.1669,0
C01369,646,33,8,1881.28,15050.26,0,0.2262,1
C01370,687,174,1,1090.65,1090.65,0,0.094,0
C01371,851,228,3,794.63,2383.89,0,0.0994,1
C01372,821,257,10,1323.77,13237.66,0,0.3077,0
C01373,936,303,7,1224.42,8570.97,0,0.4103,0
C01374,828,65,6,591.61,3549.65,0,0.296,0
C01375,56,49,3,1109.89,3329.68,0,0.1295,0
C01376,1076,220,5,1481.7,7408.5,1,0.3064,0
C01377,638,121,7,1594.9,11164.32,1,0.4084,0
C01378,132,388,5,501.88,2509.41,0,0.3602,1
C01379,1230,395,3,438.6,1315.81,1,0.0447,1
C01380,553,222,9,1338.94,12050.5,0,0.1756,0
C01381,927,178,6,2672.73,16036.36,1,0.32,0
C01382,1312,204,9,234.57,2111.12,1,0.1865,1
C01383,434,231,4,553.55,2214.21,0,0.1402,1
C01384,178,368,10,2316.12,23161.19,0,0.2187,1
C01385,1396,345,7,1994.83,13963.79,0,0.1351,1
C01386,1016,3,5,1485.84,7429.18,1,0.1038,0
C01387,1453,359,6,688.08,4128.45,0,0.3901,1
C01388,796,91,6,2756.74,16540.44,0,0.0785,0
C01389,713,136,6,1160.45,6962.73,1,0.3352,0
C01390,996,187,4,775.09,3100.36,2,0.1987,1
C01391,540,336,6,2297.41,13784.46,1,0.1106,0
C01392,1072,370,8,1078.67,8629.33,1,0.2298,1
C01393,1313,129,9,1421.65,12794.83,1,0.1925,0
C01394,1239,250,5,1111.24,5556.21,0,0.2992,0
C01395,444,323,6,1720.86,10325.14,0,0.1133,0
C01396,749,394,5,819.18,4095.92,1,0.3887,1
C01397,1099,318,7,1741.79,12192.54,0,0.2847,1
C01398,133,384,8,986.6,7892.76,0,0.1116,0
C01399,1038,232,5,2218.94,11094.68,0,0.4,0
C01400,752,28,6,567.82,3406.93,2,0.3369,0
C01401,962,259,9,1117.36,10056.28,0,0.5252,0
C01402,515,275,7,1297.28,9080.94,0,0.5019,0
C01403,266,227,4,1828.53,7314.12,0,0.2235,1
C01404,263,95,10,934.86,9348.6,0,0.1642,1
C01405,288,43,7,698.24,4887.7,0,0.1768,0
C01406,1412,26,3,1164.99,3494.97,1,0.2715,0
C01407,599,175,2,1667.13,3334.25,0,0.2286,1
C01408,220,180,5,1184.96,5924.78,1,0.0835,1
C01409,827,48,8,432.87,3462.94,0,0.2987,0
C01410,1403,160,7,1920.71,13445.0,1,0.1546,1
C01411,565,21,5,1012.52,5062.62,0,0.3338,0
C01412,485,104,1,808.74,808.74,0,0.592,1
C01413,1106,197,4,1175.09,4700.37,1,0.2552,0
C01414,1017,90,8,1182.64,9461.1,0,0.1607,0
C01415,437,105,5,1117.01,5585.04,0,0.2512,1
C01416,33,24,9,1058.54,9526.82,3,0.4253,0
C01417,921,140,5,599.06,2995.28,0,0.22,0
C01418,1386,363,7,973.33,6813.3,0,0.5337,1
C01419,390,250,5,673.54,3367.68,1,0.2558,1
C01420,675,59,10,903.86,9038.63,0,0.4451,0
C01421,678,186,4,1605.3,6421.22,0,0.0996,0
C01422,720,368,2,1049.33,2098.67,0,0.3668,0
C01423,654,226,6,409.99,2459.92,0,0.1778,1
C01424,673,206,3,750.46,2251.39,0,0.1833,1
C01425,779,269,7,1583.18,11082.29,0,0.0591,1
C01426,1440,375,11,1231.96,13551.52,0,0.2564,0
C01427,1136,267,4,694.25,2776.98,0,0.5855,1
C01428,300,267,4,53.49,213.97,0,0.3598,1
C01429,531,275,4,1421.7,5686.8,0,0.4598,1
C01430,1260,327,8,1909.93,15279.44,1,0.2265,0
C01431,977,182,3,988.06,2964.19,1,0.1018,0
C01432,748,43,7,706.0,4941.99,1,0.1682,0
C01433,1348,283,4,719.06,2876.23,0,0.1824,0
C01434,732,191,8,2433.39,19467.11,0,0.3276,0
C01435,489,107,1,800.96,800.96,2,0.1951,1
C01436,1090,260,5,1288.87,6444.36,0,0.3067,1
C01437,785,305,4,312.82,1251.26,3,0.5304,1
C01438,244,68,6,1189.6,7137.62,2,0.1381,0
C01439,474,317,5,2103.37,10516.83,0,0.0991,1
C01440,1259,212,4,839.4,3357.59,0,0.1586,1
C01441,1250,358,6,415.64,2493.84,1,0.304,1
C01442,1100,317,6,1535.38,9212.28,2,0.3073,1
C01443,456,377,5,1725.47,8627.37,0,0.7568,1
C01444,276,348,3,1225.37,3676.12,0,0.2153,1
C01445,1478,208,5,274.96,1374.78,0,0.1471,0
C01446,786,155,5,365.83,1829.14,2,0.3489,1
C01447,127,213,8,92.96,743.69,3,0.1376,1
C01448,1325,112,7,1306.99,9148.9,0,0.1743,0
C01449,1344,151,7,1278.68,8950.75,1,0.5047,1
C01450,727,361,7,1126.71,7887.0,0,0.4503,1
C01451,1208,310,5,827.01,4135.06,0,0.2488,0
C01452,1313,14,6,1396.65,8379.92,0,0.3518,0
C01453,256,107,6,530.25,3181.53,0,0.2227,0
C01454,888,241,8,1939.44,15515.53,0,0.0904,0
C01455,1010,255,4,731.93,2927.71,0,0.2456,1
C01456,1494,11,6,750.79,4504.73,0,0.5185,0
C01457,84,224,8,641.56,5132.45,2,0.2976,1
C01458,216,249,3,1421.94,4265.81,2,0.3266,1
C01459,110,111,4,2129.25,8517.01,0,0.4144,0
C01460,1388,184,6,1299.62,7797.74,0,0.4253,0
C01461,864,103,5,626.7,3133.52,0,0.1033,0
C01462,444,137,7,451.06,3157.42,1,0.3551,0
C01463,892,64,5,1287.44,6437.19,0,0.1311,0
C01464,411,362,10,405.1,4051.0,0,0.1573,1
C01465,485,293,8,1104.58,8836.62,1,0.5708,1
C01466,216,39,6,730.39,4382.32,0,0.3457,0
C01467,1310,329,6,609.8,3658.81,1,0.5818,1
C01468,932,257,3,1529.75,4589.24,1,0.4227,1
C01469,919,72,5,944.68,4723.4,1,0.2047,0
C01470,506,53,10,647.95,6479.46,2,0.3476,0
C01471,975,363,7,1017.65,7123.57,2,0.6028,1
C01472,1289,116,4,677.31,2709.24,1,0.2686,1
C01473,922,82,3,1060.32,3180.97,0,0.1141,0
C01474,1277,102,5,946.3,4731.49,0,0.1226,1
C01475,624,42,13,1113.83,14479.77,0,0.4432,0
C01476,1171,200,10,2606.82,26068.25,1,0.2433,0
C01477,131,351,7,1380.24,9661.71,0,0.1184,0
C01478,1184,227,6,388.39,2330.35,1,0.4622,0
C01479,859,369,5,1979.64,9898.19,1,0.1683,1
C01480,436,365,6,2112.85,12677.11,0,0.1265,0
C01481,1242,65,8,180.76,1446.06,0,0.1159,0
C01482,915,184,8,336.85,2694.79,0,0.2196,0
C01483,1362,71,4,786.05,3144.18,1,0.0529,1
C01484,1068,251,10,663.87,6638.65,2,0.3156,0
C01485,230,117,11,1106.39,12170.32,0,0.1365,0
C01486,1472,20,5,278.13,1390.64,0,0.0315,0
C01487,1108,24,2,489.39,978.79,0,0.1011,0
C01488,1281,213,4,1884.35,7537.4,2,0.2913,1
C01489,338,167,8,251.71,2013.69,1,0.3929,1
C01490,1013,323,6,564.08,3384.5,1,0.6008,1
C01491,334,287,9,590.77,5316.9,1,0.2702,0
C01492,977,384,5,2893.15,14465.75,2,0.2028,1
C01493,125,33,5,943.49,4717.45,0,0.4572,0
C01494,123,303,5,614.56,3072.8,1,0.2476,1
C01495,1459,120,9,511.37,4602.31,0,0.0825,0
C01496,205,283,11,741.64,8158.08,1,0.0531,0
C01497,1129,142,2,626.7,1253.4,1,0.3648,1
C01498,1048,317,5,718.92,3594.61,1,0.1592,1
C01499,527,376,8,908.1,7264.84,1,0.2956,0
C01500,88,63,5,1328.97,6644.86,0,0.4067,0
C01501,1287,297,9,783.28,7049.53,0,0.0976,0
C01502,919,51,3,615.39,1846.17,0,0.1802,1
C01503,243,147,6,854.38,5126.28,1,0.1956,1
C01504,858,252,2,204.77,409.55,0,0.034,1
C01505,530,82,6,750.8,4504.79,0,0.4429,0
C01506,924,340,5,964.77,4823.84,0,0.2045,1
C01507,102,347,6,1629.03,9774.17,1,0.4613,0
C01508,384,292,6,507.77,3046.62,0,0.1581,1
C01509,671,113,8,823.27,6586.17,1,0.4295,0
C01510,1374,352,2,2379.58,4759.16,0,0.0795,1
C01511,403,249,6,1036.69,6220.14,0,0.1701,0
C01512,301,287,5,753.08,3765.38,0,0.5082,1
C01513,1484,276,7,750.16,5251.15,1,0.2686,0
C01514,773,40,10,1247.65,12476.45,2,0.4221,0
C01515,308,315,4,1085.0,4340.02,0,0.0695,0
C01516,119,365,5,1160.65,5803.25,0,0.1872,1
C01517,281,247,5,594.68,2973.42,0,0.0868,1
C01518,505,150,7,945.49,6618.45,0,0.3646,0
C01519,99,160,4,2007.74,8030.98,1,0.1658,1
C01520,208,319,5,675.85,3379.25,1,0.3692,1
C01521,771,59,3,347.69,1043.06,0,0.2386,0
C01522,1286,319,5,741.42,3707.12,0,0.0331,0
C01523,146,79,4,701.63,2806.5,0,0.3968,1
C01524,1102,205,7,828.38,5798.65,1,0.2473,0
C01525,1151,234,7,1907.3,13351.08,0,0.0475,1
C01526,1352,380,8,968.36,7746.87,1,0.1053,1
C01527,644,194,6,1865.91,11195.44,0,0.2276,1
C01528,1179,235,6,327.78,1966.69,0,0.428,0
C01529,1490,152,6,481.79,2890.72,1,0.2388,0
C01530,993,328,7,724.36,5070.54,2,0.1564,1
C01531,133,212,7,2296.04,16072.26,1,0.4373,1
C01532,597,57,5,1514.88,7574.42,0,0.2174,0
C01533,681,343,8,487.06,3896.49,1,0.328,1
C01534,1048,388,7,973.25,6812.78,0,0.0219,0
C01535,1456,16,10,608.51,6085.06,0,0.2482,0
C01536,120,163,8,1599.96,12799.69,0,0.2453,0
C01537,662,54,10,313.67,3136.74,0,0.3505,0
C01538,1234,203,5,472.49,2362.45,1,0.6757,1
C01539,540,0,6,642.98,3857.89,0,0.4755,0
C01540,1394,79,1,1705.09,1705.09,0,0.2628,0
C01541,230,127,4,892.1,3568.39,2,0.4306,1
C01542,524,24,6,841.41,5048.44,0,0.5418,1
C01543,920,66,7,384.11,2688.79,0,0.2354,1
C01544,946,231,4,715.59,2862.38,0,0.2041,1
C01545,490,111,6,1253.86,7523.16,1,0.2772,1
C01546,1247,217,10,1181.11,11811.11,1,0.1949,1
C01547,870,30,9,949.09,8541.77,0,0.1511,0
C01548,727,348,9,1151.3,10361.73,1,0.3183,1
C01549,1384,137,8,985.53,7884.24,0,0.2475,0
C01550,651,54,5,323.77,1618.84,1,0.0488,1
C01551,875,159,8,1311.37,10490.96,0,0.0483,0
C01552,1031,145,10,786.62,7866.21,1,0.2562,0
C01553,122,370,9,1272.41,11451.66,0,0.2663,1
C01554,278,78,6,1257.53,7545.15,0,0.4205,0
C01555,755,228,5,1226.92,6134.62,0,0.294,1
C01556,748,59,3,740.45,2221.34,0,0.1045,0
C01557,1069,338,4,1551.3,6205.2,0,0.3435,1
C01558,883,338,7,905.31,6337.19,1,0.5286,1
C01559,909,249,3,1798.81,5396.43,3,0.2407,1
C01560,1007,211,4,1763.14,7052.57,2,0.2523,1
C01561,229,178,5,1295.24,6476.2,2,0.4101,0
C01562,758,395,5,962.42,4812.08,2,0.36,1
C01563,656,356,7,614.66,4302.62,0,0.3365,1
C01564,1055,248,7,886.64,6206.49,1,0.0635,1
C01565,810,309,5,209.38,1046.88,0,0.0678,1
C01566,730,256,3,977.47,2932.41,0,0.3071,1
C01567,597,10,5,1317.45,6587.25,0,0.171,0
C01568,1309,222,4,786.46,3145.83,0,0.2813,1
C01569,1387,88,4,1208.88,4835.52,0,0.4756,0
C01570,1103,231,5,1865.08,9325.4,0,0.1155,0
C01571,1477,399,5,863.08,4315.39,0,0.5452,0
C01572,79,159,1,1555.68,1555.68,0,0.2811,0
C01573,1148,307,7,449.99,3149.91,0,0.5961,0
C01574,791,391,7,728.77,5101.36,0,0.1537,0
C01575,1384,165,4,552.35,2209.39,0,0.3206,1
C01576,532,286,4,1339.16,5356.64,1,0.1131,1
C01577,1408,236,3,446.28,1338.85,1,0.1013,1
C01578,350,97,4,775.5,3102.0,1,0.3222,1
C01579,542,308,6,1281.78,7690.66,1,0.3322,1
C01580,644,151,5,682.35,3411.73,0,0.4066,0
C01581,531,156,7,266.8,1867.59,0,0.1781,0
C01582,489,36,11,945.83,10404.08,0,0.4347,0
C01583,90,17,7,601.11,4207.8,0,0.3211,0
C01584,449,111,10,795.23,7952.35,0,0.3182,0
C01585,347,246,5,1133.72,5668.6,0,0.2225,0
C01586,452,373,8,1280.86,10246.85,0,0.2172,1
C01587,256,46,5,276.56,1382.82,0,0.4599,0
C01588,1354,143,13,713.63,9277.19,1,0.1309,0
C01589,276,96,5,667.49,3337.46,0,0.5454,1
C01590,76,204,10,1232.1,12320.99,1,0.1864,1
C01591,262,207,3,1178.06,3534.19,1,0.4804,1
C01592,139,346,4,1133.06,4532.24,0,0.3078,1
C01593,525,318,3,1173.22,3519.67,2,0.2676,1
C01594,1105,184,3,838.05,2514.16,0,0.165,0
C01595,984,89,3,580.43,1741.28,3,0.0669,1
C01596,988,232,6,1327.22,7963.29,0,0.1841,0
C01597,1299,76,5,252.19,1260.96,0,0.3289,0
C01598,146,398,5,392.99,1964.94,1,0.5306,1
C01599,297,169,6,782.63,4695.77,2,0.6633,0
C01600,1230,170,9,2719.14,24472.29,2,0.1876,0
C01601,984,54,6,531.67,3190.0,0,0.4094,0
C01602,1433,268,3,3105.89,9317.67,2,0.2404,1
C01603,787,99,10,949.81,9498.05,1,0.0895,0
C01604,651,117,4,2082.3,8329.2,1,0.468,0
C01605,981,120,4,569.29,2277.15,1,0.7372,1
C01606,314,95,2,319.23,638.47,1,0.3535,1
C01607,39,312,6,173.4,1040.43,0,0.7823,1
C01608,547,353,9,916.36,8247.2,1,0.0561,1
C01609,1268,265,3,373.32,1119.95,0,0.3686,0
C01610,475,379,6,474.44,2846.65,0,0.2085,0
C01611,604,144,4,1247.18,4988.7,0,0.3222,1
C01612,590,354,4,113.95,455.78,0,0.5594,0
C01613,1182,378,6,2055.05,12330.29,0,0.3082,1
C01614,288,36,3,191.04,573.12,1,0.5631,0
C01615,532,110,8,1052.14,8417.16,0,0.0737,0
C01616,1439,207,5,2434.5,12172.5,0,0.0264,1
C01617,1444,203,6,940.92,5645.55,0,0.1855,0
C01618,199,241,8,221.73,1773.81,0,0.3062,0
C01619,1019,247,5,2592.69,12963.43,0,0.2651,1
C01620,1198,47,8,1604.53,12836.21,0,0.3,0
C01621,1394,382,2,1314.77,2629.53,0,0.0355,1
C01622,713,4,3,1179.27,3537.8,1,0.164,1
C01623,638,342,4,2438.86,9755.44,1,0.2129,1
C01624,1313,200,8,345.0,2760.02,1,0.2985,0
C01625,466,149,3,827.12,2481.35,1,0.4333,0
C01626,1137,177,5,641.48,3207.4,0,0.356,1
C01627,696,200,4,1512.12,6048.47,2,0.2261,1
C01628,883,2,9,2370.63,21335.71,1,0.3762,0
C01629,241,182,7,944.27,6609.91,1,0.3473,1
C01630,900,386,8,1252.73,10021.87,2,0.2711,1
C01631,355,122,4,899.98,3599.91,1,0.2117,0
C01632,599,137,7,1458.0,10206.01,1,0.0864,0
C01633,585,192,7,495.3,3467.13,0,0.3841,0
C01634,660,379,3,1422.25,4266.76,1,0.4107,1
C01635,528,35,6,1551.18,9307.07,2,0.2989,1
C01636,1460,119,3,1045.71,3137.13,1,0.1541,0
C01637,92,21,7,616.3,4314.1,0,0.5555,0
C01638,908,38,5,1238.75,6193.77,1,0.1823,0
C01639,345,27,4,659.84,2639.35,0,0.189,0
C01640,477,132,4,2142.73,8570.91,2,0.4913,1
C01641,937,54,8,1333.45,10667.56,0,0.1911,0
C01642,112,310,6,512.05,3072.31,1,0.429,1
C01643,1348,113,9,385.45,3469.02,2,0.1491,0
C01644,1085,172,9,642.66,5783.9,0,0.1837,0
C01645,322,255,2,892.54,1785.07,0,0.2701,1
C01646,1349,137,7,126.88,888.17,1,0.3727,0
C01647,341,336,5,1976.45,9882.24,1,0.4524,1
C01648,1158,262,6,1338.94,8033.66,0,0.2955,0
C01649,1125,312,4,1289.77,5159.1,2,0.2307,1
C01650,843,271,9,1930.62,17375.61,0,0.1177,0
C01651,967,130,5,811.21,4056.04,1,0.3008,1
C01652,755,234,6,830.32,4981.9,2,0.3865,1
C01653,1332,17,11,1227.99,13507.93,2,0.1777,0
C01654,87,75,4,1988.62,7954.48,0,0.1634,0
C01655,244,21,8,813.77,6510.16,0,0.4073,0
C01656,1178,29,8,837.49,6699.88,1,0.4874,0
C01657,1356,319,5,499.43,2497.15,2,0.2214,1
C01658,791,80,4,752.0,3007.99,0,0.2973,1
C01659,439,348,7,796.56,5575.95,0,0.5318,1
C01660,926,380,10,1126.99,11269.89,1,0.1295,0
C01661,435,372,11,2081.96,22901.57,0,0.2641,0
C01662,457,237,8,711.35,5690.84,1,0.0595,0
C01663,648,386,6,1429.44,8576.63,0,0.1621,1
C01664,191,45,10,749.66,7496.62,4,0.2851,1
C01665,1444,339,11,2094.1,23035.07,1,0.5366,0
C01666,875,44,7,707.42,4951.97,0,0.3476,0
C01667,181,141,7,641.01,4487.06,2,0.5124,0
C01668,151,129,5,764.25,3821.27,1,0.1636,1
C01669,942,189,2,1753.52,3507.05,1,0.3509,1
C01670,35,265,3,957.45,2872.36,0,0.1783,1
C01671,1279,332,7,2180.95,15266.66,1,0.4458,0
C01672,1073,236,5,182.22,911.08,0,0.3602,1
C01673,1419,359,3,622.28,1866.83,0,0.1992,1
C01674,800,239,5,318.36,1591.8,0,0.4498,1
C01675,1161,144,10,1133.53,11335.34,0,0.0551,0
C01676,1380,224,5,832.87,4164.34,0,0.211,0
C01677,123,251,8,1007.71,8061.69,0,0.3156,0
C01678,631,196,11,413.78,4551.63,0,0.4071,0
C01679,1237,71,4,2776.8,11107.21,0,0.1943,0
C01680,208,115,7,417.02,2919.15,0,0.4441,0
C01681,1172,0,4,2167.4,8669.6,0,0.4732,0
C01682,1078,236,9,835.29,7517.62,1,0.2419,1
C01683,1420,142,3,1078.04,3234.11,0,0.4169,1
C01684,666,314,4,1272.9,5091.59,1,0.5213,1
C01685,294,368,2,1315.59,2631.18,1,0.1872,1
C01686,610,395,2,380.76,761.52,0,0.3687,1
C01687,768,262,3,529.35,1588.05,0,0.5876,0
C01688,1008,380,6,1131.18,6787.07,0,0.4265,1
C01689,611,357,5,1038.5,5192.49,0,0.2305,0
C01690,750,381,9,449.32,4043.9,0,0.1141,1
C01691,1049,143,4,1297.78,5191.13,2,0.415,1
C01692,509,118,4,1116.42,4465.69,2,0.2784,1
C01693,266,18,5,611.39,3056.96,1,0.5068,0
C01694,1097,227,5,755.97,3779.85,2,0.3722,0
C01695,92,143,10,1366.36,13663.59,0,0.2455,0
C01696,997,336,5,1776.83,8884.14,0,0.3202,1
C01697,494,171,5,436.22,2181.08,0,0.1314,1
C01698,1393,77,5,971.97,4859.87,1,0.2071,0
C01699,1091,268,11,668.53,7353.8,0,0.1356,0
C01700,979,106,3,1005.83,3017.48,0,0.6826,0
C01701,968,386,2,663.77,1327.53,0,0.3926,1
C01702,855,224,7,3792.93,26550.52,1,0.3661,1
C01703,468,124,8,1166.4,9331.18,0,0.8886,0
C01704,810,242,10,1196.95,11969.52,0,0.2756,0
C01705,903,302,6,1195.71,7174.23,0,0.1086,1
C01706,1446,141,5,664.62,3323.08,1,0.3635,1
C01707,810,354,8,1005.33,8042.63,0,0.3574,1
C01708,891,40,6,795.68,4774.08,0,0.568,0
C01709,489,99,6,860.39,5162.34,1,0.3027,0
C01710,490,67,6,546.67,3280.0,1,0.0757,0
C01711,59,312,3,2819.72,8459.16,2,0.2534,1
C01712,1497,169,7,376.68,2636.75,1,0.0747,0
C01713,771,381,8,437.43,3499.47,1,0.3608,1
C01714,363,104,10,814.83,8148.27,0,0.0572,0
C01715,43,310,7,831.83,5822.78,1,0.0437,1
C01716,855,274,6,834.61,5007.69,1,0.1503,0
C01717,1070,158,7,1403.55,9824.86,2,0.0238,0
C01718,38,368,5,884.46,4422.32,0,0.0886,0
C01719,344,233,2,799.23,1598.46,0,0.6071,1
C01720,939,184,3,1027.53,3082.58,0,0.4395,1
C01721,495,298,10,566.73,5667.29,0,0.1916,0
C01722,718,361,7,719.38,5035.65,1,0.354,1
C01723,195,323,2,1177.6,2355.2,0,0.2933,1
C01724,983,57,4,287.84,1151.36,2,0.2028,0
C01725,851,283,5,1250.37,6251.85,1,0.5088,1
C01726,1452,215,6,785.75,4714.47,1,0.3403,0
C01727,199,391,4,1467.28,5869.13,1,0.3381,1
C01728,1239,354,4,1810.54,7242.16,0,0.3609,1
C01729,675,344,5,1281.53,6407.66,0,0.2635,1
C01730,1409,52,5,796.16,3980.79,0,0.5361,0
C01731,1008,86,10,1937.67,19376.69,2,0.452,0
C01732,916,355,8,812.82,6502.6,0,0.1981,1
C01733,1455,399,6,342.98,2057.91,2,0.4039,1
C01734,1115,302,5,1322.12,6610.58,0,0.228,1
C01735,783,281,6,845.68,5074.07,0,0.1677,0
C01736,512,202,6,1750.13,10500.76,0,0.2855,1
C01737,364,365,7,1180.0,8260.03,1,0.5104,1
C01738,384,33,6,801.81,4810.88,0,0.2321,1
C01739,1037,198,4,1212.57,4850.26,0,0.4312,0
C01740,374,42,9,1019.14,9172.29,0,0.0965,0
C01741,480,357,7,746.99,5228.93,1,0.3225,0
C01742,1050,160,5,3030.83,15154.17,1,0.3258,0
C01743,438,393,8,380.18,3041.44,0,0.1792,1
C01744,1208,26,3,349.81,1049.42,0,0.287,0
C01745,962,328,10,1137.92,11379.21,0,0.1526,1
C01746,98,88,15,858.48,12877.18,2,0.2143,0
C01747,115,319,11,961.94,10581.39,0,0.188,1
C01748,1027,319,3,1010.34,3031.02,0,0.4992,0
C01749,601,86,3,1219.69,3659.07,0,0.1698,0
C01750,335,162,8,953.61,7628.91,3,0.0221,1
C01751,570,54,1,149.3,149.3,1,0.1255,1
C01752,211,252,9,1374.75,12372.72,0,0.2851,0
C01753,254,307,5,58.41,292.03,1,0.7063,1
C01754,1245,17,7,769.92,5389.47,0,0.4064,0
C01755,921,282,3,806.67,2420.02,0,0.1955,1
C01756,1484,112,8,482.66,3861.25,0,0.2474,0
C01757,1165,249,7,2924.76,20473.32,0,0.3938,0
C01758,68,374,5,562.9,2814.48,0,0.2931,1
C01759,481,178,3,2495.65,7486.96,0,0.1463,1
C01760,1229,284,3,1580.01,4740.02,3,0.0677,1
C01761,579,25,5,583.69,2918.44,0,0.3564,0
C01762,698,19,5,1317.31,6586.54,0,0.1903,0
C01763,587,228,9,650.67,5856.04,0,0.2252,0
C01764,432,252,7,1461.25,10228.76,1,0.213,1
C01765,886,212,9,1717.53,15457.77,0,0.2698,0
C01766,148,281,3,1494.06,4482.17,0,0.2394,1
C01767,1157,286,4,1506.37,6025.49,0,0.263,1
C01768,169,385,9,575.39,5178.49,0,0.5734,1
C01769,242,35,7,494.67,3462.67,0,0.5084,0
C01770,1074,163,7,1859.83,13018.78,2,0.1616,1
C01771,52,161,3,1314.98,3944.93,1,0.2359,1
C01772,556,216,6,257.69,1546.13,2,0.25,1
C01773,1121,168,4,356.47,1425.9,2,0.3463,1
C01774,481,298,5,839.35,4196.77,0,0.2747,0
C01775,534,185,8,159.22,1273.74,0,0.1089,1
C01776,1433,152,5,697.42,3487.12,0,0.2802,0
C01777,799,13,4,2039.44,8157.76,0,0.4383,0
C01778,603,141,5,509.34,2546.69,1,0.4037,1
C01779,1005,234,6,1452.17,8713.01,0,0.1248,0
C01780,829,395,5,630.08,3150.41,0,0.3358,1
C01781,1489,77,5,384.65,1923.25,0,0.5283,0
C01782,412,300,5,1345.73,6728.66,0,0.3802,0
C01783,1154,364,6,1569.48,9416.86,2,0.5128,0
C01784,721,203,4,524.95,2099.81,0,0.1029,0
C01785,509,252,7,1447.23,10130.61,0,0.4018,0
C01786,574,79,3,365.58,1096.73,1,0.0679,1
C01787,300,332,7,660.54,4623.76,0,0.274,1
C01788,1179,264,14,1369.71,19175.89,0,0.4803,0
C01789,821,196,6,611.45,3668.72,1,0.4594,1
C01790,1072,264,5,115.54,577.72,0,0.057,0
C01791,765,148,4,1039.89,4159.56,2,0.6082,0
C01792,1336,77,4,345.27,1381.07,1,0.1293,1
C01793,211,103,7,659.89,4619.22,0,0.2999,0
C01794,615,11,4,924.09,3696.35,0,0.1792,0
C01795,703,158,7,611.36,4279.54,0,0.1653,0
C01796,1439,180,6,1535.52,9213.14,1,0.049,0
C01797,1447,368,6,450.62,2703.71,0,0.4474,1
C01798,933,169,3,1074.43,3223.3,0,0.1104,0
C01799,824,370,3,1474.32,4422.96,0,0.15,0
C01800,274,50,11,1025.47,11280.22,0,0.038,0
C01801,1486,375,5,1040.71,5203.54,1,0.2702,1
C01802,591,167,11,484.6,5330.61,2,0.4694,0
C01803,319,306,9,857.84,7720.52,0,0.1281,0
C01804,66,95,8,3343.87,26750.95,0,0.4206,0
C01805,873,71,3,2034.77,6104.3,2,0.1746,1
C01806,212,227,5,407.31,2036.57,0,0.182,1
C01807,175,287,4,959.78,3839.11,0,0.2865,1
C01808,364,105,4,1140.46,4561.84,0,0.5262,1
C01809,1123,134,7,484.79,3393.55,1,0.0801,0
C01810,981,169,8,731.68,5853.47,0,0.6748,0
C01811,459,170,4,977.01,3908.05,2,0.1605,1
C01812,1410,395,5,1042.99,5214.94,0,0.1565,0
C01813,1438,184,8,1274.83,10198.68,2,0.3511,0
C01814,205,305,12,795.21,9542.47,0,0.1978,0
C01815,67,102,5,75.03,375.16,0,0.2165,1
C01816,1450,270,9,465.73,4191.54,1,0.5545,0
C01817,859,83,4,604.27,2417.08,1,0.2071,1
C01818,1208,286,5,1057.56,5287.8,0,0.1961,0
C01819,1064,41,4,240.97,963.9,2,0.3111,0
C01820,1285,120,3,641.23,1923.68,1,0.5033,1
C01821,663,176,11,1162.2,12784.24,2,0.2404,0
C01822,708,372,7,1869.27,13084.89,0,0.4779,1
C01823,1448,236,11,389.05,4279.6,1,0.1753,0
C01824,995,77,4,1258.02,5032.07,1,0.501,0
C01825,470,352,7,1589.79,11128.52,0,0.192,0
C01826,688,317,11,1438.11,15819.17,0,0.1912,1
C01827,64,7,7,1643.35,11503.48,0,0.773,0
C01828,1495,53,5,734.81,3674.05,1,0.1442,0
C01829,1036,18,7,314.29,2200.03,1,0.2177,0
C01830,766,92,5,485.01,2425.04,1,0.1711,0
C01831,786,297,6,1435.92,8615.54,2,0.368,1
C01832,1494,69,4,349.15,1396.61,0,0.0827,0
C01833,924,316,10,93.45,934.5,1,0.6643,1
C01834,296,161,5,637.28,3186.41,1,0.3566,0
C01835,842,13,6,1082.3,6493.77,0,0.3939,0
C01836,85,221,3,534.6,1603.79,1,0.6775,1
C01837,1088,304,2,1303.39,2606.78,1,0.1344,1
C01838,1066,140,4,818.61,3274.45,0,0.3535,0
C01839,725,223,4,662.81,2651.26,0,0.3658,0
C01840,1182,324,10,2472.81,24728.09,1,0.2669,0
C01841,130,127,6,319.12,1914.74,1,0.3681,0
C01842,156,149,7,1142.04,7994.25,0,0.5812,0
C01843,114,261,7,419.37,2935.58,0,0.0834,1
C01844,789,371,4,4540.33,18161.33,1,0.3265,1
C01845,74,122,6,1404.0,8424.01,0,0.0889,0
C01846,388,88,4,425.26,1701.04,0,0.1773,0
C01847,1447,176,6,1289.43,7736.61,0,0.1594,0
C01848,312,26,7,924.01,6468.1,0,0.0751,0
C01849,1436,195,9,833.31,7499.82,1,0.219,0
C01850,1188,136,4,1142.61,4570.46,0,0.4139,0
C01851,600,117,5,804.45,4022.23,0,0.2693,0
C01852,1101,110,5,738.83,3694.14,0,0.6367,0
C01853,1017,131,6,339.25,2035.5,0,0.49,0
C01854,944,126,8,286.15,2289.22,0,0.1744,0
C01855,107,356,5,1227.04,6135.21,3,0.0985,1
C01856,125,58,4,674.37,2697.5,1,0.4202,1
C01857,1069,163,7,691.42,4839.92,0,0.4192,0
C01858,588,141,4,254.11,1016.44,2,0.1353,1
C01859,700,110,4,605.83,2423.32,1,0.1495,0
C01860,993,63,5,474.24,2371.22,2,0.1259,0
C01861,762,202,8,921.88,7375.02,1,0.1615,0
C01862,553,207,8,1706.32,13650.53,0,0.2357,0
C01863,179,53,3,696.25,2088.75,0,0.1954,0
C01864,1472,394,3,1931.83,5795.48,0,0.319,1
C01865,604,225,4,957.69,3830.76,0,0.3459,0
C01866,1204,305,5,1976.82,9884.11,1,0.694,1
C01867,298,336,6,1887.8,11326.78,0,0.5691,1
C01868,517,105,6,426.16,2556.95,0,0.3189,0
C01869,39,192,3,1444.15,4332.45,0,0.1041,1
C01870,118,321,6,928.17,5569.02,0,0.2185,0
C01871,637,6,5,525.54,2627.72,1,0.2809,0
C01872,515,113,3,1287.17,3861.5,0,0.307,1
C01873,183,361,10,2500.8,25007.97,0,0.2417,1
C01874,360,265,3,458.61,1375.83,0,0.1102,1
C01875,302,300,7,168.45,1179.15,0,0.2624,1
C01876,1149,199,4,411.76,1647.02,0,0.1784,1
C01877,482,387,10,914.21,9142.08,0,0.5542,1
C01878,509,264,7,2094.4,14660.78,0,0.3407,0
C01879,696,322,9,162.16,1459.42,1,0.1394,1
C01880,303,223,2,526.71,1053.42,0,0.0417,1
C01881,383,344,6,2023.13,12138.81,0,0.2903,1
C01882,331,278,11,559.72,6156.96,1,0.4277,1
C01883,1430,366,4,1234.03,4936.14,0,0.741,1
C01884,933,25,4,637.65,2550.58,0,0.1131,0
C01885,1381,101,5,250.71,1253.56,1,0.2959,0
C01886,1299,154,6,914.76,5488.54,0,0.3384,0
C01887,395,394,6,343.87,2063.22,1,0.8487,1
C01888,96,110,6,1093.49,6560.92,1,0.4413,1
C01889,689,101,4,1773.2,7092.78,0,0.1509,1
C01890,561,237,6,3227.02,19362.1,2,0.553,0
C01891,922,390,5,977.11,4885.54,1,0.3438,1
C01892,260,394,8,428.92,3431.34,0,0.4744,1
C01893,303,318,5,1733.93,8669.67,2,0.2178,1
C01894,333,322,4,1209.37,4837.46,1,0.3779,1
C01895,953,293,3,999.77,2999.31,0,0.1681,0
C01896,289,162,6,1215.39,7292.33,1,0.0969,0
C01897,648,92,9,2864.92,25784.28,0,0.4008,0
C01898,414,255,3,1513.56,4540.67,1,0.5254,1
C01899,75,122,6,628.59,3771.53,0,0.2783,0
C01900,289,363,6,782.31,4693.89,0,0.0973,1
C01901,407,61,6,392.27,2353.64,1,0.4794,0
C01902,1227,339,9,736.22,6626.02,1,0.198,1
C01903,299,118,6,1388.26,8329.56,1,0.1645,0
C01904,885,239,7,739.75,5178.25,0,0.4846,1
C01905,1239,367,7,458.64,3210.47,1,0.496,1
C01906,1451,84,6,1069.38,6416.27,1,0.1576,0
C01907,761,183,4,870.67,3482.69,1,0.1673,0
C01908,84,225,11,1236.57,13602.31,0,0.1138,1
C01909,294,382,8,336.13,2689.06,0,0.2764,0
C01910,836,13,5,836.17,4180.85,1,0.0249,0
C01911,866,236,7,613.05,4291.36,0,0.125,1
C01912,1468,390,2,1037.64,2075.27,1,0.28,1
C01913,671,6,5,795.02,3975.11,2,0.2532,0
C01914,670,147,3,3401.34,10204.01,0,0.2465,0
C01915,658,135,6,558.54,3351.24,0,0.3706,0
C01916,437,30,8,2630.73,21045.86,0,0.1596,0
C01917,326,136,5,1027.37,5136.87,2,0.3077,0
C01918,1405,193,5,1736.39,8681.93,2,0.3675,1
C01919,969,170,2,291.45,582.9,1,0.2935,0
C01920,1294,223,6,879.97,5279.8,1,0.3265,0
C01921,1235,268,7,796.52,5575.66,1,0.3877,0
C01922,1318,172,5,2747.47,13737.36,2,0.0498,1
C01923,743,107,6,2118.78,12712.66,1,0.4598,0
C01924,453,365,6,326.47,1958.8,3,0.1088,1
C01925,248,162,8,1588.7,12709.61,1,0.0231,1
C01926,1250,378,5,1761.64,8808.19,1,0.4648,1
C01927,414,399,8,400.98,3207.81,1,0.1877,1
C01928,1273,253,7,1981.13,13867.88,1,0.6306,1
C01929,491,144,8,338.76,2710.08,0,0.6158,0
C01930,239,391,3,640.33,1921.0,1,0.2603,1
C01931,1328,201,6,1032.19,6193.16,1,0.29,0
C01932,548,142,6,2914.75,17488.52,1,0.1966,0
C01933,947,205,6,1649.29,9895.72,0,0.2689,0
C01934,629,284,9,400.69,3606.25,1,0.1934,0
C01935,1392,78,10,1618.69,16186.91,2,0.4685,0
C01936,308,78,8,2466.64,19733.09,1,0.396,0
C01937,503,198,7,2000.94,14006.6,0,0.133,1
C01938,1170,252,5,101.09,505.43,1,0.5284,0
C01939,1313,88,9,862.07,7758.66,1,0.3505,0
C01940,885,34,6,2678.14,16068.87,0,0.0511,0
C01941,1193,43,4,2645.55,10582.19,0,0.5398,0
C01942,934,18,8,1117.42,8939.33,1,0.2001,0
C01943,1424,323,4,1048.04,4192.16,0,0.1423,1
C01944,1441,241,2,1067.91,2135.83,0,0.4839,0
C01945,385,285,5,2547.26,12736.28,0,0.5943,1
C01946,539,204,9,757.48,6817.28,0,0.1154,0
C01947,1422,108,7,268.2,1877.4,0,0.0421,0
C01948,452,165,6,621.85,3731.13,0,0.4959,0
C01949,999,53,6,1704.66,10227.97,1,0.2083,0
C01950,1493,148,9,611.62,5504.55,1,0.0883,0
C01951,1109,393,7,2692.75,18849.27,0,0.3288,1
C01952,988,374,8,117.78,942.25,1,0.2276,1
C01953,303,366,5,1481.59,7407.97,2,0.1986,0
C01954,344,291,6,459.27,2755.63,1,0.7604,1
C01955,347,144,7,1093.27,7652.9,0,0.1695,1
C01956,143,306,6,1752.56,10515.37,0,0.1442,0
C01957,1491,257,6,1661.63,9969.8,0,0.2666,0
C01958,1256,292,5,1768.84,8844.19,0,0.2049,1
C01959,1182,114,3,1278.24,3834.72,1,0.0451,1
C01960,1165,323,12,292.94,3515.22,0,0.3483,0
C01961,1336,150,6,1354.33,8125.99,1,0.1613,0
C01962,1071,254,7,1506.51,10545.59,0,0.3202,0
C01963,415,215,2,788.27,1576.55,1,0.336,1
C01964,374,111,9,1827.28,16445.5,0,0.1198,0
C01965,757,107,7,3106.85,21747.93,0,0.3231,0
C01966,319,184,1,2216.15,2216.15,0,0.1656,1
C01967,808,34,3,469.21,1407.62,0,0.2415,0
C01968,1105,6,7,720.46,5043.22,1,0.5794,0
C01969,421,287,9,1617.38,14556.46,0,0.2338,0
C01970,351,358,8,249.33,1994.63,0,0.323,0
C01971,242,76,7,866.35,6064.48,0,0.8677,0
C01972,838,8,9,1703.02,15327.17,1,0.1343,1
C01973,303,120,4,727.2,2908.82,1,0.25,1
C01974,1376,300,4,340.26,1361.05,0,0.11,0
C01975,498,382,3,425.39,1276.18,0,0.1964,1
C01976,1195,147,2,902.33,1804.66,0,0.1295,0
C01977,650,241,5,1108.35,5541.74,1,0.1197,1
C01978,1275,386,8,911.48,7291.85,1,0.1859,1
C01979,57,91,6,1445.03,8670.2,0,0.1025,0
C01980,357,64,4,500.73,2002.92,1,0.5232,1
C01981,731,114,5,237.35,1186.73,0,0.4911,1
C01982,822,305,7,1153.12,8071.87,5,0.4547,1
C01983,807,89,9,1065.29,9587.64,0,0.4855,0
C01984,1041,18,7,852.13,5964.88,1,0.3162,0
C01985,728,347,6,1499.16,8994.94,0,0.2504,1
C01986,1172,319,8,805.32,6442.6,0,0.3737,0
C01987,900,320,8,836.04,6688.35,1,0.281,1
C01988,1362,251,4,1601.59,6406.36,0,0.2715,0
C01989,161,219,5,895.81,4479.07,1,0.223,1
C01990,1050,87,8,932.25,7457.99,1,0.262,1
C01991,1325,51,4,2131.74,8526.98,0,0.1316,1
C01992,127,250,13,372.44,4841.71,0,0.3285,0
C01993,373,295,6,1621.76,9730.57,0,0.2066,1
C01994,381,333,4,1076.51,4306.06,0,0.191,1
C01995,673,339,5,1056.3,5281.51,1,0.0855,1
C01996,787,279,3,503.19,1509.56,0,0.379,1
C01997,1288,211,12,464.8,5577.63,1,0.2199,0
C01998,593,183,3,191.44,574.31,0,0.4883,0
C01999,1082,84,5,970.65,4853.24,1,0.26,0
C02000,1263,113,5,1422.74,7113.69,1,0.224,1
C02001,1091,277,6,555.01,3330.08,0,0.3557,0
C02002,1379,242,6,1672.36,10034.18,0,0.1163,0
C02003,1206,130,5,825.76,4128.82,0,0.2745,1
C02004,577,145,7,635.82,4450.77,0,0.1928,0
C02005,1451,366,7,626.73,4387.08,0,0.1591,0
C02006,1420,163,5,478.21,2391.05,0,0.32,0
C02007,90,332,9,1016.77,9150.93,1,0.2746,1
C02008,1447,175,5,783.07,3915.33,0,0.1872,0
C02009,1496,162,2,1305.27,2610.54,1,0.1944,1
C02010,1276,237,7,1124.62,7872.34,0,0.4324,0
C02011,1404,16,5,280.83,1404.17,0,0.4478,0
C02012,1252,133,5,857.05,4285.26,0,0.5278,0
C02013,238,379,9,396.81,3571.27,2,0.1336,1
C02014,75,320,2,800.38,1600.76,0,0.1835,1
C02015,463,381,10,2204.11,22041.05,1,0.3658,1
C02016,83,335,3,1284.83,3854.49,1,0.4727,1
C02017,998,194,2,1247.38,2494.76,1,0.5842,1
C02018,1297,362,8,547.54,4380.33,2,0.4163,1
C02019,1324,2,10,1502.65,15026.5,1,0.4337,0
C02020,172,96,4,320.71,1282.82,2,0.4465,1
C02021,827,289,7,1365.61,9559.3,1,0.5126,0
C02022,808,74,7,950.64,6654.48,1,0.3964,0
C02023,784,112,2,684.17,1368.34,1,0.106,1
C02024,1353,88,4,1044.15,4176.62,1,0.3942,0
C02025,205,299,6,723.92,4343.51,1,0.4332,1
C02026,134,315,4,1376.39,5505.55,0,0.1757,1
C02027,1094,11,7,1534.1,10738.71,0,0.6007,0
C02028,921,82,5,1356.14,6780.71,0,0.0214,0
C02029,764,246,6,2016.11,12096.65,1,0.0162,1
C02030,295,360,8,909.7,7277.59,1,0.2522,0
C02031,183,375,4,1168.79,4675.17,0,0.3088,1
C02032,953,323,10,1825.2,18251.99,0,0.0864,0
C02033,1371,207,4,809.47,3237.89,0,0.2201,1
C02034,1426,20,7,589.06,4123.45,1,0.1115,0
C02035,378,378,6,962.18,5773.06,2,0.2005,1
C02036,885,301,6,1594.39,9566.31,2,0.3601,1
C02037,813,288,6,1181.95,7091.71,0,0.044,1
C02038,1426,342,6,534.67,3208.01,1,0.2372,1
C02039,1256,238,3,483.45,1450.36,0,0.2101,0
C02040,212,292,5,1124.96,5624.82,0,0.2499,1
C02041,1022,338,7,752.31,5266.2,1,0.5634,1
C02042,1229,325,12,1293.91,15526.94,1,0.4372,0
C02043,374,368,3,1016.58,3049.74,0,0.2336,1
C02044,541,76,7,691.24,4838.66,2,0.2189,1
C02045,1499,343,5,329.64,1648.2,0,0.2431,0
C02046,576,197,4,719.66,2878.64,0,0.566,1
C02047,166,367,9,505.86,4552.71,1,0.5855,0
C02048,1461,391,13,1981.59,25760.66,1,0.407,0
C02049,1213,25,5,531.93,2659.63,1,0.076,0
C02050,117,351,6,2461.41,14768.45,0,0.2483,1
C02051,712,85,8,2225.98,17807.84,2,0.2766,0
C02052,1139,360,9,2582.72,23244.46,2,0.3267,0
C02053,136,106,7,2794.58,19562.09,0,0.3405,0
C02054,677,273,8,1046.96,8375.72,0,0.132,0
C02055,386,384,8,1470.4,11763.2,1,0.2392,1
C02056,217,36,7,1405.39,9837.75,0,0.4895,1
C02057,152,364,7,1258.72,8811.04,1,0.1545,1
C02058,854,326,13,1636.41,21273.3,1,0.2953,0
C02059,334,324,4,1121.08,4484.33,1,0.1695,1
C02060,1095,365,6,1715.52,10293.13,1,0.3033,1
C02061,1330,318,7,839.68,5877.75,0,0.3172,1
C02062,779,111,9,373.82,3364.35,0,0.1669,0
C02063,459,178,4,581.84,2327.37,1,0.3862,1
C02064,326,224,4,1159.89,4639.54,0,0.4433,1
C02065,927,39,6,1963.88,11783.25,0,0.5673,0
C02066,1068,339,9,2142.87,19285.82,0,0.3705,1
C02067,323,266,13,608.81,7914.55,1,0.3313,1
C02068,535,373,4,188.89,755.56,1,0.3668,1
C02069,390,208,4,572.63,2290.52,0,0.0649,0
C02070,1187,6,9,917.61,8258.47,0,0.1808,0
C02071,548,161,4,1307.49,5229.97,0,0.4498,0
C02072,959,85,4,414.46,1657.83,0,0.5358,1
C02073,1423,145,4,493.05,1972.21,0,0.3126,0
C02074,421,230,4,1300.28,5201.11,1,0.5994,1
C02075,340,64,6,906.12,5436.74,0,0.136,0
C02076,561,247,5,670.78,3353.89,0,0.0686,1
C02077,995,162,4,998.12,3992.49,0,0.3822,1
C02078,600,323,10,941.94,9419.4,0,0.2859,0
C02079,577,369,5,854.09,4270.43,2,0.2515,1
C02080,1291,143,11,2351.07,25861.73,2,0.2526,0
C02081,239,78,6,394.25,2365.52,1,0.707,1
C02082,905,10,6,1572.69,9436.12,1,0.394,0
C02083,845,239,5,898.84,4494.2,0,0.361,1
C02084,645,173,3,2222.4,6667.2,2,0.0598,1
C02085,578,249,6,889.08,5334.46,0,0.271,1
C02086,988,105,6,2290.49,13742.95,2,0.0739,0
C02087,1312,152,5,741.79,3708.93,1,0.2315,1
C02088,140,373,3,1389.36,4168.08,1,0.0755,1
C02089,1390,107,8,825.47,6603.78,0,0.1378,1
C02090,47,223,6,996.08,5976.51,0,0.2872,1
C02091,868,62,7,269.29,1885.04,0,0.2982,0
C02092,613,34,4,675.5,2702.0,1,0.2183,1
C02093,461,166,7,1383.56,9684.95,1,0.3442,1
C02094,1208,36,6,2462.79,14776.74,0,0.2255,0
C02095,811,201,8,591.95,4735.59,0,0.1946,0
C02096,353,55,3,949.24,2847.71,0,0.2739,1
C02097,1330,14,2,2109.03,4218.07,0,0.1968,0
C02098,531,249,3,815.13,2445.4,0,0.375,1
C02099,1021,369,5,2065.56,10327.8,2,0.4975,1
C02100,235,395,7,1854.14,12979.0,0,0.1563,1
C02101,157,0,5,1724.84,8624.2,0,0.1869,0
C02102,910,244,9,519.34,4674.05,1,0.2883,0
C02103,124,19,9,1769.79,15928.09,1,0.5199,0
C02104,1424,252,2,311.86,623.71,0,0.3291,1
C02105,257,267,7,1526.13,10682.94,0,0.3193,1
C02106,768,54,1,284.02,284.02,1,0.2327,0
C02107,862,315,7,1053.47,7374.3,2,0.0987,1
C02108,1280,353,7,706.85,4947.96,0,0.464,1
C02109,276,183,7,2475.18,17326.26,0,0.4609,1
C02110,1395,211,9,1058.12,9523.04,2,0.4308,1
C02111,403,128,5,1658.51,8292.57,0,0.3128,0
C02112,1445,387,4,1307.64,5230.58,0,0.4466,1
C02113,806,285,6,920.72,5524.33,3,0.1551,1
C02114,425,180,4,2075.23,8300.9,1,0.1708,1
C02115,862,348,2,614.94,1229.88,0,0.2121,1
C02116,1140,328,4,625.39,2501.56,1,0.1621,1
C02117,1242,125,8,1619.58,12956.63,0,0.1258,0
C02118,438,399,3,991.05,2973.16,0,0.2253,1
C02119,672,245,9,902.09,8118.85,0,0.3411,0
C02120,772,17,2,1445.52,2891.03,1,0.3244,0
C02121,1173,359,5,1757.57,8787.85,0,0.4179,1
C02122,1047,116,6,2883.3,17299.8,0,0.2098,1
C02123,146,265,6,502.13,3012.81,0,0.347,1
C02124,107,321,11,1163.43,12797.71,1,0.1819,0
C02125,826,32,1,1497.72,1497.72,0,0.4075,0
C02126,1207,331,10,1066.79,10667.87,0,0.2954,0
C02127,661,64,5,1024.9,5124.5,0,0.1037,0
C02128,427,73,9,225.74,2031.65,0,0.5712,0
C02129,1389,321,11,2251.17,24762.88,0,0.2546,0
C02130,410,205,8,269.36,2154.87,0,0.051,1
C02131,1088,190,5,879.67,4398.33,0,0.3733,1
C02132,240,219,5,736.99,3684.95,0,0.3033,1
C02133,1046,92,7,1003.83,7026.83,1,0.2575,0
C02134,704,399,12,1252.56,15030.77,0,0.1053,1
C02135,1360,33,6,492.58,2955.46,1,0.1332,0
C02136,871,74,3,605.53,1816.6,1,0.2826,0
C02137,394,30,5,1348.1,6740.48,0,0.0714,0
C02138,774,14,2,1136.09,2272.17,0,0.2154,0
C02139,1144,205,6,1510.38,9062.31,1,0.0276,0
C02140,630,44,3,2020.88,6062.64,2,0.2415,1
C02141,1303,294,3,2409.88,7229.65,1,0.1377,1
C02142,1277,389,6,494.86,2969.17,1,0.3092,1
C02143,1489,166,7,1565.06,10955.45,1,0.2886,0
C02144,801,66,8,1205.91,9647.25,0,0.1759,1
C02145,660,159,3,1676.72,5030.17,0,0.411,1
C02146,538,160,8,1339.74,10717.93,0,0.682,1
C02147,1008,1,3,489.9,1469.69,1,0.3027,1
C02148,825,282,6,804.26,4825.56,0,0.3629,0
C02149,307,146,6,1994.38,11966.25,1,0.7694,1
C02150,1380,302,5,605.04,3025.22,0,0.2581,1
C02151,851,74,6,2559.56,15357.37,1,0.1893,0
C02152,659,9,7,366.87,2568.11,0,0.1263,0
C02153,684,159,6,616.24,3697.41,1,0.7298,0
C02154,484,198,9,908.08,8172.7,2,0.1482,0
C02155,232,17,6,747.03,4482.2,0,0.215,1
C02156,135,218,7,906.16,6343.13,1,0.1887,0
C02157,1379,222,11,1528.1,16809.07,0,0.4579,0
C02158,1131,393,6,794.15,4764.9,0,0.6223,1
C02159,1355,231,5,1854.87,9274.37,0,0.2172,0
C02160,1064,61,4,319.06,1276.23,0,0.4343,0
C02161,1439,337,6,398.08,2388.46,0,0.3898,1
C02162,1353,379,7,447.43,3132.03,1,0.5019,1
C02163,294,66,4,645.39,2581.54,0,0.1859,1
C02164,787,137,9,765.11,6886.0,0,0.0104,0
C02165,57,243,10,396.97,3969.73,1,0.6532,0
C02166,50,18,4,767.38,3069.5,0,0.4356,0
C02167,1121,337,7,731.99,5123.96,2,0.1064,0
C02168,730,291,2,595.19,1190.39,0,0.469,1
C02169,427,366,4,1137.03,4548.13,1,0.217,1
C02170,701,302,4,1091.13,4364.54,0,0.3215,1
C02171,954,70,5,314.11,1570.54,1,0.5799,1
C02172,1235,287,5,482.4,2412.01,1,0.1077,0
C02173,814,251,9,1328.47,11956.21,0,0.4458,0
C02174,759,109,2,759.96,1519.92,0,0.2718,0
C02175,880,60,8,463.52,3708.15,0,0.366,0
C02176,237,360,9,981.32,8831.91,1,0.205,0
C02177,759,77,2,676.52,1353.05,1,0.1718,1
C02178,472,59,6,1028.1,6168.61,0,0.146,0
C02179,45,286,9,723.01,6507.05,1,0.2578,0
C02180,1044,308,6,2366.33,14197.97,2,0.1903,1
C02181,422,335,6,1514.9,9089.38,0,0.4951,1
C02182,987,206,10,785.25,7852.53,1,0.3524,0
C02183,1385,145,3,339.87,1019.61,0,0.3839,0
C02184,48,283,8,882.61,7060.87,0,0.1489,0
C02185,651,318,6,517.91,3107.46,2,0.6322,1
C02186,452,65,2,428.1,856.2,0,0.2128,1
C02187,495,273,10,879.08,8790.76,1,0.4637,0
C02188,1464,82,5,1462.65,7313.26,1,0.4901,0
C02189,65,144,7,466.01,3262.08,0,0.546,0
C02190,862,365,4,1612.4,6449.62,0,0.2294,1
C02191,575,111,5,1631.82,8159.1,0,0.2826,0
C02192,164,293,12,1533.49,18401.83,0,0.6419,1
C02193,356,291,5,1698.36,8491.78,0,0.2517,1
C02194,271,85,7,737.9,5165.29,0,0.4366,0
C02195,795,336,6,676.57,4059.44,1,0.1566,1
C02196,333,276,5,1891.28,9456.42,1,0.5859,1
C02197,1047,36,1,1327.39,1327.39,1,0.59,0
C02198,288,330,8,370.07,2960.59,0,0.5145,1
C02199,120,188,7,256.3,1794.13,1,0.1225,1
C02200,1092,214,4,693.83,2775.3,0,0.4326,0
C02201,1076,109,3,822.18,2466.55,1,0.2266,0
C02202,376,73,5,960.16,4800.82,0,0.1324,0
C02203,63,45,13,1770.12,23011.5,0,0.196,0
C02204,632,4,5,567.76,2838.78,2,0.4237,0
C02205,1035,72,6,773.95,4643.69,1,0.4641,1
C02206,120,92,5,919.85,4599.23,2,0.4563,0
C02207,257,324,6,938.81,5632.88,1,0.3366,1
C02208,895,65,4,695.96,2783.84,0,0.4086,1
C02209,541,272,5,1723.3,8616.51,0,0.2032,1
C02210,1338,262,4,1174.77,4699.09,0,0.6045,1
C02211,210,387,6,391.64,2349.86,0,0.2389,1
C02212,1118,381,6,573.85,3443.08,1,0.1913,0
C02213,844,132,7,317.93,2225.51,1,0.3315,0
C02214,432,103,6,1184.12,7104.72,1,0.4976,0
C02215,1193,364,6,1288.17,7729.05,2,0.2481,1
C02216,382,125,3,1483.62,4450.85,1,0.3171,1
C02217,853,35,1,274.67,274.67,0,0.1329,0
C02218,692,398,8,462.39,3699.09,0,0.1459,1
C02219,1357,349,9,924.91,8324.19,0,0.1587,1
C02220,189,341,7,1269.03,8883.24,2,0.2252,1
C02221,77,20,6,106.86,641.15,0,0.418,0
C02222,972,94,9,914.79,8233.09,2,0.3889,0
C02223,555,71,6,1601.33,9607.96,0,0.1402,0
C02224,1484,176,3,948.02,2844.05,0,0.3866,0
C02225,588,321,2,997.6,1995.21,0,0.283,1
C02226,716,304,5,533.66,2668.32,0,0.13,1
C02227,499,374,2,918.85,1837.71,0,0.3545,1
C02228,830,202,6,1099.55,6597.29,0,0.2046,0
C02229,648,236,9,1211.5,10903.51,0,0.2258,0
C02230,105,334,6,2780.19,16681.16,0,0.336,1
C02231,870,344,4,663.26,2653.02,0,0.1815,0
C02232,715,371,5,1525.42,7627.09,0,0.2062,0
C02233,315,49,4,1530.77,6123.09,0,0.0439,0
C02234,690,18,7,1327.02,9289.15,1,0.0806,1
C02235,324,345,8,770.58,6164.61,1,0.3452,0
C02236,137,287,7,1208.07,8456.48,2,0.2427,1
C02237,238,113,9,563.2,5068.84,0,0.6472,0
C02238,1187,361,6,809.13,4854.76,0,0.5306,0
C02239,467,375,9,1904.99,17144.89,0,0.0898,1
C02240,733,369,8,1937.79,15502.35,0,0.1909,0
C02241,978,170,7,1509.39,10565.72,0,0.2939,0
C02242,928,281,6,673.47,4040.83,1,0.3894,1
C02243,786,312,5,1199.74,5998.71,0,0.0284,0
C02244,476,58,11,981.81,10799.93,0,0.115,0
C02245,452,278,1,1384.48,1384.48,0,0.1111,1
C02246,679,106,10,157.62,1576.19,0,0.26,0
C02247,1440,6,4,1359.31,5437.22,1,0.5077,0
C02248,596,362,5,1631.31,8156.55,0,0.1512,1
C02249,961,86,5,1275.08,6375.4,0,0.3568,0
C02250,500,186,5,1137.85,5689.24,1,0.4495,1
C02251,426,227,7,1531.84,10722.91,0,0.4173,1
C02252,970,281,5,1169.82,5849.11,0,0.2152,0
C02253,97,89,6,692.13,4152.79,1,0.2406,0
C02254,475,148,3,2631.75,7895.25,1,0.5749,1
C02255,375,315,7,509.73,3568.13,2,0.6045,0
C02256,219,315,5,541.37,2706.85,2,0.1531,1
C02257,747,328,9,1170.11,10531.0,1,0.2147,0
C02258,318,212,6,1860.69,11164.15,0,0.0388,0
C02259,333,8,9,1864.46,16780.15,2,0.1031,1
C02260,947,357,5,974.54,4872.71,0,0.3698,0
C02261,505,241,7,1199.16,8394.09,3,0.0721,1
C02262,1064,158,7,402.01,2814.09,2,0.1345,0
C02263,1482,396,5,621.27,3106.35,2,0.2708,1
C02264,682,365,5,1103.74,5518.71,1,0.2894,1
C02265,1405,212,8,1115.18,8921.44,0,0.2665,0
C02266,450,266,7,1084.2,7589.37,0,0.1716,1
C02267,779,338,12,1542.09,18505.07,0,0.4634,0
C02268,742,32,2,1021.49,2042.97,1,0.25,0
C02269,1261,44,4,1729.88,6919.53,2,0.109,1
C02270,470,58,8,204.58,1636.61,1,0.0672,1
C02271,442,291,8,398.46,3187.66,1,0.4315,0
C02272,744,260,4,1205.34,4821.36,0,0.3882,1
C02273,1126,82,3,440.18,1320.54,0,0.2952,0
C02274,1380,249,9,1626.95,14642.52,0,0.4017,0
C02275,1346,112,4,454.63,1818.52,0,0.2912,0
C02276,74,264,6,1162.55,6975.28,0,0.1919,0
C02277,1254,198,5,628.1,3140.51,2,0.1627,0
C02278,428,190,6,1698.78,10192.66,1,0.4203,0
C02279,960,375,6,1094.37,6566.24,1,0.2894,0
C02280,1137,311,3,2069.08,6207.23,0,0.2481,0
C02281,1247,272,4,1294.35,5177.38,0,0.129,0
C02282,406,322,9,331.99,2987.89,0,0.3134,1
C02283,40,369,2,1127.22,2254.44,0,0.0813,1
C02284,1325,161,6,808.34,4850.06,0,0.1351,0
C02285,596,295,3,775.23,2325.69,1,0.6879,1
C02286,1135,237,5,816.03,4080.14,3,0.5958,1
C02287,1160,301,5,2129.87,10649.33,0,0.0255,0
C02288,977,345,6,1994.18,11965.1,0,0.4519,0
C02289,627,342,8,187.07,1496.57,0,0.4372,0
C02290,187,215,4,329.19,1316.74,0,0.3728,1
C02291,304,131,4,1285.69,5142.76,2,0.3995,1
C02292,961,106,4,760.74,3042.96,1,0.2324,1
C02293,1168,316,5,1539.04,7695.21,1,0.3473,1
C02294,758,224,3,283.79,851.36,2,0.0118,1
C02295,927,337,6,542.56,3255.38,0,0.1873,1
C02296,681,186,5,1065.35,5326.76,0,0.2031,1
C02297,800,296,6,91.08,546.49,2,0.5898,1
C02298,1397,108,5,1059.0,5295.01,0,0.297,0
C02299,528,272,5,1098.5,5492.52,1,0.4856,0
C02300,1343,62,10,934.68,9346.85,2,0.3399,1
C02301,173,75,1,485.95,485.95,0,0.2446,1
C02302,62,338,4,1326.69,5306.78,1,0.1635,0
C02303,1299,383,6,492.73,2956.37,2,0.2268,1
C02304,799,172,5,732.62,3663.09,1,0.3305,1
C02305,324,113,6,1208.1,7248.63,0,0.499,0
C02306,78,349,5,737.03,3685.13,1,0.5287,0
C02307,962,166,6,912.18,5473.06,1,0.417,1
C02308,648,272,4,1175.67,4702.69,1,0.3109,1
C02309,461,27,2,1380.38,2760.77,1,0.2248,1
C02310,1485,325,5,487.0,2435.01,1,0.3104,1
C02311,368,8,8,725.74,5805.88,0,0.2414,0
C02312,1318,301,2,586.76,1173.51,1,0.3009,1
C02313,686,67,7,634.99,4444.93,0,0.2149,0
C02314,319,366,8,1181.21,9449.72,1,0.0755,1
C02315,1106,248,4,411.37,1645.47,1,0.0415,1
C02316,1269,205,6,859.49,5156.92,2,0.2408,0
C02317,368,117,4,964.63,3858.52,1,0.3103,1
C02318,875,95,3,759.19,2277.56,0,0.1189,1
C02319,166,351,3,994.64,2983.93,1,0.0937,1
C02320,990,151,6,352.14,2112.84,0,0.6502,0
C02321,743,8,8,726.89,5815.1,0,0.0731,0
C02322,1266,35,3,1271.57,3814.71,4,0.5844,1
C02323,835,78,5,1370.37,6851.83,2,0.1064,1
C02324,392,369,4,313.48,1253.93,1,0.4202,1
C02325,995,32,5,1308.9,6544.49,0,0.2172,0
C02326,586,285,10,839.67,8396.7,0,0.2957,1
C02327,692,40,8,1735.26,13882.09,2,0.1648,1
C02328,922,12,6,254.29,1525.71,0,0.5178,0
C02329,599,95,3,614.86,1844.58,0,0.233,0
C02330,359,33,8,972.53,7780.28,0,0.5423,0
C02331,254,345,6,1696.45,10178.69,1,0.2149,1
C02332,1444,371,5,544.37,2721.86,0,0.0345,1
C02333,471,342,5,1114.54,5572.7,0,0.2324,1
C02334,1243,219,4,1294.28,5177.1,0,0.2078,1
C02335,395,130,4,670.99,2683.94,0,0.1864,0
C02336,1086,395,3,780.53,2341.58,2,0.0504,1
C02337,224,30,3,1485.77,4457.3,0,0.2213,1
C02338,395,131,7,994.4,6960.81,1,0.2144,0
C02339,1433,273,7,512.91,3590.39,0,0.4245,1
C02340,1370,125,7,641.12,4487.86,0,0.5146,1
C02341,299,278,7,113.78,796.48,0,0.3179,0
C02342,764,349,6,683.99,4103.91,0,0.1478,1
C02343,870,369,4,1311.43,5245.7,0,0.3246,0
C02344,1298,47,4,1488.39,5953.55,1,0.5156,0
C02345,622,367,3,2530.4,7591.2,0,0.0729,1
C02346,1329,388,4,561.33,2245.31,2,0.2267,1
C02347,835,103,2,896.68,1793.36,0,0.3194,0
C02348,467,11,7,513.75,3596.24,0,0.1814,0
C02349,889,353,2,414.34,828.69,0,0.1388,0
C02350,152,364,4,587.35,2349.39,0,0.3044,1
C02351,794,212,4,1876.69,7506.76,1,0.4717,1
C02352,145,112,5,2348.64,11743.18,1,0.223,1
C02353,514,365,6,220.33,1322.0,1,0.152,1
C02354,1070,314,9,1006.17,9055.54,0,0.3422,1
C02355,530,270,4,473.25,1893.0,1,0.3045,0
C02356,1486,192,1,388.15,388.15,0,0.2424,1
C02357,280,185,4,246.84,987.38,0,0.2592,1
C02358,1344,365,7,526.23,3683.59,2,0.175,1
C02359,637,231,8,609.59,4876.75,0,0.1766,0
C02360,986,146,7,1752.35,12266.44,0,0.2515,0
C02361,562,94,4,632.11,2528.43,0,0.1848,0
C02362,760,217,2,2172.25,4344.5,1,0.5611,1
C02363,1488,227,6,157.78,946.68,1,0.7358,0
C02364,312,306,5,1891.17,9455.83,1,0.4996,1
C02365,167,108,5,939.94,4699.7,0,0.1488,0
C02366,840,329,6,2723.17,16339.0,0,0.2546,0
C02367,879,176,6,1310.52,7863.13,3,0.2429,1
C02368,1322,262,4,75.63,302.51,1,0.1994,1
C02369,1484,118,6,561.83,3371.0,2,0.4754,0
C02370,893,197,4,716.95,2867.79,1,0.2013,1
C02371,1393,177,10,1135.08,11350.82,1,0.0266,0
C02372,169,285,4,2104.74,8418.97,1,0.1321,1
C02373,1049,343,5,919.12,4595.62,0,0.3361,1
C02374,808,196,4,510.96,2043.85,0,0.2395,1
C02375,613,226,7,1444.87,10114.11,0,0.3509,0
C02376,1281,283,7,815.07,5705.5,1,0.1105,1
C02377,1098,19,9,862.09,7758.81,1,0.2815,0
C02378,132,232,4,453.19,1812.77,1,0.2872,1
C02379,1406,279,7,352.63,2468.39,0,0.0811,0
C02380,759,108,4,1021.48,4085.92,0,0.2317,1
C02381,827,264,4,1385.36,5541.45,1,0.6107,1
C02382,291,32,5,966.04,4830.19,0,0.2062,1
C02383,534,35,4,1144.69,4578.77,0,0.1593,0
C02384,1077,80,2,1768.05,3536.09,0,0.1431,0
C02385,49,124,3,1208.13,3624.4,2,0.2591,1
C02386,605,307,2,1311.15,2622.29,0,0.3363,0
C02387,774,101,6,2823.58,16941.45,1,0.4207,1
C02388,1374,216,4,779.44,3117.77,0,0.227,1
C02389,166,184,1,1013.94,1013.94,0,0.438,1
C02390,1328,40,5,954.9,4774.51,1,0.2688,0
C02391,498,152,5,78.78,393.91,1,0.2961,1
C02392,413,287,7,973.08,6811.59,1,0.1863,1
C02393,945,331,6,1212.15,7272.91,0,0.553,0
C02394,667,221,3,2517.07,7551.21,3,0.4392,1
C02395,438,156,4,1256.81,5027.23,0,0.4616,0
C02396,346,113,5,720.37,3601.83,2,0.3478,0
C02397,359,47,3,975.17,2925.51,0,0.1258,0
C02398,365,14,8,523.13,4185.04,1,0.349,0
C02399,895,113,9,1169.4,10524.58,0,0.1977,0
C02400,704,267,4,573.39,2293.55,0,0.1945,1
C02401,137,55,3,1983.86,5951.58,0,0.107,0
C02402,378,184,11,1173.63,12909.95,3,0.3807,1
C02403,1394,130,4,748.71,2994.85,0,0.1627,0
C02404,1229,138,6,770.91,4625.46,1,0.0469,0
C02405,1475,340,5,251.13,1255.65,0,0.1621,0
C02406,1048,130,8,1044.81,8358.46,1,0.2605,0
C02407,1484,213,7,460.89,3226.22,1,0.1789,1
C02408,1038,206,7,690.55,4833.86,0,0.3688,1
C02409,39,143,5,644.02,3220.08,1,0.4661,1
C02410,846,256,5,2229.03,11145.13,0,0.1629,1
C02411,33,358,7,1322.2,9255.37,2,0.3275,1
C02412,232,172,6,842.22,5053.32,1,0.2982,1
C02413,181,183,7,1883.68,13185.76,0,0.3335,1
C02414,102,343,10,1035.29,10352.92,0,0.1779,0
C02415,1378,292,10,935.49,9354.92,2,0.0531,1
C02416,268,181,8,153.18,1225.44,0,0.4784,1
C02417,1308,80,5,234.31,1171.57,0,0.1911,0
C02418,489,299,6,605.65,3633.93,0,0.537,1
C02419,56,147,3,1300.96,3902.89,1,0.3585,1
C02420,523,253,5,2299.63,11498.16,0,0.168,1
C02421,135,202,4,2775.68,11102.7,0,0.4722,1
C02422,489,221,9,1856.02,16704.15,1,0.3097,0
C02423,476,205,4,1070.85,4283.39,0,0.5207,1
C02424,104,269,7,1304.02,9128.13,2,0.3791,0
C02425,440,320,8,2554.88,20439.02,4,0.2612,1
C02426,198,309,9,974.32,8768.9,0,0.2592,1
C02427,32,231,6,867.14,5202.82,0,0.202,1
C02428,946,64,2,857.98,1715.96,0,0.5107,0
C02429,149,359,7,585.53,4098.69,0,0.3211,0
C02430,1047,226,8,1299.6,10396.82,0,0.1059,0
C02431,1026,366,6,693.52,4161.11,1,0.3806,1
C02432,1271,372,3,799.13,2397.38,0,0.2924,1
C02433,898,173,5,645.31,3226.55,1,0.3405,0
C02434,656,155,4,280.16,1120.66,0,0.2033,1
C02435,550,273,5,1991.77,9958.87,1,0.1361,1
C02436,377,60,5,853.3,4266.48,2,0.392,0
C02437,390,313,7,1023.01,7161.06,2,0.4559,1
C02438,322,324,5,672.76,3363.82,0,0.1794,1
C02439,727,145,12,914.07,10968.84,1,0.41,0
C02440,971,142,8,1021.03,8168.22,0,0.2997,0
C02441,968,113,10,2345.8,23457.96,0,0.5802,0
C02442,1097,101,8,533.61,4268.91,0,0.1807,0
C02443,477,351,5,968.34,4841.7,0,0.5739,1
C02444,1422,364,4,2049.83,8199.33,0,0.1941,1
C02445,225,237,6,201.7,1210.21,0,0.6512,1
C02446,1070,158,7,754.64,5282.46,1,0.1085,0
C02447,1378,75,7,1297.09,9079.61,1,0.0847,0
C02448,1259,30,9,1502.17,13519.57,0,0.3616,0
C02449,200,231,2,508.89,1017.79,0,0.3653,1
C02450,1030,190,5,1475.33,7376.67,1,0.3368,0
C02451,1262,88,3,572.26,1716.78,0,0.2892,0
C02452,541,28,3,2002.84,6008.52,1,0.0879,1
C02453,857,185,4,1885.95,7543.8,0,0.5299,0
C02454,745,102,6,2024.86,12149.18,1,0.343,1
C02455,720,271,6,867.41,5204.47,1,0.4436,1
C02456,1001,3,4,730.94,2923.77,0,0.1053,0
C02457,405,332,1,647.04,647.04,2,0.2028,1
C02458,489,210,3,2700.16,8100.48,1,0.2996,0
C02459,1058,161,6,802.57,4815.43,0,0.1235,1
C02460,179,298,2,791.05,1582.1,1,0.4458,1
C02461,751,39,4,875.05,3500.2,2,0.2893,0
C02462,1130,45,1,1182.21,1182.21,1,0.2982,0
C02463,181,310,6,1191.86,7151.16,1,0.5002,1
C02464,405,149,7,651.91,4563.4,0,0.0963,1
C02465,1237,265,9,1323.09,11907.82,0,0.1802,0
C02466,778,318,7,998.64,6990.5,1,0.1003,0
C02467,1037,248,5,2022.71,10113.54,0,0.6841,0
C02468,1275,60,11,2133.29,23466.14,0,0.575,0
C02469,1161,123,2,1118.73,2237.46,1,0.0796,0
C02470,550,60,8,1064.18,8513.47,1,0.5182,0
C02471,365,17,8,321.46,2571.69,3,0.6453,0
C02472,997,379,8,1730.05,13840.38,1,0.53,0
C02473,502,238,7,1212.55,8487.87,0,0.3651,1
C02474,438,88,9,1684.32,15158.89,1,0.1761,0
C02475,512,310,5,451.84,2259.19,2,0.3142,1
C02476,744,33,4,818.57,3274.27,0,0.4425,0
C02477,266,121,6,2294.2,13765.2,5,0.3076,1
C02478,371,127,5,597.36,2986.82,2,0.2165,1
C02479,1326,273,8,1752.62,14020.98,1,0.3934,1
C02480,1344,284,6,1199.01,7194.05,0,0.1842,0
C02481,567,51,11,2766.16,30427.79,0,0.0579,0
C02482,126,72,8,1610.88,12887.04,1,0.1096,0
C02483,482,292,7,1081.16,7568.09,0,0.285,1
C02484,648,355,5,1271.85,6359.26,0,0.2843,1
C02485,728,341,5,1075.08,5375.42,0,0.1715,1
C02486,587,208,7,746.87,5228.11,1,0.4887,1
C02487,1435,155,8,204.67,1637.37,0,0.1962,0
C02488,1201,168,7,578.27,4047.89,0,0.1289,0
C02489,567,54,7,1514.44,10601.08,1,0.1055,1
C02490,1478,257,7,126.95,888.68,0,0.1599,0
C02491,1397,194,4,767.67,3070.66,0,0.1482,1
C02492,521,64,8,722.92,5783.36,0,0.1978,0
C02493,1400,233,3,1493.72,4481.17,0,0.2127,1
C02494,1396,312,4,576.83,2307.34,1,0.372,0
C02495,501,46,11,1006.36,11069.93,0,0.3724,0
C02496,475,157,7,667.26,4670.84,1,0.2262,0
C02497,902,77,5,523.46,2617.28,0,0.2858,0
C02498,1232,340,7,2477.25,17340.76,1,0.3591,0
C02499,974,25,9,366.11,3294.96,0,0.3481,1
C02500,925,30,4,503.4,2013.58,0,0.1409,0
C02501,450,338,5,405.12,2025.61,2,0.6329,0
C02502,1072,208,5,706.13,3530.67,3,0.6704,0
C02503,1489,151,7,1671.09,11697.66,0,0.329,0
C02504,1231,297,10,1168.42,11684.23,0,0.1481,1
C02505,907,222,8,1187.58,9500.67,0,0.1975,0
C02506,150,283,6,943.74,5662.42,0,0.114,0
C02507,1080,276,5,373.46,1867.32,1,0.2988,0
C02508,852,95,6,343.7,2062.2,0,0.1338,0
C02509,1045,101,9,498.49,4486.37,3,0.3327,1
C02510,1025,328,7,272.24,1905.7,0,0.5909,0
C02511,358,306,5,1875.86,9379.32,0,0.5714,0
C02512,853,318,6,1053.58,6321.48,1,0.0634,1
C02513,902,65,7,501.39,3509.7,0,0.5024,0
C02514,787,134,7,2708.75,18961.24,0,0.1535,0
C02515,1300,395,3,578.2,1734.6,1,0.4319,1
C02516,941,143,8,602.47,4819.74,1,0.122,0
C02517,1150,187,1,969.49,969.49,1,0.0723,1
C02518,1016,362,6,753.14,4518.86,0,0.2803,1
C02519,702,197,2,1803.98,3607.97,0,0.2186,1
C02520,1009,354,6,2417.29,14503.77,1,0.0758,1
C02521,828,222,5,674.55,3372.75,1,0.1159,1
C02522,901,376,4,2222.84,8891.36,0,0.1263,1
C02523,972,116,6,949.56,5697.38,2,0.386,1
C02524,874,381,6,919.59,5517.51,0,0.0376,1
C02525,576,182,11,1905.92,20965.1,0,0.206,1
C02526,1038,106,1,855.93,855.93,1,0.4005,0
C02527,519,16,3,950.57,2851.72,0,0.1152,0
C02528,855,340,3,798.29,2394.88,0,0.0711,0
C02529,691,333,4,305.48,1221.93,0,0.599,1
C02530,832,134,5,647.66,3238.3,2,0.3194,0
C02531,1497,376,4,3042.14,12168.56,0,0.2053,1
C02532,926,48,5,690.04,3450.2,1,0.2183,0
C02533,1058,149,3,1936.69,5810.08,1,0.0506,1
C02534,572,371,8,334.26,2674.11,2,0.1676,1
C02535,225,337,8,405.1,3240.78,0,0.128,1
C02536,1436,260,7,1207.78,8454.45,1,0.3259,0
C02537,213,258,7,283.63,1985.41,0,0.3862,0
C02538,970,127,6,246.87,1481.23,0,0.352,1
C02539,230,120,7,378.99,2652.95,0,0.3392,1
C02540,1090,372,5,959.45,4797.23,0,0.6466,1
C02541,1325,88,5,564.85,2824.25,0,0.6779,0
C02542,71,114,6,616.04,3696.21,0,0.4153,0
C02543,243,227,9,783.17,7048.54,0,0.0979,0
C02544,727,298,7,335.41,2347.86,0,0.2942,1
C02545,692,105,5,1794.62,8973.11,1,0.2916,1
C02546,218,92,8,3100.24,24801.95,0,0.1318,0
C02547,975,273,8,633.96,5071.65,0,0.3123,1
C02548,420,49,3,1381.28,4143.83,0,0.1541,1
C02549,1221,104,6,479.24,2875.42,0,0.1049,0
C02550,462,223,8,1641.73,13133.81,0,0.1745,1
C02551,504,342,6,2081.02,12486.15,1,0.456,1
C02552,1026,210,5,1291.24,6456.18,0,0.6144,1
C02553,370,348,7,252.76,1769.33,0,0.1295,0
C02554,432,176,9,1275.43,11478.91,2,0.6073,0
C02555,181,196,8,695.8,5566.37,0,0.2797,0
C02556,342,246,6,1903.11,11418.64,0,0.2246,0
C02557,147,233,11,1495.72,16452.96,0,0.2321,0
C02558,207,158,8,1367.02,10936.2,0,0.1463,0
C02559,252,143,6,1369.5,8217.02,2,0.3764,1
C02560,889,243,6,1302.22,7813.3,1,0.4733,1
C02561,1037,350,7,1124.83,7873.81,1,0.2671,1
C02562,804,322,5,1631.22,8156.12,0,0.2014,1
C02563,132,355,4,1262.35,5049.4,0,0.2611,0
C02564,1492,350,6,1696.19,10177.11,0,0.4602,1
C02565,984,248,5,1287.3,6436.51,2,0.1503,0
C02566,1292,22,6,2163.56,12981.37,2,0.3815,0
C02567,1292,48,6,151.33,907.99,0,0.295,0
C02568,564,295,6,1495.79,8974.75,0,0.4046,0
C02569,791,206,4,1076.32,4305.26,0,0.1549,1
C02570,140,60,9,266.9,2402.13,0,0.453,1
C02571,1413,275,6,1494.76,8968.56,0,0.0758,0
C02572,1477,5,6,887.58,5325.5,2,0.5965,0
C02573,713,373,4,399.41,1597.62,2,0.4646,1
C02574,1061,363,10,1963.35,19633.48,0,0.1405,1
C02575,721,373,9,1479.85,13318.65,0,0.0857,0
C02576,329,129,3,654.34,1963.02,0,0.2555,1
C02577,263,311,5,1125.58,5627.88,0,0.3678,0
C02578,1353,123,4,1250.53,5002.11,1,0.4264,1
C02579,961,5,9,516.3,4646.67,0,0.3372,0
C02580,332,170,2,792.07,1584.14,2,0.271,1
C02581,1148,163,7,755.97,5291.82,0,0.1666,0
C02582,1412,118,4,696.1,2784.42,2,0.3248,1
C02583,326,373,5,1167.58,5837.89,1,0.299,1
C02584,412,141,2,433.6,867.2,0,0.1319,0
C02585,931,150,3,1276.29,3828.86,1,0.1435,0
C02586,284,369,6,751.11,4506.69,0,0.3756,1
C02587,640,242,5,325.66,1628.28,1,0.5137,1
C02588,974,380,4,626.35,2505.41,1,0.0692,1
C02589,1473,332,5,935.07,4675.33,1,0.1486,1
C02590,1360,50,9,1656.03,14904.29,1,0.0677,0
C02591,139,80,5,694.12,3470.62,1,0.4266,0
C02592,890,207,2,1454.53,2909.06,0,0.2438,0
C02593,606,78,9,883.48,7951.31,0,0.3182,0
C02594,379,217,7,1305.23,9136.59,1,0.391,0
C02595,636,370,2,1622.46,3244.91,0,0.255,0
C02596,1466,229,5,914.46,4572.29,3,0.0512,1
C02597,717,334,4,286.81,1147.25,2,0.2508,1
C02598,906,22,9,812.24,7310.16,1,0.4282,0
C02599,474,174,9,1647.71,14829.43,0,0.0559,0
C02600,1396,118,5,289.81,1449.04,1,0.2115,0
C02601,445,366,8,721.57,5772.53,2,0.1152,1
C02602,369,317,7,1814.76,12703.33,0,0.3721,1
C02603,548,225,6,652.44,3914.64,0,0.4426,0
C02604,434,389,5,1222.98,6114.92,0,0.2287,1
C02605,267,87,6,833.77,5002.6,0,0.2669,0
C02606,1054,92,6,681.61,4089.63,0,0.2886,0
C02607,221,141,7,2360.91,16526.36,0,0.4938,0
C02608,281,377,8,1756.6,14052.8,0,0.1704,1
C02609,1341,325,5,1313.74,6568.68,1,0.5846,1
C02610,203,46,9,1883.86,16954.71,1,0.0736,0
C02611,772,219,3,431.83,1295.48,0,0.4599,1
C02612,1397,232,6,720.01,4320.05,0,0.0909,1
C02613,1178,10,13,1213.56,15776.34,2,0.4631,0
C02614,1314,109,8,554.74,4437.89,1,0.2608,0
C02615,533,204,8,1487.36,11898.89,0,0.2651,0
C02616,1477,167,10,1700.03,17000.3,0,0.282,0
C02617,1396,5,7,204.88,1434.14,0,0.3175,0
C02618,607,285,8,232.37,1858.97,1,0.1289,0
C02619,1223,66,8,1049.83,8398.67,0,0.1335,0
C02620,132,275,6,1448.51,8691.09,2,0.3976,1
C02621,1443,261,4,454.58,1818.34,1,0.4324,1
C02622,509,180,5,636.98,3184.9,0,0.3545,1
C02623,1162,249,3,3830.48,11491.45,0,0.1299,1
C02624,384,108,6,851.34,5108.01,0,0.4121,0
C02625,1083,216,6,572.88,3437.28,1,0.2943,1
C02626,1186,386,7,1889.62,13227.36,1,0.318,1
C02627,901,248,10,771.81,7718.1,0,0.1304,0
C02628,55,24,11,1163.1,12794.05,0,0.4207,0
C02629,1200,165,10,1141.37,11413.72,0,0.1818,1
C02630,1414,243,7,977.02,6839.13,1,0.185,1
C02631,493,2,4,471.96,1887.83,1,0.1294,1
C02632,1466,231,8,2510.25,20082.04,1,0.2458,0
C02633,130,263,3,285.2,855.59,1,0.0671,0
C02634,609,185,6,654.16,3924.97,0,0.3146,0
C02635,558,288,10,1539.72,15397.19,1,0.1339,0
C02636,961,385,3,2297.18,6891.55,0,0.171,0
C02637,1166,224,5,1312.07,6560.33,0,0.3975,0
C02638,1244,366,8,1100.71,8805.69,0,0.0952,0
C02639,186,242,4,153.24,612.95,1,0.2454,1
C02640,1333,320,5,665.38,3326.9,0,0.3809,0
C02641,1340,74,8,673.43,5387.43,0,0.2548,0
C02642,564,376,3,1641.93,4925.78,2,0.2981,1
C02643,819,101,4,1013.84,4055.34,1,0.3587,0
C02644,895,9,9,236.9,2132.14,3,0.2093,0
C02645,1205,216,7,2934.7,20542.89,0,0.1051,0
C02646,559,392,6,1113.63,6681.8,0,0.4611,1
C02647,777,115,5,1202.59,6012.97,0,0.4601,0
C02648,1046,24,6,734.72,4408.35,0,0.2643,0
C02649,1267,89,5,1157.47,5787.33,1,0.3031,0
C02650,513,230,8,560.61,4484.85,1,0.2326,1
C02651,1492,312,2,752.03,1504.06,1,0.1904,1
C02652,1283,394,13,363.46,4724.96,1,0.2373,1
C02653,1218,246,7,884.06,6188.42,2,0.5312,0
C02654,913,283,8,1275.68,10205.47,1,0.3223,1
C02655,1319,40,7,522.43,3657.01,0,0.0993,0
C02656,1179,323,9,676.28,6086.53,0,0.4265,1
C02657,1239,335,7,508.94,3562.56,0,0.1775,1
C02658,167,70,5,597.55,2987.77,0,0.3136,1
C02659,691,213,7,383.08,2681.55,2,0.2211,1
C02660,1279,331,9,302.74,2724.66,0,0.3802,0
C02661,550,300,7,1094.75,7663.24,1,0.2585,0
C02662,594,176,3,1634.61,4903.84,1,0.309,1
C02663,860,219,9,1265.66,11390.92,2,0.0926,0
C02664,1146,138,5,1283.89,6419.44,0,0.3055,1
C02665,331,189,8,1498.51,11988.06,1,0.4454,1
C02666,983,121,3,639.88,1919.64,1,0.2352,1
C02667,678,284,4,368.05,1472.19,0,0.2485,0
C02668,1426,306,12,712.28,8547.34,1,0.4966,0
C02669,224,189,7,1848.73,12941.13,0,0.3636,1
C02670,113,68,4,680.11,2720.43,0,0.2406,1
C02671,471,256,5,329.11,1645.56,1,0.1686,0
C02672,1426,62,5,1696.99,8484.97,1,0.4196,0
C02673,1065,227,9,1002.83,9025.51,1,0.003,0
C02674,651,70,11,659.5,7254.48,1,0.6156,0
C02675,139,286,4,464.09,1856.36,1,0.3711,0
C02676,918,194,5,2137.58,10687.92,1,0.3405,0
C02677,1383,313,4,1334.05,5336.19,0,0.0484,1
C02678,1135,276,2,1259.63,2519.25,0,0.2866,0
C02679,102,282,5,305.5,1527.5,2,0.1155,1
C02680,1292,127,12,1725.42,20705.08,0,0.108,0
C02681,402,368,10,223.07,2230.75,0,0.4282,1
C02682,1194,212,8,1298.18,10385.42,2,0.1745,0
C02683,1438,375,5,584.04,2920.22,0,0.2243,1
C02684,526,274,9,655.89,5902.98,1,0.1486,0
C02685,1310,43,5,204.37,1021.87,1,0.0211,0
C02686,939,112,5,779.51,3897.55,1,0.4856,1
C02687,172,244,8,892.69,7141.5,0,0.3863,0
C02688,590,15,7,1410.35,9872.46,0,0.471,0
C02689,1312,232,8,1051.37,8410.93,0,0.5644,0
C02690,618,337,10,232.2,2321.99,0,0.0386,1
C02691,1275,18,8,2387.37,19098.96,0,0.2842,0
C02692,696,19,5,429.3,2146.5,1,0.1808,0
C02693,736,153,6,469.15,2814.87,1,0.3852,0
C02694,1463,377,2,401.23,802.46,1,0.2826,1
C02695,1307,106,6,1825.75,10954.5,1,0.4536,0
C02696,1291,121,12,707.76,8493.1,0,0.1827,0
C02697,742,167,4,644.76,2579.05,0,0.3645,0
C02698,955,86,12,2189.59,26275.08,0,0.2143,0
C02699,245,308,8,990.44,7923.51,1,0.3123,0
C02700,1329,250,3,393.23,1179.7,0,0.3647,1
C02701,360,115,5,88.59,442.95,0,0.0279,0
C02702,67,222,7,3309.69,23167.83,0,0.1456,0
C02703,518,369,8,1269.97,10159.73,0,0.2196,1
C02704,517,378,6,1005.57,6033.43,0,0.3331,1
C02705,530,351,5,1502.04,7510.22,3,0.2117,1
C02706,300,187,4,208.23,832.91,0,0.39,1
C02707,1117,253,5,560.97,2804.83,0,0.0802,0
C02708,261,83,8,779.43,6235.45,0,0.3233,0
C02709,345,394,6,942.77,5656.63,0,0.3734,0
C02710,1172,276,6,1550.69,9304.13,0,0.28,0
C02711,1128,5,7,1171.59,8201.15,0,0.5315,0
C02712,1459,378,9,957.9,8621.14,0,0.3598,0
C02713,842,140,7,2059.35,14415.45,3,0.1614,1
C02714,407,99,6,386.57,2319.44,3,0.3096,1
C02715,905,99,10,848.1,8480.97,2,0.4313,0
C02716,173,65,1,2306.9,2306.9,0,0.4002,1
C02717,1075,56,4,472.23,1888.93,0,0.3714,0
C02718,648,145,2,2337.17,4674.34,2,0.2896,0
C02719,1189,307,6,1009.49,6056.97,0,0.1937,0
C02720,450,224,7,1568.14,10976.99,0,0.1992,1
C02721,595,204,8,699.26,5594.08,1,0.1672,0
C02722,558,188,7,2276.47,15935.29,0,0.1034,0
C02723,1033,369,7,2016.35,14114.43,1,0.4949,1
C02724,1001,326,5,282.43,1412.16,0,0.1867,1
C02725,95,158,8,613.78,4910.22,3,0.1521,1
C02726,1346,370,5,1010.85,5054.23,1,0.3636,0
C02727,1162,383,3,1006.89,3020.68,0,0.165,0
C02728,1216,357,6,1979.41,11876.44,2,0.1452,1
C02729,1150,255,3,657.68,1973.03,2,0.6422,1
C02730,570,174,6,1208.07,7248.44,3,0.4171,1
C02731,1458,147,10,1197.64,11976.44,1,0.3143,1
C02732,1135,285,5,2443.47,12217.35,1,0.3635,1
C02733,294,259,4,865.54,3462.15,1,0.4025,1
C02734,444,13,6,953.67,5722.02,0,0.1091,0
C02735,223,355,4,1487.15,5948.62,1,0.4475,1
C02736,1136,67,3,276.45,829.35,0,0.1525,0
C02737,1385,22,3,2493.66,7480.99,0,0.3581,0
C02738,1146,300,5,613.49,3067.47,0,0.5606,0
C02739,520,174,6,223.49,1340.96,0,0.4185,1
C02740,1326,312,4,3979.66,15918.63,0,0.6616,1
C02741,921,21,3,2598.04,7794.11,0,0.1771,0
C02742,596,379,6,1074.33,6445.96,0,0.4286,1
C02743,1432,249,3,1658.55,4975.65,1,0.4176,1
C02744,767,26,2,217.37,434.75,1,0.4202,1
C02745,1023,5,7,495.45,3468.14,1,0.5801,0
C02746,882,171,12,631.31,7575.77,1,0.1371,0
C02747,419,205,6,479.09,2874.55,0,0.3029,0
C02748,1093,74,4,1589.34,6357.36,0,0.3425,0
C02749,214,78,7,382.9,2680.28,1,0.1034,0
C02750,678,10,5,1677.54,8387.7,0,0.1126,0
C02751,534,78,6,1259.81,7558.84,0,0.3996,0
C02752,1287,139,5,1232.06,6160.3,0,0.5211,1
C02753,1010,296,5,1160.47,5802.33,0,0.0703,1
C02754,587,268,6,948.68,5692.05,0,0.2147,0
C02755,1426,68,11,1741.83,19160.11,1,0.3269,0
C02756,1312,123,8,279.42,2235.34,0,0.1317,0
C02757,123,23,5,1164.8,5823.98,0,0.3413,0
C02758,941,374,6,573.73,3442.37,0,0.3822,1
C02759,667,154,10,1079.55,10795.5,0,0.2095,0
C02760,109,303,9,1301.31,11711.75,1,0.1067,0
C02761,1211,179,1,1303.18,1303.18,0,0.0699,1
C02762,491,105,6,1668.66,10011.98,1,0.2118,0
C02763,1314,140,5,1075.02,5375.1,1,0.2088,0
C02764,657,381,6,1555.35,9332.09,1,0.5057,1
C02765,1289,206,8,611.14,4889.1,0,0.2201,1
C02766,1013,282,3,940.74,2822.21,0,0.2641,1
C02767,1172,145,6,1375.57,8253.43,0,0.3059,1
C02768,931,48,7,1141.04,7987.27,0,0.2417,0
C02769,301,118,10,2126.91,21269.1,0,0.1627,0
C02770,747,265,7,106.7,746.88,0,0.4456,0
C02771,545,202,5,296.91,1484.54,0,0.26,0
C02772,305,303,9,191.33,1721.96,1,0.3407,0
C02773,894,12,1,1465.22,1465.22,2,0.1618,1
C02774,1008,132,5,1828.05,9140.23,2,0.1719,1
C02775,227,8,2,740.44,1480.87,1,0.2946,0
C02776,1371,80,5,1472.63,7363.15,0,0.4994,0
C02777,605,349,4,577.56,2310.24,0,0.3582,1
C02778,730,122,9,1016.61,9149.48,1,0.6544,0
C02779,340,265,9,1083.89,9754.99,0,0.101,0
C02780,330,8,4,564.23,2256.92,1,0.3424,0
C02781,465,137,4,729.73,2918.91,0,0.5443,0
C02782,285,130,3,852.89,2558.67,1,0.1892,0
C02783,1197,140,6,809.81,4858.87,1,0.1401,1
C02784,361,259,6,716.36,4298.19,0,0.3778,1
C02785,1036,142,5,911.01,4555.06,0,0.167,1
C02786,374,7,5,1845.69,9228.47,1,0.1794,0
C02787,38,346,7,2175.76,15230.31,1,0.5175,1
C02788,689,263,8,424.71,3397.69,0,0.0703,0
C02789,1404,388,7,1129.87,7909.11,0,0.0911,0
C02790,237,306,4,1700.48,6801.94,1,0.2711,1
C02791,802,120,6,2923.26,17539.53,0,0.1798,0
C02792,769,346,8,496.03,3968.25,0,0.2064,0
C02793,992,279,7,990.53,6933.73,0,0.3937,0
C02794,669,116,5,1249.82,6249.08,0,0.5273,1
C02795,941,99,6,1252.46,7514.76,1,0.2106,0
C02796,252,11,4,1133.85,4535.41,0,0.2561,0
C02797,134,294,7,992.42,6946.93,0,0.4015,0
C02798,308,44,5,370.27,1851.37,1,0.245,0
C02799,1336,380,6,816.52,4899.1,0,0.3817,1
C02800,537,103,7,2114.86,14804.04,0,0.0282,1
C02801,1035,14,7,1831.6,12821.18,0,0.5779,0
C02802,1391,351,6,407.01,2442.05,1,0.4223,1
C02803,408,25,2,90.83,181.65,0,0.4657,0
C02804,253,149,8,2062.34,16498.73,2,0.1619,0
C02805,155,318,5,424.96,2124.82,1,0.5352,1
C02806,1061,153,8,1233.98,9871.85,2,0.3704,0
C02807,1490,181,3,1592.75,4778.26,0,0.2955,0
C02808,744,288,8,799.37,6394.98,1,0.2606,0
C02809,1405,222,9,1294.56,11651.08,1,0.5116,0
C02810,770,83,2,1255.92,2511.85,0,0.3566,1
C02811,1092,155,3,663.36,1990.07,3,0.2671,1
C02812,386,146,9,790.41,7113.68,0,0.2481,0
C02813,816,21,7,1475.23,10326.6,0,0.4157,0
C02814,223,332,5,411.54,2057.71,1,0.1198,1
C02815,900,161,2,1470.26,2940.52,0,0.1964,1
C02816,408,125,9,749.4,6744.61,1,0.2391,0
C02817,754,59,12,1098.52,13182.27,0,0.1104,0
C02818,464,186,7,329.12,2303.82,0,0.2068,1
C02819,1295,129,8,563.87,4510.95,3,0.3389,0
C02820,1161,74,7,1688.31,11818.15,0,0.2608,0
C02821,1118,68,7,2675.25,18726.76,0,0.0769,0
C02822,1072,373,4,2074.66,8298.66,0,0.3887,1
C02823,132,342,4,796.1,3184.42,0,0.4242,1
C02824,576,254,5,636.24,3181.18,3,0.6689,1
C02825,511,100,8,1175.06,9400.46,3,0.5209,1
C02826,253,36,7,1038.21,7267.5,0,0.6384,0
C02827,1095,233,8,74.84,598.76,1,0.2686,1
C02828,1031,35,2,1199.91,2399.82,0,0.3521,0
C02829,1479,394,3,375.38,1126.15,0,0.286,1
C02830,1443,241,6,175.29,1051.72,1,0.1278,1
C02831,1144,396,8,568.05,4544.37,0,0.3604,0
C02832,1264,230,9,1314.55,11830.94,2,0.3188,0
C02833,759,261,6,667.43,4004.55,0,0.1658,0
C02834,307,188,6,1243.37,7460.2,1,0.0943,1
C02835,1160,123,2,1162.22,2324.44,0,0.1422,1
C02836,613,4,8,612.36,4898.9,0,0.2962,0
C02837,1095,201,3,2549.32,7647.96,1,0.4481,1
C02838,1077,359,8,231.96,1855.65,1,0.1877,0
C02839,1076,202,8,396.76,3174.07,2,0.0268,1
C02840,506,288,3,535.6,1606.81,0,0.5199,0
C02841,1421,350,5,274.41,1372.07,0,0.2591,1
C02842,1364,148,8,801.79,6414.34,2,0.0439,1
C02843,937,287,6,597.11,3582.65,2,0.2362,1
C02844,1469,220,9,865.42,7788.8,0,0.458,0
C02845,790,353,10,423.13,4231.29,0,0.2878,0
C02846,1461,272,2,900.53,1801.06,1,0.1185,1
C02847,1122,6,10,1044.45,10444.53,0,0.4841,0
C02848,633,15,10,1426.94,14269.39,1,0.4578,0
C02849,1332,389,9,966.03,8694.29,1,0.1431,0
C02850,1418,159,8,833.23,6665.83,0,0.3932,1
C02851,949,273,7,1671.45,11700.13,1,0.3681,0
C02852,462,358,9,1713.84,15424.59,0,0.6562,0
C02853,58,372,4,1905.36,7621.45,1,0.1084,1
C02854,303,294,3,916.79,2750.38,0,0.2251,1
C02855,136,316,7,1983.8,13886.58,0,0.3186,0
C02856,1280,308,6,307.31,1843.86,2,0.4691,1
C02857,1252,281,3,953.99,2861.96,0,0.108,1
C02858,765,384,9,2479.9,22319.06,0,0.2955,1
C02859,772,29,2,206.42,412.85,1,0.1782,1
C02860,1141,110,5,665.54,3327.68,1,0.169,0
C02861,1483,57,3,577.86,1733.59,0,0.3568,0
C02862,898,313,5,1957.17,9785.85,2,0.2058,1
C02863,349,83,6,1367.56,8205.34,0,0.1654,0
C02864,776,61,4,1240.87,4963.49,1,0.4533,0
C02865,1069,196,6,904.37,5426.24,1,0.1917,0
C02866,1060,75,4,1384.06,5536.25,1,0.0585,0
C02867,644,309,7,399.99,2799.93,0,0.2777,1
C02868,246,169,4,719.21,2876.84,1,0.2165,0
C02869,59,94,9,893.38,8040.39,0,0.2927,0
C02870,1018,230,8,1986.62,15893.0,0,0.2125,0
C02871,568,392,7,1214.95,8504.66,0,0.1,1
C02872,1452,296,6,1685.49,10112.96,0,0.0318,1
C02873,314,265,4,2480.5,9921.99,0,0.3064,1
C02874,762,277,5,238.51,1192.55,1,0.0814,1
C02875,828,295,5,1292.39,6461.94,0,0.5252,1
C02876,61,250,12,554.91,6658.87,2,0.3743,0
C02877,1306,360,5,1790.83,8954.13,3,0.1123,1
C02878,479,106,6,363.55,2181.3,0,0.1168,0
C02879,1488,205,7,933.9,6537.28,1,0.261,0
C02880,361,289,6,289.12,1734.72,0,0.1943,1
C02881,839,58,5,1193.69,5968.43,1,0.5707,0
C02882,1220,191,6,415.68,2494.07,0,0.4035,0
C02883,1396,171,5,954.68,4773.39,0,0.3917,0
C02884,247,122,5,2088.07,10440.33,0,0.4135,0
C02885,1311,212,6,898.39,5390.33,1,0.3857,1
C02886,978,281,6,322.02,1932.15,0,0.1616,0
C02887,318,388,5,561.68,2808.39,2,0.3618,1
C02888,626,177,8,613.5,4908.03,0,0.3988,0
C02889,69,28,7,2592.73,18149.1,1,0.3046,0
C02890,1449,393,10,1535.99,15359.91,0,0.2745,1
C02891,1293,131,12,1579.24,18950.85,0,0.1933,0
C02892,380,157,3,850.56,2551.69,0,0.4579,1
C02893,873,298,6,340.41,2042.48,0,0.3511,1
C02894,919,130,5,839.6,4197.99,0,0.4732,0
C02895,1171,282,2,401.19,802.38,1,0.4959,1
C02896,704,3,4,206.22,824.86,0,0.219,0
C02897,978,334,2,658.43,1316.86,2,0.1528,1
C02898,872,208,8,1975.76,15806.05,0,0.2742,0
C02899,363,383,1,739.33,739.33,1,0.2722,1
C02900,1167,241,3,955.14,2865.43,0,0.3704,0
C02901,694,225,6,539.41,3236.49,1,0.1538,0
C02902,388,197,4,1013.15,4052.59,0,0.1865,0
C02903,546,341,5,689.4,3447.02,2,0.1935,0
C02904,1200,71,4,469.98,1879.91,0,0.0969,0
C02905,1051,385,6,949.26,5695.56,0,0.5643,1
C02906,1429,146,7,491.68,3441.75,0,0.2235,0
C02907,112,52,2,405.57,811.14,0,0.4759,0
C02908,683,61,13,279.97,3639.64,0,0.1419,0
C02909,687,235,1,3603.06,3603.06,1,0.7352,1
C02910,839,368,4,898.32,3593.27,0,0.4644,1
C02911,389,181,5,502.88,2514.4,0,0.4222,0
C02912,924,74,4,1362.7,5450.8,2,0.2827,0
C02913,1069,308,7,4099.65,28697.55,1,0.4175,1
C02914,125,118,15,744.91,11173.68,1,0.257,0
C02915,713,79,8,1098.05,8784.39,0,0.2422,0
C02916,1324,260,8,1510.51,12084.1,0,0.2401,0
C02917,1059,343,10,1963.95,19639.5,1,0.1521,0
C02918,696,379,5,696.66,3483.32,0,0.2746,1
C02919,1196,178,5,1205.12,6025.58,0,0.3328,0
C02920,1273,378,4,629.17,2516.7,0,0.3011,1
C02921,1159,146,4,1256.23,5024.93,0,0.1547,0
C02922,1496,197,5,729.11,3645.56,0,0.0393,1
C02923,1387,286,3,4218.12,12654.37,0,0.1187,1
C02924,295,365,5,796.18,3980.92,0,0.342,1
C02925,174,132,4,1926.81,7707.24,0,0.2555,0
C02926,331,97,7,235.59,1649.12,1,0.3082,0
C02927,151,356,6,1791.6,10749.59,1,0.1349,1
C02928,929,54,4,1217.8,4871.2,0,0.6101,0
C02929,372,350,4,993.99,3975.97,0,0.3098,1
C02930,911,195,7,1103.01,7721.05,0,0.0794,0
C02931,698,12,8,743.67,5949.39,0,0.1042,0
C02932,416,293,3,634.59,1903.78,0,0.7627,1
C02933,763,73,6,849.61,5097.66,0,0.3306,0
C02934,1092,184,6,2405.28,14431.66,2,0.1472,1
C02935,1347,294,3,346.55,1039.65,0,0.3023,0
C02936,1197,183,5,205.85,1029.27,1,0.1868,0
C02937,1482,215,6,276.62,1659.74,0,0.4374,1
C02938,653,82,4,2397.27,9589.09,0,0.5139,1
C02939,527,32,4,1449.79,5799.15,1,0.344,0
C02940,1104,83,6,1242.33,7454.0,0,0.141,0
C02941,1426,164,1,814.05,814.05,0,0.3113,1
C02942,207,116,5,1066.47,5332.37,1,0.1833,1
C02943,404,14,3,986.69,2960.06,2,0.1845,0
C02944,97,179,8,440.77,3526.14,0,0.281,1
C02945,300,103,7,1539.26,10774.84,0,0.4861,0
C02946,565,326,5,388.77,1943.85,0,0.1874,1
C02947,1046,70,10,1244.97,12449.7,0,0.2269,0
C02948,963,231,6,970.45,5822.69,0,0.2713,0
C02949,586,330,9,952.69,8574.25,1,0.3066,1
C02950,549,188,7,1028.67,7200.7,1,0.3134,1
C02951,1204,342,7,827.56,5792.93,1,0.2705,0
C02952,1228,296,9,370.35,3333.19,1,0.4977,0
C02953,1362,330,7,728.82,5101.71,1,0.2243,0
C02954,852,131,6,1530.73,9184.38,2,0.3181,0
C02955,868,10,3,1064.59,3193.78,1,0.1817,0
C02956,353,298,3,1308.38,3925.13,0,0.4266,1
C02957,1311,299,7,1743.57,12204.96,0,0.4623,0
C02958,1391,365,3,1462.68,4388.05,1,0.4424,1
C02959,494,242,3,2308.18,6924.54,1,0.3165,1
C02960,453,217,7,778.63,5450.41,1,0.1547,1
C02961,126,274,6,472.88,2837.29,0,0.5244,1
C02962,1139,293,4,1107.13,4428.53,0,0.3188,0
C02963,835,19,12,1433.1,17197.14,1,0.3983,0
C02964,518,277,9,862.33,7760.94,1,0.2234,0
C02965,1447,82,6,427.54,2565.26,0,0.489,0
C02966,330,217,10,582.78,5827.78,0,0.135,0
C02967,939,83,2,606.02,1212.04,0,0.4552,0
C02968,185,182,3,1144.14,3432.41,0,0.2613,1
C02969,1100,64,6,1895.89,11375.36,0,0.2789,0
C02970,63,352,5,953.61,4768.04,0,0.1217,1
C02971,1369,229,3,280.57,841.71,1,0.3297,1
C02972,713,11,12,1772.87,21274.38,0,0.1372,0
C02973,1173,133,5,590.52,2952.62,0,0.2325,1
C02974,286,32,7,1434.8,10043.6,0,0.4204,0
C02975,915,183,7,1076.21,7533.49,0,0.3129,0
C02976,191,96,8,1199.85,9598.77,0,0.4227,0
C02977,1224,287,5,850.75,4253.75,1,0.2277,1
C02978,59,383,9,291.4,2622.61,0,0.3258,1
C02979,521,217,9,2355.96,21203.64,1,0.2111,1
C02980,1436,2,5,136.69,683.44,1,0.2987,1
C02981,886,182,6,435.82,2614.92,0,0.0965,0
C02982,612,384,6,948.81,5692.84,0,0.4688,1
C02983,1331,363,5,1682.47,8412.37,0,0.0793,1
C02984,221,213,5,2085.92,10429.61,0,0.5722,0
C02985,646,255,3,252.43,757.28,0,0.1366,1
C02986,1146,138,5,848.43,4242.13,1,0.3315,1
C02987,1239,274,9,1339.68,12057.11,0,0.1257,0
C02988,1020,350,8,582.82,4662.54,1,0.1678,0
C02989,1103,71,7,1214.2,8499.41,1,0.3468,0
C02990,219,371,6,1928.43,11570.61,0,0.2611,0
C02991,516,241,5,2355.65,11778.27,0,0.3622,0
C02992,1131,25,7,1572.62,11008.32,1,0.0768,0
C02993,982,206,8,761.53,6092.22,1,0.2142,0
C02994,1435,57,8,916.17,7329.39,1,0.3493,0
C02995,678,377,5,486.75,2433.76,0,0.2325,0
C02996,1452,373,6,1410.24,8461.43,2,0.3813,1
C02997,544,296,9,832.69,7494.2,0,0.4373,0
C02998,291,76,8,576.06,4608.47,0,0.3267,0
C02999,1054,335,8,865.42,6923.38,0,0.1272,1
C03000,1311,389,7,447.36,3131.55,0,0.0507,1
C03001,258,263,9,473.8,4264.16,0,0.1535,0
C03002,1344,208,5,94.49,472.45,0,0.5944,1
C03003,998,130,4,933.76,3735.04,0,0.3152,1
C03004,711,226,7,1095.52,7668.67,1,0.324,0
C03005,256,264,5,1135.25,5676.25,0,0.4796,1
C03006,333,88,8,195.75,1565.98,0,0.2696,0
C03007,748,387,11,698.92,7688.08,0,0.1396,1
C03008,562,239,6,1112.35,6674.12,0,0.4078,0
C03009,1147,129,10,1001.62,10016.17,0,0.3343,0
C03010,519,21,2,2140.02,4280.04,2,0.1351,1
C03011,1006,68,10,885.7,8856.99,1,0.0206,0
C03012,726,289,10,788.48,7884.85,0,0.108,0
C03013,588,124,4,680.94,2723.77,0,0.3128,1
C03014,1249,72,5,948.78,4743.9,1,0.3078,0
C03015,691,311,4,1740.28,6961.13,2,0.4282,1
C03016,710,313,5,663.16,3315.81,1,0.1713,1
C03017,390,34,9,1032.84,9295.54,2,0.156,0
C03018,986,133,7,1399.69,9797.81,1,0.4292,0
C03019,638,371,5,284.75,1423.73,1,0.1203,1
C03020,59,48,3,507.06,1521.17,2,0.5709,1
C03021,1359,285,8,561.17,4489.33,0,0.0837,0
C03022,705,146,6,395.3,2371.83,2,0.7334,0
C03023,1268,243,7,606.66,4246.65,2,0.3019,0
C03024,97,243,4,259.51,1038.04,0,0.1936,0
C03025,173,70,9,1527.85,13750.68,2,0.7226,0
C03026,582,278,5,494.48,2472.4,0,0.2716,0
C03027,298,217,4,631.69,2526.74,0,0.2625,1
C03028,75,134,6,554.38,3326.25,1,0.163,1
C03029,84,6,5,917.76,4588.8,0,0.257,0
C03030,1022,399,3,419.38,1258.13,0,0.3783,1
C03031,641,227,9,1749.11,15741.99,0,0.1796,0
C03032,262,131,8,1009.78,8078.23,0,0.0734,1
C03033,1247,119,6,1473.96,8843.77,0,0.152,0
C03034,615,136,5,1928.35,9641.73,2,0.167,0
C03035,880,214,5,731.18,3655.91,1,0.3335,1
C03036,445,375,8,495.91,3967.28,2,0.3848,1
C03037,376,144,4,1456.87,5827.48,0,0.194,1
C03038,1455,332,4,1122.76,4491.05,0,0.0675,1
C03039,608,176,9,1920.16,17281.42,1,0.1817,0
C03040,1260,213,5,576.42,2882.1,1,0.222,0
C03041,167,223,7,1127.76,7894.29,1,0.2423,1
C03042,395,358,5,729.69,3648.45,1,0.4194,1
C03043,594,381,3,1339.33,4017.98,0,0.1624,1
C03044,598,231,6,1217.03,7302.21,1,0.2751,1
C03045,580,393,2,942.84,1885.67,1,0.3717,1
C03046,690,174,8,451.87,3614.97,0,0.144,1
C03047,423,245,7,510.47,3573.31,1,0.1703,0
C03048,1055,347,9,603.6,5432.42,0,0.0231,0
C03049,339,56,3,1841.15,5523.45,0,0.1478,1
C03050,1104,308,5,692.62,3463.11,1,0.4791,1
C03051,347,18,6,1033.79,6202.77,0,0.3938,0
C03052,868,24,8,1678.31,13426.5,1,0.2178,0
C03053,241,397,6,448.77,2692.63,0,0.2866,1
C03054,912,34,4,2174.46,8697.86,0,0.2104,0
C03055,232,252,9,1014.8,9133.21,1,0.2862,0
C03056,512,255,6,750.26,4501.59,1,0.4628,1
C03057,1469,239,6,403.15,2418.87,1,0.3961,1
C03058,282,36,7,2224.68,15572.73,2,0.4044,1
C03059,989,16,3,1112.86,3338.59,0,0.5263,0
C03060,1472,10,3,715.45,2146.36,2,0.5061,1
C03061,972,376,10,1020.96,10209.62,1,0.3057,1
C03062,684,299,9,514.33,4628.95,0,0.1703,0
C03063,608,63,7,1407.31,9851.19,0,0.3939,0
C03064,578,189,4,1156.13,4624.52,1,0.4186,1
C03065,275,216,5,1178.34,5891.7,2,0.1098,1
C03066,644,156,1,1698.34,1698.34,1,0.1853,1
C03067,747,120,5,585.96,2929.81,0,0.475,0
C03068,665,47,6,700.56,4203.36,0,0.3689,0
C03069,581,153,4,615.39,2461.56,0,0.0236,0
C03070,1455,13,6,1513.92,9083.54,0,0.257,0
C03071,386,131,8,1691.36,13530.85,0,0.4412,0
C03072,1244,280,6,861.91,5171.46,2,0.1793,1
C03073,1147,104,8,337.35,2698.81,0,0.1116,0
C03074,1133,390,3,323.19,969.58,1,0.2712,1
C03075,373,104,8,553.83,4430.63,0,0.3033,0
C03076,1430,348,7,694.19,4859.34,0,0.4243,0
C03077,1087,32,7,438.48,3069.33,0,0.3105,0
C03078,30,226,9,843.74,7593.66,1,0.5218,0
C03079,215,8,8,571.78,4574.24,1,0.075,0
C03080,976,183,4,1650.58,6602.31,0,0.4637,0
C03081,762,161,7,1083.4,7583.81,0,0.1857,0
C03082,837,39,7,2178.24,15247.71,2,0.404,0
C03083,1027,32,6,804.5,4827.0,0,0.5338,0
C03084,815,284,8,2019.92,16159.4,0,0.2386,0
C03085,1041,138,10,877.94,8779.44,0,0.4613,1
C03086,253,96,8,593.57,4748.58,1,0.4217,0
C03087,1470,96,7,869.66,6087.59,0,0.43,0
C03088,717,193,4,532.8,2131.21,0,0.6389,1
C03089,695,199,5,762.04,3810.21,1,0.1258,1
C03090,1446,312,9,543.94,4895.49,0,0.3295,0
C03091,585,252,5,669.85,3349.27,1,0.622,1
C03092,988,274,5,1331.16,6655.8,0,0.5908,1
C03093,1124,155,9,836.82,7531.35,0,0.2481,0
C03094,851,370,7,608.48,4259.37,0,0.305,1
C03095,124,183,8,363.05,2904.44,0,0.3281,0
C03096,374,330,6,766.03,4596.19,1,0.2824,1
C03097,752,395,7,1366.45,9565.14,0,0.5978,0
C03098,1028,298,5,1909.48,9547.42,0,0.2387,0
C03099,1310,175,6,587.02,3522.11,0,0.6139,0
C03100,252,383,4,1437.89,5751.58,0,0.3418,1
C03101,419,166,8,2094.3,16754.41,1,0.126,0
C03102,846,26,5,1971.7,9858.48,2,0.0547,0
C03103,768,227,10,1523.88,15238.78,3,0.1025,0
C03104,167,223,9,1901.03,17109.31,0,0.3676,1
C03105,268,12,4,1165.49,4661.98,1,0.1385,1
C03106,722,344,3,2337.19,7011.56,0,0.3735,1
C03107,1418,196,8,2182.69,17461.54,2,0.388,1
C03108,141,336,7,1326.53,9285.68,1,0.5183,1
C03109,1277,16,6,1056.83,6341.0,2,0.0707,0
C03110,1240,106,7,765.81,5360.7,0,0.2735,0
C03111,1156,110,5,1606.01,8030.03,0,0.3149,0
C03112,258,323,7,197.42,1381.94,1,0.3351,1
C03113,246,311,6,251.26,1507.53,0,0.3629,1
C03114,540,18,8,371.16,2969.31,1,0.3695,0
C03115,770,82,4,761.13,3044.51,0,0.1717,0
C03116,1014,73,5,1293.6,6467.99,1,0.1903,0
C03117,344,196,6,574.75,3448.52,1,0.3993,0
C03118,1253,296,6,710.65,4263.88,1,0.4205,1
C03119,1379,277,9,3360.49,30244.43,0,0.075,0
C03120,1309,28,6,989.91,5939.48,1,0.2875,0
C03121,1396,391,6,3733.68,22402.07,0,0.0781,1
C03122,1469,364,6,725.72,4354.32,0,0.1549,1
C03123,1103,256,4,695.19,2780.75,1,0.0624,0
C03124,160,362,3,2553.7,7661.09,0,0.409,1
C03125,997,353,2,697.94,1395.88,1,0.2156,1
C03126,1059,359,8,689.56,5516.47,0,0.4904,0
C03127,388,81,9,212.88,1915.95,0,0.2876,0
C03128,52,257,4,1086.61,4346.46,1,0.1248,1
C03129,137,30,3,909.92,2729.76,2,0.5073,1
C03130,1188,6,10,652.57,6525.71,0,0.3244,0
C03131,1262,196,6,1769.93,10619.59,0,0.5014,0
C03132,129,381,8,1382.82,11062.54,1,0.3138,1
C03133,380,228,7,527.12,3689.85,1,0.1925,0
C03134,896,374,4,1153.41,4613.62,0,0.4478,0
C03135,422,128,6,929.11,5574.66,1,0.1549,1
C03136,852,263,4,1433.2,5732.8,0,0.1762,0
C03137,407,287,3,2359.69,7079.07,1,0.2922,1
C03138,818,24,6,538.97,3233.82,0,0.2044,0
C03139,541,220,6,642.81,3856.85,1,0.0297,1
C03140,125,323,5,984.96,4924.79,0,0.0831,0
C03141,506,235,6,651.58,3909.46,1,0.1309,1
C03142,1066,347,3,1417.68,4253.04,0,0.1984,0
C03143,406,358,7,868.51,6079.57,0,0.3936,0
C03144,437,399,9,679.71,6117.4,1,0.3538,1
C03145,218,66,5,1118.43,5592.14,3,0.2694,1
C03146,212,257,7,661.88,4633.16,0,0.354,1
C03147,1170,130,8,1560.16,12481.25,0,0.0317,0
C03148,48,71,3,630.07,1890.21,2,0.3044,1
C03149,1416,304,8,1211.41,9691.3,1,0.4646,0
C03150,1494,387,7,269.87,1889.06,1,0.1057,0
C03151,252,198,6,1530.41,9182.49,0,0.2162,0
C03152,1128,133,7,2231.78,15622.47,2,0.1186,1
C03153,877,354,4,92.34,369.37,3,0.1556,0
C03154,1297,7,6,584.24,3505.46,0,0.2075,1
C03155,676,63,4,983.96,3935.85,0,0.0622,0
C03156,144,253,6,1139.3,6835.83,0,0.2279,1
C03157,689,182,2,1513.17,3026.34,0,0.3447,0
C03158,122,5,5,760.65,3803.25,0,0.1705,0
C03159,1140,307,6,2089.9,12539.42,1,0.2014,0
C03160,526,337,10,1136.76,11367.63,0,0.2393,1
C03161,1138,250,4,3617.52,14470.09,0,0.196,0
C03162,1087,284,5,781.52,3907.59,0,0.3098,0
C03163,122,58,9,2004.51,18040.59,1,0.1335,0
C03164,892,49,6,742.4,4454.41,0,0.0347,1
C03165,1341,279,6,532.14,3192.83,0,0.1875,1
C03166,1095,152,8,797.52,6380.17,1,0.3544,0
C03167,49,218,4,467.25,1868.99,2,0.0329,1
C03168,726,339,5,1423.02,7115.09,2,0.024,1
C03169,674,389,5,1351.4,6757.02,1,0.1663,1
C03170,95,19,6,1115.82,6694.9,0,0.243,0
C03171,167,253,6,763.86,4583.19,0,0.2741,1
C03172,1009,357,3,341.53,1024.59,2,0.1395,1
C03173,1009,127,5,2013.43,10067.17,1,0.3564,1
C03174,821,224,9,1300.49,11704.45,0,0.1135,1
C03175,641,216,3,880.57,2641.71,0,0.6166,1
C03176,385,301,8,1256.69,10053.53,1,0.2625,1
C03177,235,53,9,1481.78,13336.02,0,0.2139,1
C03178,1151,157,9,2059.4,18534.56,0,0.1317,0
C03179,526,299,4,1291.1,5164.39,1,0.0866,1
C03180,1044,182,4,402.16,1608.62,1,0.359,0
C03181,411,343,9,363.21,3268.92,1,0.294,0
C03182,686,108,3,752.22,2256.66,1,0.2449,1
C03183,991,234,6,1296.68,7780.07,0,0.1626,0
C03184,1095,361,6,1790.57,10743.44,1,0.1363,1
C03185,1014,226,6,714.87,4289.23,0,0.2415,0
C03186,983,283,3,985.05,2955.16,0,0.1847,0
C03187,837,43,3,458.87,1376.6,0,0.0503,0
C03188,1324,100,6,542.66,3255.95,1,0.1549,0
C03189,1175,72,6,2105.87,12635.23,0,0.2623,0
C03190,49,331,5,2121.73,10608.64,0,0.3709,1
C03191,62,383,5,1730.54,8652.72,0,0.3252,1
C03192,1184,398,7,599.53,4196.7,1,0.3702,1
C03193,994,158,4,1507.16,6028.65,0,0.1028,1
C03194,263,92,8,490.02,3920.16,0,0.2364,0
C03195,990,310,4,382.76,1531.05,1,0.1765,0
C03196,333,154,3,1257.74,3773.23,0,0.2199,1
C03197,709,356,5,992.45,4962.27,0,0.4459,1
C03198,199,104,5,790.69,3953.47,0,0.0475,0
C03199,1262,36,5,457.61,2288.07,0,0.0353,0
C03200,32,103,3,1101.74,3305.21,1,0.1428,1
C03201,138,355,4,656.24,2624.94,1,0.197,1
C03202,1459,119,3,945.81,2837.44,0,0.2267,0
C03203,1148,68,8,1229.52,9836.17,1,0.4196,0
C03204,426,249,5,1441.18,7205.89,0,0.133,1
C03205,491,308,7,1802.56,12617.92,1,0.461,1
C03206,208,206,9,362.2,3259.76,0,0.3871,0
C03207,76,107,3,997.19,2991.58,2,0.066,1
C03208,115,364,11,1570.39,17274.28,1,0.22,0
C03209,64,339,5,2066.84,10334.18,1,0.1085,1
C03210,1212,245,9,276.64,2489.8,1,0.1161,0
C03211,389,183,8,859.68,6877.41,0,0.1269,0
C03212,710,321,3,877.25,2631.76,3,0.1859,1
C03213,892,185,3,785.24,2355.72,2,0.1511,1
C03214,1037,239,5,1042.57,5212.84,0,0.3292,0
C03215,935,232,6,943.03,5658.15,0,0.4039,1
C03216,750,213,8,963.37,7706.93,2,0.08,1
C03217,197,340,5,601.78,3008.92,0,0.0888,1
C03218,695,166,3,882.22,2646.67,1,0.4567,0
C03219,456,119,8,278.01,2224.11,1,0.1724,0
C03220,440,202,7,703.4,4923.77,0,0.2602,0
C03221,181,391,8,600.26,4802.12,1,0.1062,1
C03222,333,195,7,606.78,4247.45,0,0.1734,0
C03223,1259,333,5,1473.81,7369.07,0,0.0367,1
C03224,852,352,5,1678.46,8392.3,2,0.0931,0
C03225,1283,154,6,184.34,1106.02,2,0.1921,1
C03226,1182,210,9,478.65,4307.86,0,0.4083,0
C03227,330,10,5,678.94,3394.69,0,0.405,0
C03228,1491,158,3,909.37,2728.1,2,0.3879,1
C03229,1351,70,3,363.07,1089.21,0,0.6406,0
C03230,1039,49,3,1823.42,5470.27,0,0.2337,0
C03231,150,222,3,976.31,2928.94,0,0.1262,1
C03232,1133,251,2,1019.41,2038.83,2,0.2517,1
C03233,820,332,2,1025.08,2050.16,0,0.1106,1
C03234,1357,228,4,1377.15,5508.6,0,0.1666,0
C03235,1084,377,8,603.96,4831.71,0,0.2131,0
C03236,46,93,8,531.15,4249.16,1,0.1085,0
C03237,618,152,6,577.64,3465.82,0,0.3054,0
C03238,130,356,9,1987.07,17883.6,1,0.6035,1
C03239,170,16,6,1154.77,6928.61,1,0.2701,0
C03240,43,273,4,283.58,1134.32,0,0.3042,1
C03241,1154,282,10,481.16,4811.63,1,0.6815,0
C03242,381,118,6,424.84,2549.06,0,0.302,0
C03243,1187,124,9,520.78,4686.99,1,0.1575,0
C03244,1113,218,9,92.11,829.01,0,0.3065,0
C03245,511,237,4,2473.93,9895.71,1,0.2936,1
C03246,987,56,5,1486.64,7433.2,0,0.2425,0
C03247,62,160,2,3549.52,7099.05,0,0.401,1
C03248,324,327,8,884.03,7072.22,2,0.4283,1
C03249,1382,252,5,811.15,4055.76,0,0.4913,0
C03250,84,53,4,762.26,3049.04,0,0.0854,0
C03251,149,99,7,317.91,2225.36,0,0.2966,0
C03252,977,14,4,1503.01,6012.02,0,0.1484,0
C03253,414,62,3,2323.81,6971.42,2,0.2994,1
C03254,432,22,3,435.4,1306.19,1,0.1507,0
C03255,670,68,5,867.56,4337.81,0,0.1006,0
C03256,1436,311,6,897.77,5386.63,0,0.4758,0
C03257,685,367,4,245.44,981.77,0,0.7335,1
C03258,596,366,3,1854.55,5563.65,0,0.1598,1
C03259,797,346,5,1072.22,5361.09,1,0.3868,0
C03260,856,11,4,1947.04,7788.18,1,0.1932,0
C03261,339,340,5,521.25,2606.27,0,0.1847,1
C03262,142,260,4,1764.66,7058.66,1,0.5386,1
C03263,600,245,5,1870.04,9350.21,1,0.4492,0
C03264,802,35,4,1126.93,4507.73,1,0.1054,1
C03265,1400,163,6,428.5,2571.0,0,0.0964,1
C03266,449,116,7,447.16,3130.1,1,0.0399,0
C03267,1332,89,8,1748.12,13984.99,2,0.0683,0
C03268,641,254,5,1841.07,9205.35,0,0.3376,1
C03269,163,260,5,440.65,2203.27,1,0.0607,0
C03270,81,46,2,1240.42,2480.85,0,0.4768,1
C03271,1178,127,5,1423.58,7117.9,0,0.3082,1
C03272,806,208,8,1697.49,13579.92,1,0.061,0
C03273,839,238,2,1866.49,3732.98,0,0.3401,1
C03274,1180,101,2,285.66,571.31,0,0.2116,1
C03275,79,143,4,853.11,3412.46,1,0.4163,1
C03276,149,153,7,399.7,2797.92,0,0.4458,0
C03277,1188,5,5,2140.02,10700.08,1,0.1004,0
C03278,634,280,6,506.05,3036.28,2,0.1146,1
C03279,257,248,8,213.06,1704.49,1,0.2472,0
C03280,1106,348,10,1241.12,12411.22,2,0.2999,1
C03281,388,395,4,1838.71,7354.84,0,0.2924,1
C03282,783,281,8,909.2,7273.63,1,0.2052,0
C03283,141,189,8,350.63,2805.03,1,0.507,0
C03284,440,53,4,580.75,2323.0,0,0.2417,0
C03285,1155,60,7,1115.25,7806.72,2,0.4241,0
C03286,67,40,5,1132.67,5663.33,0,0.4037,0
C03287,1068,298,7,809.75,5668.22,0,0.2082,0
C03288,84,176,5,1132.64,5663.19,0,0.3495,0
C03289,1258,201,7,942.64,6598.47,0,0.5988,0
C03290,1308,336,4,77.81,311.24,1,0.1949,1
C03291,774,284,7,729.07,5103.51,0,0.201,0
C03292,1222,217,7,1521.55,10650.84,0,0.1376,0
C03293,663,352,4,696.39,2785.56,0,0.163,0
C03294,1020,244,8,705.61,5644.92,0,0.3754,0
C03295,840,111,7,1795.3,12567.1,0,0.6113,0
C03296,826,337,7,2698.7,18890.93,0,0.07,1
C03297,40,103,5,517.84,2589.22,1,0.1065,0
C03298,918,5,6,729.1,4374.62,1,0.2874,1
C03299,1173,187,5,1119.64,5598.19,0,0.09,0
C03300,1452,331,9,731.08,6579.71,2,0.2458,0
C03301,1247,34,5,817.58,4087.88,0,0.1679,0
C03302,591,332,8,656.73,5253.87,0,0.5147,0
C03303,117,40,5,1770.24,8851.19,0,0.5027,0
C03304,96,318,5,2178.84,10894.2,0,0.5628,1
C03305,1367,203,5,940.23,4701.13,0,0.4221,1
C03306,1059,214,3,1342.97,4028.92,0,0.3037,0
C03307,634,158,4,609.28,2437.12,0,0.5554,0
C03308,146,332,4,373.24,1492.94,0,0.2124,1
C03309,377,159,5,4919.08,24595.39,0,0.2216,0
C03310,332,227,5,712.81,3564.06,0,0.4723,0
C03311,87,257,9,1493.48,13441.3,0,0.3709,1
C03312,417,50,4,1143.05,4572.18,1,0.0807,0
C03313,1471,372,6,2594.9,15569.38,3,0.2419,1
C03314,1371,83,4,520.11,2080.42,0,0.5172,1
C03315,1006,374,4,789.43,3157.73,0,0.1697,1
C03316,446,259,14,489.88,6858.32,1,0.0296,0
C03317,936,161,7,407.82,2854.72,0,0.0716,0
C03318,341,365,6,918.96,5513.78,1,0.5353,1
C03319,245,259,7,267.99,1875.94,1,0.1783,1
C03320,385,191,7,1035.86,7251.02,0,0.3285,1
C03321,1210,159,4,489.15,1956.59,2,0.2997,0
C03322,1237,73,6,1776.92,10661.51,1,0.3873,0
C03323,896,297,6,2468.2,14809.2,1,0.2992,1
C03324,1324,144,6,191.21,1147.29,0,0.4544,0
C03325,552,201,4,876.98,3507.93,0,0.1035,0
C03326,85,0,10,386.87,3868.66,1,0.4534,0
C03327,950,50,5,504.97,2524.86,0,0.1587,0
C03328,1121,47,7,354.49,2481.41,0,0.4763,1
C03329,234,218,8,688.44,5507.5,0,0.6041,0
C03330,197,203,7,720.65,5044.57,0,0.3026,0
C03331,654,397,10,739.63,7396.35,1,0.2729,0
C03332,968,134,4,415.18,1660.71,1,0.0527,0
C03333,261,108,7,198.56,1389.91,0,0.3771,0
C03334,1000,208,3,1042.06,3126.18,0,0.2456,0
C03335,198,307,7,2627.09,18389.64,1,0.2473,1
C03336,488,214,10,1331.37,13313.67,0,0.1084,0
C03337,1491,114,5,1623.43,8117.16,0,0.1285,1
C03338,106,141,5,721.91,3609.53,2,0.1482,0
C03339,449,290,5,1008.32,5041.59,0,0.2136,0
C03340,483,318,2,1221.5,2443.0,3,0.548,1
C03341,46,189,4,277.9,1111.58,1,0.1428,1
C03342,1003,232,6,631.08,3786.45,0,0.4242,1
C03343,351,285,6,876.82,5260.93,0,0.5835,1
C03344,577,3,9,808.39,7275.5,1,0.4175,0
C03345,568,333,3,442.23,1326.7,0,0.2726,1
C03346,1240,171,10,1456.52,14565.23,0,0.1073,0
C03347,49,7,5,1067.22,5336.12,0,0.1407,1
C03348,660,346,10,1202.6,12026.04,1,0.0408,1
C03349,953,256,6,1236.36,7418.19,0,0.2323,0
C03350,1299,311,5,658.54,3292.7,1,0.4986,1
C03351,797,26,7,2738.98,19172.85,0,0.4018,0
C03352,250,188,9,1750.72,15756.52,0,0.6302,1
C03353,530,379,6,836.83,5020.96,0,0.1483,1
C03354,455,149,4,605.31,2421.23,0,0.1966,0
C03355,1335,206,3,419.05,1257.16,0,0.5751,0
C03356,1013,156,4,1025.43,4101.7,0,0.5197,0
C03357,387,116,2,1828.43,3656.87,1,0.1689,1
C03358,1039,343,5,504.75,2523.74,2,0.2333,1
C03359,164,269,6,918.71,5512.26,0,0.1837,0
C03360,1173,200,4,1056.16,4224.63,0,0.0495,1
C03361,182,272,5,667.65,3338.27,2,0.6305,1
C03362,106,188,2,1227.25,2454.49,2,0.0782,1
C03363,1194,183,3,472.12,1416.36,0,0.2231,0
C03364,823,221,7,247.21,1730.45,1,0.118,1
C03365,531,360,1,1769.77,1769.77,1,0.1875,1
C03366,330,270,6,753.64,4521.81,0,0.2305,1
C03367,1356,385,7,1024.57,7172.01,0,0.4616,1
C03368,1009,371,7,1046.12,7322.84,2,0.0236,1
C03369,148,183,10,1152.63,11526.32,0,0.5514,1
C03370,370,34,10,1395.95,13959.55,1,0.3473,0
C03371,824,285,7,305.36,2137.55,0,0.3966,0
C03372,954,196,8,411.33,3290.6,1,0.4896,1
C03373,457,2,7,326.26,2283.85,2,0.2152,0
C03374,147,24,5,1021.46,5107.3,0,0.4357,0
C03375,1413,122,7,440.29,3082.02,1,0.3442,0
C03376,1332,134,9,691.5,6223.48,0,0.2877,0
C03377,731,334,8,704.18,5633.44,1,0.3997,0
C03378,435,230,2,2747.3,5494.6,0,0.1306,0
C03379,430,49,5,224.15,1120.73,0,0.3346,0
C03380,314,211,3,892.62,2677.87,1,0.1807,1
C03381,77,13,7,383.21,2682.5,0,0.4096,0
C03382,1498,191,8,2279.36,18234.91,1,0.0655,0
C03383,748,273,6,1095.95,6575.71,1,0.325,1
C03384,367,156,4,405.59,1622.34,0,0.3325,0
C03385,257,149,5,1479.71,7398.54,1,0.3132,1
C03386,753,371,7,703.13,4921.91,0,0.2787,0
C03387,139,355,5,2917.89,14589.46,0,0.3178,1
C03388,1250,204,6,1673.36,10040.16,0,0.0716,1
C03389,251,385,6,2092.74,12556.46,0,0.3384,0
C03390,1406,248,6,1095.44,6572.67,2,0.5853,1
C03391,798,138,5,398.98,1994.91,0,0.4229,0
C03392,673,56,7,180.62,1264.32,1,0.372,0
C03393,392,388,10,1196.13,11961.34,2,0.2789,1
C03394,926,24,3,416.18,1248.55,1,0.2363,0
C03395,651,277,10,798.43,7984.27,1,0.2931,1
C03396,467,270,10,1635.46,16354.57,1,0.412,0
C03397,799,178,3,379.71,1139.14,2,0.4001,1
C03398,91,321,10,728.1,7280.96,1,0.319,1
C03399,102,218,8,1648.89,13191.12,1,0.1137,0
C03400,1485,177,9,876.85,7891.67,0,0.3762,0
C03401,848,360,1,358.15,358.15,1,0.2607,1
C03402,1308,51,8,921.55,7372.41,0,0.2794,0
C03403,690,39,4,790.96,3163.83,0,0.6187,0
C03404,1336,40,3,1507.0,4521.0,1,0.3077,1
C03405,847,140,7,412.24,2885.7,0,0.3947,0
C03406,957,314,7,1790.67,12534.7,0,0.3791,0
C03407,1058,153,5,1135.15,5675.75,2,0.2244,0
C03408,384,83,12,852.44,10229.27,1,0.5578,0
C03409,1074,163,9,740.74,6666.66,0,0.1714,1
C03410,127,98,5,1580.32,7901.62,0,0.1443,0
C03411,1052,243,8,503.78,4030.25,4,0.3664,1
C03412,753,185,5,1013.58,5067.91,0,0.2579,1
C03413,141,77,8,736.09,5888.7,1,0.3649,1
C03414,380,267,12,2063.09,24757.12,1,0.1544,1
C03415,1359,232,8,1507.53,12060.25,0,0.446,1
C03416,713,382,12,861.76,10341.17,0,0.0777,0
C03417,1221,375,7,732.21,5125.47,1,0.5135,1
C03418,1123,171,8,255.91,2047.3,0,0.0546,0
C03419,1322,191,8,979.75,7837.98,0,0.1915,0
C03420,1109,296,6,424.71,2548.24,0,0.0704,1
C03421,282,166,8,1310.94,10487.49,0,0.3093,1
C03422,929,237,9,444.48,4000.31,2,0.648,1
C03423,892,47,5,1482.95,7414.77,0,0.1366,0
C03424,1494,154,6,695.17,4171.05,0,0.5249,1
C03425,1400,294,6,509.66,3057.97,0,0.3774,1
C03426,861,385,6,1267.23,7603.35,0,0.1405,1
C03427,1401,278,5,758.36,3791.79,0,0.1177,0
C03428,1414,39,6,1029.12,6174.75,1,0.2804,0
C03429,576,260,7,1110.67,7774.68,0,0.2558,0
C03430,519,73,5,524.54,2622.69,0,0.2231,0
C03431,1283,383,3,1389.55,4168.65,1,0.5424,1
C03432,991,179,2,265.56,531.12,1,0.0638,1
C03433,709,156,7,349.95,2449.62,1,0.3918,0
C03434,1373,279,4,1651.03,6604.1,2,0.3651,1
C03435,150,226,11,582.86,6411.46,0,0.5916,0
C03436,926,145,5,1213.23,6066.13,0,0.5375,0
C03437,1460,362,5,143.52,717.61,1,0.2419,1
C03438,1270,253,9,2047.99,18431.89,1,0.0169,0
C03439,483,292,4,898.85,3595.42,0,0.5646,0
C03440,1288,197,7,1981.52,13870.62,0,0.0136,0
C03441,453,257,4,676.46,2705.82,1,0.0946,0
C03442,45,393,6,744.95,4469.7,2,0.2659,1
C03443,1352,263,5,1300.48,6502.4,2,0.1472,0
C03444,1318,151,7,1192.54,8347.79,1,0.2374,0
C03445,1123,109,9,2031.64,18284.79,1,0.1929,0
C03446,1334,352,9,243.29,2189.58,1,0.4091,0
C03447,564,39,5,1164.3,5821.48,0,0.2168,0
C03448,244,299,5,452.71,2263.56,2,0.1958,1
C03449,1203,16,3,192.8,578.41,0,0.5987,0
C03450,610,39,5,884.01,4420.05,1,0.3477,0
C03451,59,265,10,1556.63,15566.33,1,0.2505,0
C03452,555,152,6,2849.07,17094.43,1,0.1086,0
C03453,884,193,8,1546.24,12369.94,0,0.3971,0
C03454,953,296,6,1915.23,11491.38,0,0.1308,1
C03455,427,354,6,950.13,5700.75,0,0.0745,0
C03456,548,264,4,621.92,2487.67,3,0.2184,1
C03457,844,10,7,910.57,6373.97,0,0.1028,0
C03458,1252,114,5,2421.56,12107.8,0,0.1436,0
C03459,514,253,7,968.91,6782.34,0,0.089,0
C03460,623,195,6,1479.35,8876.08,0,0.4574,1
C03461,1088,69,8,1148.17,9185.36,1,0.2194,0
C03462,272,357,2,1228.62,2457.25,0,0.4225,1
C03463,964,178,5,342.68,1713.4,0,0.254,0
C03464,254,325,5,1035.48,5177.4,2,0.3273,1
C03465,1086,338,7,1333.5,9334.5,1,0.1378,1
C03466,1403,123,5,1585.67,7928.33,0,0.204,1
C03467,1072,158,9,312.17,2809.55,0,0.0419,0
C03468,873,279,6,3071.78,18430.7,0,0.4213,1
C03469,1129,204,4,1900.1,7600.39,1,0.5484,0
C03470,871,306,5,221.46,1107.29,0,0.3215,1
C03471,1476,309,2,848.53,1697.06,1,0.2694,1
C03472,182,82,6,686.86,4121.17,0,0.2005,0
C03473,681,7,6,622.31,3733.87,0,0.3649,0
C03474,888,215,7,817.91,5725.4,1,0.1737,1
C03475,1141,2,10,671.04,6710.36,1,0.7351,0
C03476,497,324,6,1234.6,7407.61,0,0.2613,0
C03477,355,308,4,1589.79,6359.14,0,0.2158,1
C03478,435,297,7,2347.34,16431.36,0,0.2861,1
C03479,1443,161,5,1267.67,6338.35,2,0.5302,0
C03480,971,122,3,499.63,1498.9,0,0.1102,0
C03481,1280,338,9,455.93,4103.38,2,0.7489,0
C03482,1054,346,2,1031.1,2062.2,0,0.3744,0
C03483,172,324,7,1446.03,10122.23,0,0.3295,1
C03484,1073,174,3,455.8,1367.41,0,0.088,0
C03485,1207,301,4,778.2,3112.82,0,0.1208,1
C03486,1388,6,6,1145.19,6871.14,1,0.0363,0
C03487,888,388,4,916.6,3666.4,2,0.1446,0
C03488,513,15,4,1275.25,5101.01,0,0.468,1
C03489,620,208,5,1027.43,5137.15,2,0.5401,1
C03490,1092,396,8,1572.19,12577.54,1,0.3313,1
C03491,192,63,9,785.97,7073.73,0,0.277,0
C03492,1207,326,11,2702.89,29731.81,0,0.3958,0
C03493,947,148,8,1724.69,13797.56,1,0.2317,0
C03494,691,134,9,561.5,5053.51,2,0.0998,0
C03495,798,354,8,1044.85,8358.8,1,0.1277,0
C03496,33,364,6,729.62,4377.73,0,0.3334,1
C03497,1258,264,2,677.95,1355.9,0,0.4257,1
C03498,1415,82,4,470.31,1881.25,0,0.2754,0
C03499,612,240,9,519.57,4676.15,0,0.2047,0
C03500,1014,211,6,195.14,1170.85,0,0.4674,1
C03501,795,22,4,1122.55,4490.21,0,0.1852,0
C03502,250,237,7,1872.26,13105.81,0,0.0999,1
C03503,663,281,9,1338.39,12045.55,0,0.4792,0
C03504,1204,134,3,731.88,2195.64,1,0.4409,1
C03505,147,269,4,1277.73,5110.9,0,0.2406,1
C03506,862,7,7,1475.28,10326.93,1,0.073,0
C03507,709,314,12,880.76,10569.09,1,0.4726,0
C03508,752,354,10,1576.92,15769.16,1,0.4399,1
C03509,1437,303,9,1198.16,10783.47,1,0.5642,0
C03510,627,367,8,912.34,7298.69,1,0.4565,1
C03511,54,167,5,990.83,4954.15,0,0.1761,0
C03512,832,392,5,1012.47,5062.37,0,0.2313,1
C03513,1110,47,8,1885.57,15084.59,1,0.1663,0
C03514,1241,205,8,820.02,6560.16,1,0.2039,0
C03515,652,101,4,1048.45,4193.8,0,0.1906,0
C03516,566,1,5,433.32,2166.59,1,0.4073,0
C03517,291,113,9,712.79,6415.15,1,0.3659,0
C03518,414,36,4,553.44,2213.74,1,0.119,0
C03519,1032,382,5,1054.73,5273.64,1,0.2957,1
C03520,878,131,1,844.6,844.6,0,0.0571,0
C03521,572,137,10,363.15,3631.53,2,0.5343,0
C03522,1374,372,8,1279.14,10233.11,0,0.4679,1
C03523,1487,49,8,1014.85,8118.78,1,0.2326,0
C03524,1013,165,3,545.16,1635.48,1,0.2008,1
C03525,790,385,5,863.26,4316.31,1,0.4428,1
C03526,1092,397,8,939.21,7513.72,3,0.2337,1
C03527,637,296,8,724.09,5792.72,0,0.305,0
C03528,331,127,4,302.92,1211.7,0,0.2052,0
C03529,1445,140,6,777.19,4663.12,0,0.2577,0
C03530,1271,17,3,767.63,2302.89,0,0.2957,0
C03531,449,2,8,1078.98,8631.87,0,0.1123,0
C03532,91,10,9,1086.0,9774.02,1,0.1781,0
C03533,1456,1,8,135.56,1084.5,2,0.2813,0
C03534,1473,267,6,1059.83,6359.0,2,0.3321,1
C03535,1168,183,3,312.79,938.36,0,0.1997,0
C03536,878,131,5,838.7,4193.48,0,0.5399,0
C03537,833,345,3,1191.03,3573.08,0,0.3013,1
C03538,133,26,5,2143.71,10718.57,2,0.3734,0
C03539,575,260,7,921.83,6452.79,1,0.0726,0
C03540,478,93,10,1013.27,10132.74,0,0.1061,0
C03541,130,17,8,2495.72,19965.78,2,0.0697,0
C03542,146,203,3,510.39,1531.16,1,0.4444,0
C03543,1415,63,5,390.49,1952.45,1,0.2866,0
C03544,174,175,6,618.45,3710.71,0,0.3886,1
C03545,966,290,1,699.63,699.63,0,0.2474,1
C03546,1439,236,6,1164.56,6987.35,0,0.2297,0
C03547,802,177,5,750.13,3750.65,1,0.6965,0
C03548,376,86,7,215.14,1505.98,0,0.4146,0
C03549,990,285,6,738.23,4429.36,2,0.5072,0
C03550,255,145,8,1224.17,9793.34,1,0.2407,1
C03551,1334,360,7,1726.33,12084.3,1,0.2462,1
C03552,443,312,3,889.82,2669.45,0,0.3709,1
C03553,468,293,9,278.81,2509.31,2,0.4703,1
C03554,867,243,7,1266.41,8864.84,2,0.1113,1
C03555,792,262,8,771.23,6169.82,0,0.206,0
C03556,1365,201,2,606.15,1212.31,0,0.0544,1
C03557,1232,337,10,1718.72,17187.2,0,0.5104,1
C03558,401,320,7,504.24,3529.65,1,0.2013,1
C03559,1330,176,4,1361.57,5446.28,1,0.3575,1
C03560,393,210,5,1057.04,5285.19,2,0.4963,1
C03561,1075,258,6,1010.56,6063.36,0,0.4099,1
C03562,1251,209,2,1658.0,3315.99,2,0.3028,1
C03563,894,325,3,838.85,2516.54,2,0.5207,1
C03564,392,276,5,2900.63,14503.14,0,0.1298,1
C03565,601,345,6,1081.31,6487.87,2,0.4218,1
C03566,1318,239,3,2427.3,7281.9,1,0.2114,1
C03567,388,149,10,153.72,1537.21,1,0.068,0
C03568,257,55,6,1959.62,11757.73,0,0.5144,0
C03569,976,134,4,574.7,2298.79,0,0.4409,0
C03570,1259,337,3,780.15,2340.45,0,0.3806,1
C03571,1079,85,8,1243.8,9950.4,1,0.1492,1
C03572,496,56,8,786.81,6294.47,0,0.305,1
C03573,739,346,3,675.51,2026.53,0,0.4926,1
C03574,597,289,8,411.69,3293.54,0,0.061,0
C03575,1420,231,6,883.88,5303.31,0,0.0961,0
C03576,899,336,6,296.34,1778.03,0,0.102,1
C03577,260,228,14,1147.87,16070.15,1,0.3757,1
C03578,107,102,12,591.71,7100.52,1,0.2611,0
C03579,791,96,7,1591.25,11138.72,2,0.0159,0
C03580,679,152,10,1635.49,16354.91,2,0.3945,0
C03581,1019,141,3,1531.08,4593.23,1,0.1455,1
C03582,790,95,4,223.09,892.36,2,0.184,1
C03583,1415,31,11,924.56,10170.17,0,0.134,0
C03584,1153,4,6,616.95,3701.68,0,0.0943,0
C03585,415,126,7,876.59,6136.14,1,0.2333,1
C03586,1274,281,6,1604.34,9626.06,2,0.1504,1
C03587,389,389,6,1762.98,10577.88,1,0.1455,1
C03588,1070,64,4,1798.24,7192.96,0,0.225,0
C03589,741,244,10,1029.44,10294.37,1,0.1974,1
C03590,713,316,7,905.73,6340.13,0,0.1658,0
C03591,1063,271,8,854.8,6838.43,1,0.6902,1
C03592,496,267,8,694.88,5559.07,1,0.1224,1
C03593,491,245,9,384.72,3462.5,1,0.4558,1
C03594,40,341,4,805.8,3223.2,0,0.3573,1
C03595,777,262,2,968.01,1936.01,0,0.2891,1
C03596,1452,397,3,1379.17,4137.52,0,0.4259,0
C03597,217,363,5,1124.63,5623.16,1,0.2394,1
C03598,1127,331,9,1338.93,12050.37,1,0.1953,1
C03599,1398,370,10,820.15,8201.51,1,0.626,1
C03600,1044,125,9,976.73,8790.54,1,0.3454,0
C03601,318,16,4,1268.3,5073.19,1,0.1587,1
C03602,435,97,8,642.67,5141.36,0,0.2448,0
C03603,402,107,5,961.46,4807.32,1,0.2317,1
C03604,43,284,7,628.96,4402.74,0,0.2918,1
C03605,653,69,6,827.11,4962.68,1,0.4586,1
C03606,826,355,5,1733.55,8667.73,0,0.5635,1
C03607,233,363,5,1366.66,6833.29,0,0.458,1
C03608,1339,160,8,452.95,3623.63,1,0.2034,0
C03609,1434,318,5,53.99,269.93,2,0.3084,1
C03610,147,174,9,215.91,1943.2,3,0.1811,1
C03611,992,371,12,1434.01,17208.1,2,0.0608,0
C03612,1089,149,3,938.99,2816.96,0,0.5562,0
C03613,1000,15,7,1915.3,13407.1,1,0.1562,0
C03614,1099,12,10,1987.12,19871.15,1,0.2468,0
C03615,325,242,7,545.25,3816.72,0,0.2303,0
C03616,149,238,5,942.85,4714.26,0,0.2009,0
C03617,530,19,8,2129.72,17037.72,1,0.3687,0
C03618,1169,309,5,1577.76,7888.78,0,0.0708,1
C03619,313,68,6,973.79,5842.72,2,0.0726,0
C03620,998,363,6,417.57,2505.41,0,0.171,0
C03621,146,327,6,1061.44,6368.65,2,0.0692,1
C03622,160,276,4,615.75,2463.0,0,0.2567,1
C03623,660,250,5,1722.81,8614.03,0,0.2127,0
C03624,423,244,3,1439.2,4317.59,1,0.3794,1
C03625,704,213,4,734.98,2939.91,1,0.6636,1
C03626,367,44,6,686.57,4119.43,1,0.1329,0
C03627,1022,10,9,1329.78,11968.03,1,0.1513,0
C03628,174,321,6,737.69,4426.14,0,0.4436,0
C03629,680,113,4,1093.87,4375.47,0,0.2297,0
C03630,949,388,4,2712.02,10848.07,0,0.3727,1
C03631,1484,142,3,313.89,941.67,0,0.0933,0
C03632,1091,204,2,1057.12,2114.24,0,0.1537,1
C03633,746,170,7,1311.47,9180.29,0,0.1923,0
C03634,1152,198,9,595.9,5363.06,0,0.3388,0
C03635,690,50,9,277.58,2498.22,0,0.5847,0
C03636,201,39,5,345.23,1726.13,0,0.2765,1
C03637,421,97,5,793.13,3965.63,1,0.1298,1
C03638,185,128,9,553.46,4981.17,0,0.1825,0
C03639,933,268,6,938.27,5629.6,0,0.2125,1
C03640,216,359,6,1968.13,11808.76,0,0.4842,1
C03641,1223,251,8,1642.33,13138.68,1,0.3301,1
C03642,113,306,5,1245.97,6229.86,1,0.1026,1
C03643,1450,141,3,868.29,2604.86,0,0.163,1
C03644,1272,240,1,269.36,269.36,1,0.1574,1
C03645,240,141,3,473.76,1421.27,0,0.3143,1
C03646,613,33,5,600.34,3001.72,1,0.1155,0
C03647,69,328,8,852.79,6822.29,0,0.034,1
C03648,1258,370,5,1959.08,9795.42,0,0.2313,1
C03649,1467,111,7,731.94,5123.6,0,0.2166,1
C03650,814,187,2,3303.06,6606.12,2,0.2716,1
C03651,642,26,4,488.08,1952.3,0,0.1212,0
C03652,1024,67,5,1393.27,6966.34,2,0.1919,1
C03653,1020,128,9,565.33,5087.93,0,0.3326,0
C03654,657,223,7,1585.43,11097.98,0,0.1873,0
C03655,1426,61,4,1950.58,7802.33,1,0.2328,1
C03656,1444,317,5,694.69,3473.46,1,0.3464,0
C03657,65,112,9,523.58,4712.23,0,0.5254,0
C03658,1246,338,10,1188.66,11886.61,0,0.4083,0
C03659,282,126,4,1348.79,5395.16,1,0.2332,1
C03660,1421,212,2,1556.67,3113.33,0,0.1173,1
C03661,1195,79,5,1749.51,8747.57,0,0.1885,0
C03662,645,392,5,422.3,2111.48,1,0.3345,1
C03663,1032,118,7,737.22,5160.54,1,0.2889,0
C03664,502,21,5,1267.78,6338.92,3,0.1706,1
C03665,686,252,7,645.13,4515.94,1,0.2263,1
C03666,493,152,5,1695.21,8476.04,0,0.1754,0
C03667,1439,227,7,719.22,5034.55,0,0.1336,0
C03668,1407,327,11,579.58,6375.39,0,0.2537,1
C03669,999,25,8,947.09,7576.74,2,0.6521,0
C03670,518,333,6,863.44,5180.66,0,0.1221,1
C03671,72,117,6,659.23,3955.38,0,0.1097,1
C03672,299,100,2,2390.62,4781.24,1,0.4724,1
C03673,179,181,5,78.46,392.31,2,0.1702,1
C03674,437,177,7,1224.27,8569.9,0,0.1492,1
C03675,1330,10,7,754.32,5280.21,0,0.3977,0
C03676,964,333,2,2056.15,4112.3,1,0.2207,1
C03677,1439,385,8,562.99,4503.93,0,0.3946,0
C03678,434,160,7,913.63,6395.38,1,0.4698,0
C03679,390,94,9,2653.59,23882.28,3,0.0862,1
C03680,737,80,5,864.92,4324.61,1,0.4862,0
C03681,359,257,6,879.63,5277.78,1,0.6335,1
C03682,1345,154,3,717.02,2151.06,1,0.2418,1
C03683,93,45,5,737.6,3687.98,0,0.1412,0
C03684,984,378,5,1705.9,8529.5,0,0.1142,1
C03685,199,152,8,2414.06,19312.47,0,0.2757,1
C03686,1045,367,5,844.72,4223.59,0,0.5898,1
C03687,386,8,6,132.44,794.65,1,0.3967,1
C03688,1112,248,9,1363.69,12273.22,0,0.3479,0
C03689,1368,53,7,143.74,1006.19,1,0.0919,0
C03690,412,44,3,312.16,936.49,0,0.21,0
C03691,228,50,4,772.34,3089.35,1,0.2728,0
C03692,759,159,4,404.9,1619.6,0,0.0673,0
C03693,142,250,5,1111.36,5556.79,0,0.4324,0
C03694,1239,313,5,821.74,4108.7,0,0.299,0
C03695,1469,9,9,457.74,4119.62,1,0.1471,0
C03696,1491,245,6,1753.02,10518.14,0,0.2277,1
C03697,190,131,3,567.62,1702.86,2,0.3201,1
C03698,1496,6,6,203.48,1220.87,0,0.3799,0
C03699,281,74,5,1465.42,7327.12,0,0.192,0
C03700,242,378,5,1075.59,5377.96,2,0.2224,1
C03701,805,268,3,1328.45,3985.34,1,0.4096,1
C03702,862,297,6,841.06,5046.38,0,0.3409,0
C03703,428,15,7,1961.42,13729.96,1,0.1,1
C03704,1019,398,7,572.65,4008.58,2,0.1567,1
C03705,641,249,6,445.79,2674.74,2,0.2759,0
C03706,1231,248,6,886.15,5316.93,1,0.5187,0
C03707,642,235,5,374.65,1873.25,0,0.2567,1
C03708,930,244,3,988.44,2965.31,3,0.4371,1
C03709,874,44,5,1347.46,6737.29,0,0.1498,1
C03710,1250,348,8,1859.72,14877.72,1,0.7469,1
C03711,58,279,4,971.59,3886.38,1,0.0611,0
C03712,267,61,6,1457.74,8746.44,1,0.5479,1
C03713,1222,84,6,1194.89,7169.35,1,0.0988,0
C03714,365,240,9,752.71,6774.38,1,0.1128,0
C03715,553,37,4,368.84,1475.37,0,0.1682,0
C03716,782,344,7,1317.35,9221.48,0,0.3072,1
C03717,1494,26,4,269.99,1079.97,0,0.0575,0
C03718,1323,312,4,1829.95,7319.8,2,0.1537,0
C03719,1287,388,5,947.94,4739.69,1,0.1191,1
C03720,886,148,4,493.15,1972.61,1,0.1506,1
C03721,56,112,8,1778.55,14228.37,0,0.154,0
C03722,323,384,4,2964.98,11859.91,0,0.2528,1
C03723,1263,340,5,1130.69,5653.47,0,0.2549,0
C03724,557,62,9,530.41,4773.7,1,0.1144,0
C03725,326,210,7,228.62,1600.35,1,0.2004,0
C03726,309,162,6,1393.02,8358.09,2,0.2779,0
C03727,30,342,6,1535.32,9211.9,1,0.2713,1
C03728,681,300,9,201.16,1810.42,0,0.3206,0
C03729,96,320,6,1059.28,6355.67,1,0.2416,1
C03730,344,168,8,999.75,7997.97,0,0.1966,0
C03731,1293,104,6,841.72,5050.35,0,0.085,0
C03732,901,184,7,1236.71,8656.96,0,0.0254,0
C03733,547,194,5,874.46,4372.3,0,0.2475,1
C03734,814,338,4,372.74,1490.97,2,0.2058,1
C03735,514,89,4,254.21,1016.85,0,0.1803,0
C03736,1123,276,9,179.28,1613.48,1,0.2507,1
C03737,1210,144,8,1296.87,10374.94,0,0.1281,0
C03738,799,375,10,756.01,7560.06,0,0.2055,1
C03739,1489,388,12,398.46,4781.49,1,0.8934,0
C03740,107,30,6,1205.05,7230.29,1,0.1568,0
C03741,1351,157,10,591.56,5915.58,0,0.3911,0
C03742,878,310,6,731.5,4388.98,0,0.1677,0
C03743,1445,49,9,2094.79,18853.1,0,0.2858,0
C03744,772,96,7,1550.02,10850.11,1,0.104,0
C03745,159,211,8,1116.45,8931.62,0,0.185,1
C03746,985,206,2,2499.26,4998.52,0,0.4412,1
C03747,630,285,6,1995.26,11971.54,1,0.3973,1
C03748,1379,365,3,1893.24,5679.72,2,0.3149,1
C03749,388,132,8,1380.13,11041.01,2,0.1176,0
C03750,79,146,10,1978.77,19787.68,1,0.3152,0
C03751,938,184,7,936.57,6556.01,0,0.3329,0
C03752,763,346,8,1748.84,13990.72,0,0.5231,0
C03753,1453,326,8,1144.05,9152.42,0,0.2886,0
C03754,877,43,8,371.88,2975.05,1,0.3049,0
C03755,1450,123,6,595.0,3569.97,0,0.3567,0
C03756,1255,357,6,1553.55,9321.32,0,0.0375,0
C03757,1006,347,4,366.69,1466.76,2,0.3317,1
C03758,1275,286,8,1263.45,10107.6,0,0.2165,0
C03759,1169,308,2,210.65,421.3,0,0.0901,1
C03760,897,111,8,695.3,5562.41,1,0.1742,0
C03761,1313,303,7,762.73,5339.1,0,0.462,0
C03762,599,244,3,431.27,1293.81,1,0.1186,0
C03763,678,350,5,553.8,2769.01,0,0.3101,0
C03764,460,43,9,982.33,8840.94,1,0.1103,1
C03765,842,245,14,524.41,7341.67,0,0.1784,0
C03766,901,248,8,1973.96,15791.66,0,0.4141,1
C03767,1316,176,2,1533.33,3066.66,1,0.616,0
C03768,30,132,2,2196.07,4392.13,0,0.4599,1
C03769,606,345,5,215.79,1078.96,0,0.2154,1
C03770,451,392,6,325.09,1950.51,1,0.1388,1
C03771,581,237,7,492.38,3446.64,1,0.2602,1
C03772,814,293,6,823.63,4941.76,0,0.2986,0
C03773,1255,123,4,1117.93,4471.71,0,0.2609,0
C03774,458,60,4,881.06,3524.23,1,0.331,0
C03775,1313,89,5,1410.16,7050.8,2,0.3325,1
C03776,1440,78,2,279.2,558.4,2,0.4291,1
C03777,1148,144,5,345.16,1725.79,4,0.2681,1
C03778,36,355,7,1669.36,11685.53,0,0.2911,1
C03779,717,301,5,801.14,4005.68,0,0.2987,1
C03780,744,183,5,918.18,4590.92,1,0.2639,1
C03781,635,85,1,703.17,703.17,2,0.298,1
C03782,1346,383,5,2545.58,12727.89,0,0.3006,1
C03783,203,267,3,1093.65,3280.96,0,0.4551,1
C03784,183,378,10,188.56,1885.57,1,0.2461,1
C03785,503,170,8,349.74,2797.94,0,0.1647,0
C03786,349,226,4,747.96,2991.84,1,0.4373,1
C03787,371,64,5,458.36,2291.81,0,0.3833,1
C03788,1349,82,5,1165.26,5826.28,1,0.3175,0
C03789,303,257,7,1329.04,9303.28,1,0.4575,1
C03790,108,246,4,1533.81,6135.25,1,0.563,1
C03791,1133,390,8,368.26,2946.12,1,0.1191,0
C03792,1031,394,6,638.94,3833.63,0,0.1874,1
C03793,1000,12,6,1071.1,6426.58,0,0.2055,0
C03794,925,349,3,1642.95,4928.85,0,0.6607,1
C03795,130,254,5,1722.34,8611.72,2,0.1592,0
C03796,1454,94,3,1046.94,3140.81,0,0.3468,0
C03797,269,61,4,1571.22,6284.87,0,0.1103,0
C03798,265,359,2,1136.26,2272.52,1,0.4124,1
C03799,558,12,4,983.65,3934.61,1,0.3856,1
C03800,290,211,9,1032.9,9296.11,1,0.1363,0
C03801,675,78,6,1445.93,8675.59,0,0.4491,0
C03802,616,386,8,1181.97,9455.75,1,0.0594,1
C03803,1279,57,4,410.7,1642.78,0,0.1912,0
C03804,49,270,2,932.8,1865.6,1,0.2086,1
C03805,87,109,6,872.45,5234.69,0,0.5283,0
C03806,733,118,5,825.53,4127.65,1,0.2678,0
C03807,359,248,13,425.37,5529.8,2,0.3179,1
C03808,989,113,5,774.27,3871.33,2,0.342,1
C03809,1331,356,10,1028.1,10280.98,0,0.0125,0
C03810,302,196,7,583.15,4082.03,0,0.4425,1
C03811,573,30,6,1261.19,7567.15,0,0.1526,0
C03812,193,204,8,120.56,964.47,3,0.3002,1
C03813,358,95,10,1406.54,14065.38,0,0.209,0
C03814,1374,365,8,1892.35,15138.79,0,0.1433,0
C03815,886,8,9,846.02,7614.15,0,0.2271,0
C03816,96,48,8,775.47,6203.74,0,0.485,0
C03817,1442,198,3,425.77,1277.3,3,0.0976,1
C03818,1065,111,13,1044.66,13580.64,0,0.2496,0
C03819,1403,144,6,1849.04,11094.25,2,0.1217,0
C03820,760,87,3,1669.17,5007.5,2,0.207,0
C03821,802,364,4,1836.54,7346.17,1,0.3109,1
C03822,42,0,4,230.0,920.0,3,0.1417,1
C03823,182,50,6,1077.38,6464.29,0,0.3306,0
C03824,570,381,11,2190.69,24097.55,0,0.359,1
C03825,245,197,4,612.36,2449.44,2,0.1833,1
C03826,143,375,10,272.96,2729.62,0,0.2528,1
C03827,491,333,4,2234.93,8939.73,0,0.098,1
C03828,989,121,10,1063.75,10637.48,0,0.2991,0
C03829,1295,289,4,603.93,2415.73,0,0.4749,0
C03830,350,58,5,1169.32,5846.61,0,0.0818,0
C03831,1204,245,7,862.95,6040.67,1,0.1811,0
C03832,75,138,6,203.44,1220.62,0,0.6089,0
C03833,1465,273,6,2462.06,14772.33,1,0.2269,0
C03834,729,58,3,312.81,938.44,0,0.169,0
C03835,774,334,5,710.64,3553.2,1,0.1605,1
C03836,313,107,4,965.6,3862.4,1,0.1368,1
C03837,882,185,3,2813.24,8439.73,1,0.1978,1
C03838,1118,336,5,1039.06,5195.28,3,0.2354,1
C03839,494,191,5,588.89,2944.44,1,0.5322,1
C03840,38,212,6,792.41,4754.43,1,0.1872,1
C03841,781,47,7,1550.44,10853.09,0,0.1952,0
C03842,1227,284,8,2733.04,21864.29,0,0.2254,0
C03843,1093,387,4,464.14,1856.56,1,0.3907,1
C03844,887,294,4,1270.45,5081.78,0,0.4476,1
C03845,88,366,4,1359.14,5436.55,0,0.707,1
C03846,362,394,6,1465.14,8790.83,0,0.19,1
C03847,1334,267,5,310.71,1553.53,2,0.3861,1
C03848,1298,345,5,2036.73,10183.64,0,0.3579,0
C03849,931,207,8,1316.48,10531.81,1,0.0466,0
C03850,1495,141,2,1474.1,2948.21,1,0.2704,0
C03851,490,230,5,532.31,2661.56,1,0.1712,0
C03852,1307,341,7,1195.42,8367.95,0,0.3728,0
C03853,504,69,5,1660.96,8304.79,1,0.171,1
C03854,42,249,3,948.48,2845.45,0,0.5848,1
C03855,1487,276,9,221.84,1996.54,0,0.2922,0
C03856,836,284,9,1352.61,12173.47,1,0.1657,1
C03857,468,291,3,1147.91,3443.74,1,0.3891,1
C03858,861,261,6,697.34,4184.07,0,0.5141,0
C03859,851,245,11,2209.31,24302.41,0,0.2648,0
C03860,1332,371,5,782.24,3911.22,1,0.1801,1
C03861,558,2,6,989.51,5937.07,0,0.3153,0
C03862,1248,180,9,895.97,8063.71,1,0.541,0
C03863,844,30,8,193.88,1551.02,0,0.2736,0
C03864,1259,352,7,1349.36,9445.54,1,0.112,0
C03865,652,57,9,1024.17,9217.49,0,0.354,1
C03866,127,308,4,280.11,1120.46,0,0.1886,1
C03867,747,285,3,2238.02,6714.05,1,0.328,1
C03868,480,129,5,940.57,4702.83,0,0.4635,1
C03869,147,170,10,1102.32,11023.25,1,0.5307,0
C03870,808,81,11,1778.17,19559.84,0,0.1684,0
C03871,123,324,5,260.6,1303.0,1,0.3477,1
C03872,808,282,8,535.69,4285.52,0,0.2791,0
C03873,1284,385,6,575.41,3452.44,0,0.2548,1
C03874,983,240,8,935.96,7487.65,1,0.1527,0
C03875,1278,206,7,2264.67,15852.67,0,0.285,0
C03876,1466,371,6,1363.89,8183.36,0,0.2691,0
C03877,1468,126,5,846.81,4234.07,0,0.1207,0
C03878,1219,352,5,847.96,4239.78,0,0.0789,0
C03879,932,231,2,597.19,1194.38,0,0.0903,0
C03880,994,314,8,494.92,3959.35,1,0.3327,1
C03881,473,130,7,1137.75,7964.22,0,0.1498,0
C03882,1279,195,9,686.3,6176.68,0,0.1824,0
C03883,1317,157,6,1124.75,6748.52,1,0.0198,1
C03884,864,307,5,1593.99,7969.94,0,0.4979,0
C03885,1423,27,3,952.82,2858.47,0,0.2347,0
C03886,1416,379,5,1484.66,7423.29,0,0.429,1
C03887,460,133,9,1096.19,9865.73,1,0.3634,1
C03888,1091,160,7,1356.38,9494.68,0,0.1126,1
C03889,641,389,4,973.19,3892.76,0,0.3694,1
C03890,1295,40,10,811.57,8115.75,1,0.2547,0
C03891,773,298,5,3046.35,15231.74,3,0.0889,1
C03892,1270,39,9,588.04,5292.39,0,0.0776,0
C03893,666,374,5,1068.51,5342.53,1,0.4304,1
C03894,891,112,8,1424.96,11399.68,0,0.6057,0
C03895,888,125,6,304.93,1829.59,0,0.2267,0
C03896,991,304,5,1472.3,7361.5,1,0.6254,1
C03897,1357,88,6,163.31,979.84,0,0.2304,0
C03898,866,37,9,998.84,8989.55,1,0.1315,1
C03899,1375,28,6,2099.31,12595.87,0,0.081,0
C03900,201,365,4,1009.23,4036.91,0,0.1407,1
C03901,181,223,2,763.05,1526.1,1,0.5156,1
C03902,949,382,8,478.04,3824.34,0,0.1449,1
C03903,1083,324,4,1159.7,4638.78,1,0.4412,1
C03904,751,146,4,804.76,3219.05,0,0.3171,0
C03905,218,390,7,1472.86,10310.0,1,0.2916,1
C03906,1304,320,7,1186.94,8308.6,1,0.0809,0
C03907,509,82,12,534.11,6409.36,1,0.1917,0
C03908,712,63,10,1439.36,14393.57,0,0.0894,0
C03909,614,28,5,917.79,4588.94,0,0.0421,0
C03910,358,23,5,667.92,3339.61,1,0.5893,1
C03911,1366,178,5,1576.78,7883.91,2,0.284,1
C03912,275,169,5,228.7,1143.49,0,0.3927,0
C03913,563,158,2,2525.09,5050.18,1,0.2707,0
C03914,1174,24,4,2071.95,8287.78,1,0.1963,0
C03915,914,245,6,793.88,4763.25,2,0.5304,0
C03916,65,20,10,777.98,7779.84,0,0.206,0
C03917,961,231,3,434.67,1304.01,0,0.2084,0
C03918,1191,47,3,584.17,1752.51,0,0.4153,0
C03919,560,231,9,448.18,4033.65,2,0.5971,1
C03920,1194,118,5,1273.36,6366.79,0,0.1032,0
C03921,1056,384,7,916.74,6417.19,0,0.1663,1
C03922,771,58,4,915.87,3663.48,0,0.1433,0
C03923,804,323,6,957.62,5745.69,0,0.3423,0
C03924,956,233,6,835.59,5013.51,0,0.356,0
C03925,506,198,5,579.03,2895.16,0,0.5671,0
C03926,289,333,4,1766.03,7064.13,0,0.6007,1
C03927,700,77,5,1168.42,5842.08,0,0.0947,1
C03928,52,343,7,917.9,6425.33,1,0.0575,1
C03929,329,335,6,632.36,3794.15,0,0.1598,1
C03930,641,350,3,399.14,1197.42,0,0.5418,1
C03931,79,21,4,1812.71,7250.85,2,0.4345,1
C03932,1283,218,7,1015.26,7106.82,1,0.2471,1
C03933,566,146,4,679.01,2716.02,1,0.4617,1
C03934,589,99,4,1045.63,4182.52,1,0.0897,0
C03935,1377,131,7,991.22,6938.55,0,0.0913,0
C03936,1201,226,6,933.78,5602.65,1,0.3881,1
C03937,588,13,8,555.32,4442.56,0,0.054,0
C03938,420,253,3,818.58,2455.73,2,0.0906,1
C03939,1332,137,2,742.85,1485.69,0,0.1196,0
C03940,607,288,12,754.65,9055.78,0,0.3284,0
C03941,149,82,8,1405.69,11245.5,0,0.1224,0
C03942,677,284,6,336.49,2018.94,0,0.0243,0
C03943,722,254,8,822.52,6580.18,1,0.3872,1
C03944,922,77,5,393.31,1966.56,0,0.4662,0
C03945,462,116,4,673.5,2693.98,0,0.3155,0
C03946,1224,103,5,515.52,2577.61,1,0.2812,0
C03947,643,370,3,2285.25,6855.74,2,0.1761,1
C03948,802,260,10,1989.23,19892.27,0,0.3954,1
C03949,1057,293,3,807.02,2421.06,0,0.2045,0
C03950,1199,35,7,1680.76,11765.35,0,0.528,0
C03951,485,51,7,1206.41,8444.89,0,0.7013,0
C03952,59,399,4,618.35,2473.41,0,0.5458,0
C03953,233,311,11,352.6,3878.59,2,0.3859,1
C03954,846,318,6,1097.49,6584.96,0,0.3286,0
C03955,90,371,5,652.77,3263.85,0,0.0799,1
C03956,703,337,6,1043.16,6258.96,2,0.4282,1
C03957,472,19,7,4302.6,30118.21,2,0.1616,0
C03958,478,122,6,487.76,2926.56,1,0.2171,0
C03959,1083,162,8,429.64,3437.1,1,0.3055,0
C03960,953,60,4,1297.99,5191.97,1,0.3684,1
C03961,720,357,3,907.42,2722.26,2,0.4559,1
C03962,53,373,7,2419.73,16938.13,2,0.5132,1
C03963,1480,63,5,1827.68,9138.4,0,0.4859,0
C03964,1454,305,2,2184.42,4368.83,1,0.2794,0
C03965,365,325,6,849.8,5098.77,0,0.1896,1
C03966,996,11,9,422.58,3803.24,0,0.2742,0
C03967,1370,50,9,942.91,8486.18,0,0.2264,0
C03968,909,378,1,830.22,830.22,1,0.1259,1
C03969,1240,100,9,853.8,7684.19,1,0.2356,1
C03970,387,320,5,2152.45,10762.26,1,0.1137,1
C03971,1169,263,10,632.35,6323.48,0,0.1918,0
C03972,626,215,7,1206.43,8444.99,1,0.3289,0
C03973,1053,10,6,1001.49,6008.93,0,0.346,0
C03974,381,229,6,959.16,5754.95,1,0.4972,1
C03975,60,313,6,1533.31,9199.88,0,0.4362,1
C03976,140,111,4,498.3,1993.18,1,0.5413,0
C03977,1161,269,7,331.23,2318.6,0,0.1213,1
C03978,1450,161,6,1413.26,8479.54,0,0.3451,1
C03979,335,379,3,875.3,2625.9,1,0.4271,1
C03980,37,201,6,3275.41,19652.43,3,0.3124,1
C03981,471,2,3,1023.33,3070.0,0,0.2236,0
C03982,1260,63,6,168.78,1012.66,2,0.5213,0
C03983,354,77,11,1671.48,18386.29,2,0.285,0
C03984,655,141,3,1468.22,4404.66,0,0.1607,1
C03985,661,167,6,1287.71,7726.26,2,0.6165,0
C03986,1364,202,8,1565.18,12521.46,0,0.3291,0
C03987,345,286,2,1146.4,2292.79,1,0.2966,1
C03988,1315,292,5,180.35,901.76,0,0.2437,0
C03989,1284,195,6,866.17,5197.04,0,0.7793,0
C03990,135,219,7,2029.74,14208.21,0,0.3774,1
C03991,1029,43,3,3550.42,10651.26,1,0.4304,0
C03992,270,319,7,1503.45,10524.16,0,0.7448,1
C03993,977,20,4,316.55,1266.19,1,0.0183,1
C03994,123,388,5,547.37,2736.83,0,0.4563,1
C03995,1118,138,7,821.13,5747.91,1,0.3161,0
C03996,89,180,6,1723.29,10339.76,2,0.3856,1
C03997,495,63,4,2174.35,8697.4,1,0.3571,0
C03998,1059,126,7,1145.93,8021.54,0,0.1318,0
C03999,842,70,3,1224.86,3674.58,1,0.1049,0
C04000,274,134,7,451.53,3160.68,0,0.0614,0
C04001,975,118,3,828.92,2486.76,4,0.6618,0
C04002,1372,290,11,69.02,759.25,0,0.1638,0
C04003,858,233,9,795.61,7160.46,0,0.4774,1
C04004,105,300,9,464.16,4177.43,1,0.0462,1
C04005,880,313,7,257.35,1801.42,0,0.409,0
C04006,95,346,3,974.71,2924.14,1,0.4489,1
C04007,120,83,8,2331.56,18652.45,1,0.4747,0
C04008,294,142,4,339.64,1358.54,0,0.5197,0
C04009,699,172,8,1002.72,8021.78,2,0.1878,1
C04010,152,172,9,1843.38,16590.38,0,0.4206,1
C04011,880,289,7,368.89,2582.23,1,0.4282,1
C04012,372,15,8,420.05,3360.39,1,0.4077,1
C04013,189,343,12,832.22,9986.64,0,0.3081,0
C04014,979,226,7,1597.65,11183.58,1,0.4354,1
C04015,298,83,7,883.87,6187.06,1,0.2324,0
C04016,274,134,4,734.91,2939.65,0,0.1039,0
C04017,865,336,1,304.46,304.46,1,0.0564,1
C04018,871,236,9,1957.11,17613.97,1,0.1538,0
C04019,286,173,8,889.33,7114.66,2,0.4282,0
C04020,752,359,9,1344.16,12097.42,1,0.2447,0
C04021,782,258,14,1443.87,20214.2,0,0.3512,0
C04022,377,61,2,570.26,1140.53,1,0.3841,0
C04023,354,185,6,1076.78,6460.65,0,0.03,1
C04024,1441,393,1,816.24,816.24,1,0.1309,1
C04025,290,298,5,393.85,1969.25,1,0.1059,1
C04026,1459,260,6,1727.81,10366.84,0,0.195,1
C04027,1195,288,1,597.45,597.45,1,0.193,1
C04028,125,177,9,2913.21,26218.93,1,0.0548,0
C04029,1221,207,12,442.67,5312.1,1,0.2143,0
C04030,614,31,5,462.63,2313.16,1,0.1035,0
C04031,515,381,7,784.81,5493.66,0,0.12,1
C04032,870,64,3,651.84,1955.52,1,0.067,0
C04033,505,361,7,1767.83,12374.79,0,0.3504,1
C04034,794,363,9,1639.09,14751.77,0,0.5109,0
C04035,636,135,7,1339.22,9374.56,1,0.193,0
C04036,834,389,7,1732.61,12128.3,2,0.0335,1
C04037,322,47,7,1265.94,8861.56,1,0.1285,0
C04038,1311,39,9,996.77,8970.91,1,0.4733,0
C04039,838,58,5,398.46,1992.32,0,0.1752,0
C04040,1197,356,9,211.13,1900.2,0,0.2519,0
C04041,1458,103,7,1108.21,7757.49,0,0.2132,0
C04042,1028,397,6,748.22,4489.31,2,0.2418,1
C04043,1149,261,6,354.08,2124.48,1,0.2272,1
C04044,1369,111,4,824.97,3299.87,0,0.2599,0
C04045,440,74,11,882.76,9710.38,2,0.497,0
C04046,1186,298,5,212.61,1063.06,2,0.2324,0
C04047,546,225,8,1350.86,10806.86,0,0.3585,1
C04048,203,56,5,542.92,2714.6,1,0.1272,1
C04049,315,299,3,1302.92,3908.76,1,0.1959,1
C04050,1170,351,10,2079.05,20790.52,1,0.3273,0
C04051,1058,82,7,1552.92,10870.42,0,0.0645,0
C04052,1184,210,6,2107.8,12646.8,0,0.1969,0
C04053,527,123,2,1055.78,2111.57,0,0.2273,1
C04054,1288,93,9,577.98,5201.83,2,0.109,0
C04055,1317,18,5,697.75,3488.74,0,0.2299,0
C04056,77,392,4,1579.12,6316.49,0,0.0738,1
C04057,1091,45,8,921.51,7372.09,0,0.3682,1
C04058,1496,141,8,1125.31,9002.51,0,0.4141,0
C04059,557,149,10,1010.63,10106.28,0,0.515,0
C04060,1128,319,4,873.37,3493.5,0,0.1787,1
C04061,595,109,10,357.1,3571.0,1,0.3863,0
C04062,1270,366,4,530.41,2121.65,1,0.5052,1
C04063,226,85,4,2020.74,8082.96,0,0.2664,0
C04064,1154,316,3,1481.21,4443.62,0,0.1767,1
C04065,721,130,5,1968.69,9843.44,1,0.1803,0
C04066,1406,54,6,1213.47,7280.8,1,0.4173,0
C04067,1401,43,8,927.91,7423.31,2,0.1295,0
C04068,1160,252,6,1470.86,8825.14,0,0.1858,0
C04069,968,291,5,1089.59,5447.93,2,0.4559,1
C04070,510,252,7,889.22,6224.56,0,0.2778,0
C04071,739,237,6,1203.92,7223.51,1,0.2942,0
C04072,1004,211,4,180.57,722.29,1,0.0649,1
C04073,629,104,3,920.41,2761.23,1,0.4689,1
C04074,1365,310,5,718.0,3590.0,0,0.0573,0
C04075,930,54,8,1494.03,11952.21,0,0.2727,0
C04076,759,62,8,850.84,6806.73,0,0.3325,0
C04077,1362,16,7,1982.14,13874.95,0,0.4275,0
C04078,241,256,9,2928.12,26353.04,1,0.2049,0
C04079,611,271,3,876.86,2630.58,1,0.1297,0
C04080,120,334,7,504.01,3528.06,0,0.2447,1
C04081,932,85,7,1031.99,7223.91,1,0.5232,0
C04082,1472,227,2,612.58,1225.16,0,0.3632,1
C04083,1472,172,6,1127.6,6765.62,0,0.2098,0
C04084,1184,390,4,730.89,2923.54,0,0.4024,1
C04085,905,236,5,1119.32,5596.62,0,0.1683,1
C04086,41,263,8,350.73,2805.88,1,0.2199,1
C04087,1047,142,8,569.07,4552.53,0,0.1193,0
C04088,657,292,11,1164.43,12808.73,0,0.3019,0
C04089,1322,14,2,688.12,1376.24,0,0.2096,0
C04090,1384,349,11,479.92,5279.1,1,0.2048,0
C04091,700,209,4,316.19,1264.78,1,0.6192,0
C04092,1464,232,8,671.72,5373.73,0,0.152,0
C04093,118,375,7,1002.84,7019.9,1,0.4344,1
C04094,1133,65,2,463.68,927.36,0,0.1788,0
C04095,673,51,9,740.42,6663.75,0,0.5239,0
C04096,891,254,1,2742.72,2742.72,1,0.1139,1
C04097,224,150,4,1449.05,5796.22,0,0.339,1
C04098,644,231,8,417.82,3342.58,1,0.213,0
C04099,1336,125,13,1883.92,24490.92,1,0.2452,0
C04100,1265,163,5,1022.54,5112.7,2,0.2737,0
C04101,1196,96,2,736.35,1472.71,2,0.1733,1
C04102,523,254,5,1530.25,7651.26,1,0.2739,1
C04103,1152,252,6,1308.84,7853.02,3,0.2895,1
C04104,296,270,6,2198.05,13188.32,2,0.0921,0
C04105,641,148,10,1582.99,15829.91,0,0.5203,0
C04106,506,176,7,585.28,4096.93,0,0.3623,0
C04107,1136,125,4,1138.66,4554.63,1,0.1349,0
C04108,721,243,4,1214.15,4856.58,1,0.6921,1
C04109,879,68,5,713.71,3568.53,1,0.4487,1
C04110,221,29,5,1553.91,7769.57,2,0.5937,0
C04111,185,145,3,1007.6,3022.81,2,0.2131,1
C04112,1437,260,2,1917.74,3835.47,0,0.2248,0
C04113,257,396,5,840.22,4201.11,1,0.0806,1
C04114,130,90,2,687.13,1374.27,0,0.3209,1
C04115,1244,347,8,1093.12,8744.98,0,0.1414,0
C04116,501,89,2,971.33,1942.66,0,0.324,0
C04117,1319,38,4,1559.53,6238.11,0,0.2447,0
C04118,554,68,2,1154.03,2308.06,0,0.1195,1
C04119,976,252,13,1154.34,15006.45,0,0.2381,0
C04120,496,152,8,751.2,6009.57,1,0.2811,0
C04121,394,193,3,665.98,1997.93,1,0.2289,1
C04122,1166,110,4,1022.13,4088.53,0,0.3031,0
C04123,1359,271,8,835.03,6680.23,1,0.1929,0
C04124,92,217,5,531.09,2655.43,0,0.0129,1
C04125,1317,376,5,601.39,3006.94,0,0.356,1
C04126,375,198,6,1498.01,8988.04,0,0.021,1
C04127,1070,36,7,625.43,4377.98,1,0.2531,0
C04128,941,322,7,401.25,2808.76,0,0.6863,0
C04129,1151,221,4,588.06,2352.23,0,0.6231,0
C04130,387,102,6,747.81,4486.88,1,0.3486,0
C04131,190,27,4,1412.76,5651.04,0,0.2681,1
C04132,522,119,5,3693.26,18466.32,2,0.403,1
C04133,1141,148,8,2533.64,20269.09,1,0.3547,1
C04134,171,70,3,1673.25,5019.74,0,0.047,0
C04135,1317,180,4,1001.49,4005.95,1,0.1459,1
C04136,108,234,5,2805.92,14029.61,0,0.2381,1
C04137,1027,33,13,850.79,11060.22,0,0.1758,0
C04138,1175,1,5,1139.18,5695.88,2,0.4145,0
C04139,1401,97,3,241.66,724.99,2,0.0813,0
C04140,1086,345,6,671.91,4031.45,0,0.055,0
C04141,163,228,7,1054.4,7380.8,0,0.1537,0
C04142,220,194,6,1205.19,7231.12,3,0.6614,0
C04143,261,90,8,843.51,6748.08,0,0.2883,1
C04144,602,234,2,1845.66,3691.32,1,0.4316,0
C04145,1483,287,4,1039.62,4158.49,2,0.4406,1
C04146,520,100,5,744.81,3724.06,0,0.2663,1
C04147,1321,266,8,1545.24,12361.93,1,0.1472,0
C04148,174,50,10,1571.97,15719.72,1,0.6275,1
C04149,411,198,4,227.41,909.63,0,0.2858,0
C04150,1265,278,5,1466.05,7330.26,0,0.3454,0
C04151,1396,223,7,1088.36,7618.54,0,0.3353,0
C04152,1068,389,9,851.98,7667.78,0,0.5369,0
C04153,105,129,4,546.66,2186.63,0,0.4712,1
C04154,779,19,9,746.44,6717.92,1,0.1373,0
C04155,695,219,9,568.72,5118.49,2,0.1897,0
C04156,1273,388,7,489.33,3425.3,0,0.1428,1
C04157,314,128,6,760.73,4564.36,2,0.1873,0
C04158,1499,321,6,1765.12,10590.7,1,0.6306,0
C04159,1388,362,5,310.41,1552.03,0,0.2626,1
C04160,1304,73,10,641.65,6416.53,0,0.3522,0
C04161,1494,33,8,2225.08,17800.65,1,0.1697,0
C04162,1032,126,7,528.11,3696.8,0,0.131,0
C04163,193,81,4,1802.32,7209.28,0,0.7442,1
C04164,231,395,7,1082.36,7576.49,0,0.4078,0
C04165,1328,100,4,595.74,2382.94,0,0.1271,1
C04166,1278,359,3,839.51,2518.53,2,0.3067,1
C04167,126,315,3,646.33,1938.99,1,0.2931,1
C04168,909,368,4,533.87,2135.46,1,0.4718,0
C04169,1409,180,3,786.12,2358.36,0,0.2866,0
C04170,625,267,3,969.89,2909.68,1,0.1728,1
C04171,1383,222,8,1670.29,13362.36,1,0.5217,0
C04172,434,196,5,627.55,3137.77,0,0.6058,0
C04173,1206,118,8,221.56,1772.5,1,0.382,0
C04174,626,85,4,965.53,3862.12,1,0.3183,0
C04175,69,107,5,1439.91,7199.54,1,0.4146,0
C04176,511,114,6,617.49,3704.92,1,0.2609,0
C04177,423,259,11,1226.48,13491.25,2,0.2801,0
C04178,809,29,6,142.72,856.32,0,0.386,0
C04179,817,274,3,1306.49,3919.46,0,0.1189,0
C04180,1443,277,4,345.87,1383.47,0,0.1108,0
C04181,688,207,10,1485.55,14855.52,1,0.1852,0
C04182,113,352,7,1106.36,7744.52,0,0.3281,1
C04183,678,281,6,986.75,5920.47,0,0.5911,1
C04184,1253,246,4,584.73,2338.9,2,0.1864,1
C04185,1044,309,8,2534.45,20275.59,0,0.6202,1
C04186,1379,216,4,569.45,2277.79,0,0.4247,1
C04187,244,40,5,342.49,1712.44,4,0.4088,1
C04188,1477,274,5,985.09,4925.43,1,0.2922,1
C04189,959,93,5,1619.86,8099.28,0,0.387,0
C04190,874,25,7,905.33,6337.29,1,0.1996,0
C04191,249,248,4,1424.8,5699.18,0,0.3656,1
C04192,211,116,9,368.76,3318.83,1,0.1808,0
C04193,419,349,11,329.98,3629.81,2,0.112,0
C04194,1124,156,6,424.24,2545.47,0,0.1419,0
C04195,899,324,12,819.69,9836.33,0,0.1121,0
C04196,946,333,4,2073.12,8292.48,0,0.1354,0
C04197,1044,233,8,905.07,7240.56,0,0.3396,0
C04198,1066,107,9,766.3,6896.7,0,0.3735,0
C04199,368,177,4,354.29,1417.14,0,0.1053,1
C04200,1250,37,11,397.89,4376.84,1,0.311,0
C04201,486,12,7,1450.31,10152.14,2,0.2494,0
C04202,1379,16,7,959.02,6713.14,0,0.23,0
C04203,1150,368,1,715.57,715.57,2,0.3003,1
C04204,134,52,6,1289.73,7738.39,0,0.436,0
C04205,879,297,9,134.66,1211.94,1,0.2595,0
C04206,880,378,8,1547.41,12379.28,1,0.2508,1
C04207,486,113,5,371.85,1859.27,1,0.4383,0
C04208,855,82,4,1354.3,5417.22,0,0.4524,0
C04209,835,202,8,845.78,6766.21,0,0.0049,0
C04210,1033,239,6,983.96,5903.74,0,0.2308,0
C04211,221,95,6,1589.85,9539.09,0,0.3988,0
C04212,474,179,7,1099.43,7696.03,0,0.3257,1
C04213,648,366,6,1770.75,10624.52,2,0.2473,1
C04214,753,185,7,1048.76,7341.32,1,0.3073,0
C04215,1187,179,7,858.1,6006.68,1,0.3949,0
C04216,1166,114,6,850.21,5101.26,2,0.3402,1
C04217,1323,341,7,547.21,3830.44,2,0.2066,1
C04218,406,377,5,2328.1,11640.51,0,0.2359,1
C04219,40,247,3,1024.27,3072.8,0,0.4512,1
C04220,552,89,8,1370.87,10966.97,0,0.1268,0
C04221,1061,210,2,882.79,1765.57,0,0.3562,0
C04222,1139,59,4,1941.73,7766.9,1,0.0846,0
C04223,46,362,7,1033.13,7231.93,1,0.3831,1
C04224,1173,369,10,382.27,3822.67,1,0.4179,1
C04225,1124,55,9,309.84,2788.57,0,0.4713,0
C04226,1251,197,6,720.45,4322.71,0,0.11,1
C04227,1278,25,7,1113.2,7792.43,1,0.2619,0
C04228,999,203,7,831.29,5819.0,2,0.4279,1
C04229,1386,265,8,667.65,5341.18,0,0.1,0
C04230,204,295,9,1212.63,10913.71,0,0.5098,0
C04231,167,366,3,714.49,2143.46,1,0.1694,0
C04232,708,392,10,612.72,6127.24,0,0.1783,0
C04233,47,53,8,600.9,4807.19,0,0.0971,0
C04234,908,285,5,347.07,1735.36,2,0.4696,1
C04235,571,97,4,575.0,2300.01,0,0.2947,0
C04236,532,305,7,700.11,4900.77,1,0.2724,0
C04237,403,159,6,940.6,5643.58,0,0.2081,0
C04238,1483,241,4,1065.68,4262.71,0,0.6164,1
C04239,634,372,4,303.33,1213.31,0,0.2452,0
C04240,1298,371,6,1157.53,6945.2,0,0.1913,0
C04241,274,341,3,853.54,2560.63,0,0.016,1
C04242,184,185,2,615.09,1230.17,0,0.3305,0
C04243,1162,388,5,842.64,4213.2,1,0.4473,1
C04244,1159,0,2,775.19,1550.38,0,0.3105,0
C04245,992,309,4,1775.74,7102.95,0,0.3912,1
C04246,547,86,13,1414.9,18393.74,0,0.2461,0
C04247,610,139,2,682.61,1365.23,0,0.1821,1
C04248,43,372,3,845.49,2536.46,0,0.196,1
C04249,1063,21,5,631.28,3156.41,1,0.0386,0
C04250,1345,81,9,1794.97,16154.76,1,0.4412,0
C04251,535,246,6,1724.72,10348.34,1,0.3646,1
C04252,1020,396,7,1609.66,11267.61,2,0.1257,1
C04253,868,357,5,1703.14,8515.69,0,0.0864,0
C04254,372,221,8,848.55,6788.44,0,0.3046,0
C04255,694,178,4,2299.99,9199.95,1,0.3855,1
C04256,320,159,9,1209.94,10889.47,0,0.4633,0
C04257,518,156,6,1383.55,8301.31,2,0.1989,1
C04258,495,314,2,1659.48,3318.96,1,0.1735,1
C04259,115,317,4,256.45,1025.78,1,0.1126,1
C04260,1062,119,2,1150.8,2301.6,2,0.0477,1
C04261,493,159,8,944.18,7553.42,2,0.4656,1
C04262,861,328,6,1715.12,10290.75,1,0.2339,1
C04263,715,293,6,2184.43,13106.58,0,0.3282,1
C04264,662,208,9,600.23,5402.05,0,0.3151,1
C04265,474,83,8,1360.61,10884.85,2,0.1225,0
C04266,1249,95,6,761.86,4571.18,0,0.6234,0
C04267,1457,253,6,766.54,4599.22,0,0.1196,1
C04268,282,279,8,1551.57,12412.58,0,0.1342,0
C04269,304,227,5,526.62,2633.11,1,0.1351,1
C04270,1378,222,4,1915.92,7663.69,0,0.5422,0
C04271,599,175,4,780.74,3122.97,0,0.2159,0
C04272,1204,300,11,1215.52,13370.68,0,0.21,0
C04273,1037,131,7,1700.65,11904.53,0,0.3391,0
C04274,1406,258,8,957.77,7662.18,1,0.2847,0
C04275,426,246,8,1013.46,8107.67,0,0.2309,0
C04276,1082,94,8,795.72,6365.73,2,0.2852,0
C04277,773,379,8,452.72,3621.72,1,0.3413,0
C04278,868,296,8,504.7,4037.6,2,0.2372,1
C04279,1087,122,7,995.03,6965.19,1,0.2022,0
C04280,1157,113,6,719.8,4318.78,0,0.4452,0
C04281,1442,22,8,685.2,5481.62,0,0.1555,0
C04282,355,184,5,223.99,1119.97,0,0.0819,1
C04283,826,351,4,879.97,3519.88,0,0.1432,1
C04284,631,107,8,1430.74,11445.92,0,0.3597,1
C04285,1102,7,9,1553.05,13977.45,0,0.252,0
C04286,1135,180,7,1047.28,7330.93,0,0.0738,0
C04287,1217,25,5,1377.37,6886.85,1,0.1347,0
C04288,1038,317,3,1627.59,4882.77,0,0.5369,1
C04289,541,57,9,691.65,6224.84,1,0.3434,0
C04290,663,159,6,1049.18,6295.11,0,0.0625,1
C04291,703,298,6,1354.05,8124.33,0,0.375,1
C04292,760,100,5,608.85,3044.26,2,0.0915,1
C04293,1302,27,4,1103.38,4413.5,0,0.4685,0
C04294,522,315,3,566.88,1700.65,0,0.3533,1
C04295,969,198,10,336.65,3366.46,0,0.4306,0
C04296,884,29,8,1088.72,8709.73,0,0.1737,0
C04297,55,55,7,1038.91,7272.37,0,0.4615,0
C04298,446,357,6,845.46,5072.76,0,0.2228,0
C04299,1349,222,13,385.68,5013.83,0,0.2669,0
C04300,795,103,2,271.03,542.07,0,0.3743,1
C04301,624,194,8,951.81,7614.45,1,0.2275,1
C04302,682,394,8,888.99,7111.93,4,0.4177,1
C04303,1085,124,4,1399.04,5596.15,1,0.2923,1
C04304,900,84,4,370.22,1480.86,0,0.3148,0
C04305,533,228,5,601.97,3009.83,0,0.649,0
C04306,850,329,3,183.08,549.23,0,0.0529,0
C04307,804,122,9,1073.14,9658.26,2,0.4751,0
C04308,214,35,6,736.86,4421.16,0,0.4618,0
C04309,744,336,5,873.63,4368.16,0,0.4854,1
C04310,327,331,6,1412.19,8473.16,0,0.1179,1
C04311,130,370,6,334.51,2007.06,0,0.3881,1
C04312,1379,140,6,667.86,4007.16,0,0.5875,0
C04313,608,207,4,404.13,1616.51,1,0.2909,0
C04314,1212,188,8,1617.92,12943.33,2,0.1473,1
C04315,395,49,2,739.68,1479.36,3,0.6439,1
C04316,264,249,3,1794.0,5382.0,1,0.2631,1
C04317,910,128,2,1121.89,2243.79,0,0.5208,0
C04318,351,358,7,1543.86,10807.03,1,0.1129,1
C04319,1440,328,9,637.22,5734.99,0,0.5342,0
C04320,359,88,6,1942.51,11655.07,0,0.128,0
C04321,1175,83,7,588.72,4121.01,1,0.2224,0
C04322,332,49,6,236.95,1421.68,2,0.3786,0
C04323,1371,50,8,315.44,2523.55,0,0.0716,0
C04324,1014,181,3,648.6,1945.8,1,0.2407,0
C04325,754,385,3,795.99,2387.96,1,0.1467,1
C04326,462,211,7,1066.4,7464.78,2,0.3683,0
C04327,104,220,6,1273.33,7639.99,0,0.0764,1
C04328,792,161,5,904.01,4520.04,0,0.2934,0
C04329,389,184,7,217.8,1524.62,1,0.1556,1
C04330,636,197,10,879.69,8796.93,0,0.1656,0
C04331,737,369,5,1723.35,8616.73,1,0.4097,1
C04332,242,25,8,1298.24,10385.93,1,0.277,0
C04333,558,214,6,1749.53,10497.16,1,0.1405,0
C04334,297,231,11,2189.23,24081.48,0,0.1404,1
C04335,706,197,7,213.14,1492.0,0,0.1213,0
C04336,897,171,5,440.03,2200.16,0,0.3875,1
C04337,1311,120,9,1606.64,14459.75,0,0.2691,0
C04338,330,177,7,1113.92,7797.42,0,0.3254,0
C04339,48,270,4,594.87,2379.5,2,0.2142,0
C04340,915,125,7,1565.33,10957.34,1,0.3046,0
C04341,340,285,5,594.35,2971.74,0,0.2742,0
C04342,786,326,5,601.92,3009.58,1,0.2725,1
C04343,1453,54,8,2210.8,17686.37,0,0.0604,0
C04344,608,260,6,978.07,5868.44,1,0.4306,1
C04345,917,312,5,1291.32,6456.6,0,0.4206,1
C04346,1349,306,5,939.34,4696.7,2,0.2143,1
C04347,570,176,11,1042.2,11464.16,0,0.3159,0
C04348,252,115,11,470.97,5180.71,2,0.0316,0
C04349,326,167,14,588.22,8235.12,0,0.5262,0
C04350,45,310,8,2631.11,21048.89,0,0.2764,1
C04351,660,361,9,1802.63,16223.67,1,0.243,1
C04352,1226,214,1,2319.62,2319.62,1,0.1915,1
C04353,1219,62,4,2172.58,8690.32,2,0.2516,0
C04354,337,34,4,424.07,1696.29,0,0.4347,0
C04355,1471,195,5,351.95,1759.73,1,0.0648,1
C04356,699,211,8,307.61,2460.9,0,0.0797,1
C04357,417,180,6,496.92,2981.54,0,0.2403,1
C04358,220,300,4,1105.29,4421.14,0,0.4149,1
C04359,1214,240,8,705.81,5646.47,0,0.3112,1
C04360,1309,211,5,2680.67,13403.37,0,0.2889,0
C04361,86,88,5,636.75,3183.74,1,0.1562,1
C04362,948,268,10,1066.73,10667.33,0,0.0342,0
C04363,1134,98,1,662.74,662.74,0,0.1879,0
C04364,1460,381,4,546.5,2186.0,0,0.1282,1
C04365,1268,20,5,509.57,2547.86,0,0.3198,0
C04366,764,69,5,364.46,1822.29,1,0.3525,0
C04367,478,323,3,2363.17,7089.52,0,0.2761,1
C04368,1466,392,9,639.22,5752.97,1,0.0996,0
C04369,1067,37,5,1457.14,7285.68,2,0.3552,1
C04370,412,62,6,1170.51,7023.09,0,0.0837,0
C04371,1445,245,1,2212.27,2212.27,1,0.2586,1
C04372,713,395,5,65.25,326.23,1,0.0937,1
C04373,1006,11,8,1621.9,12975.22,0,0.4819,0
C04374,760,157,6,2009.96,12059.75,3,0.2427,1
C04375,901,236,11,427.95,4707.48,0,0.0614,0
C04376,726,250,9,468.76,4218.84,0,0.2173,1
C04377,151,91,4,1434.56,5738.22,0,0.2651,0
C04378,884,6,6,785.5,4713.0,2,0.1438,0
C04379,349,266,9,392.27,3530.44,0,0.5058,0
C04380,124,392,8,167.34,1338.69,1,0.1704,0
C04381,429,306,6,1455.31,8731.87,0,0.2759,0
C04382,1300,363,9,445.5,4009.5,0,0.1368,0
C04383,273,391,1,396.47,396.47,0,0.1069,1
C04384,1074,269,5,367.66,1838.31,0,0.0529,0
C04385,165,298,9,1614.65,14531.83,2,0.1665,1
C04386,877,68,3,655.21,1965.62,0,0.3423,0
C04387,1324,378,9,371.84,3346.55,1,0.5364,0
C04388,601,241,4,812.27,3249.06,1,0.1836,0
C04389,317,372,3,1704.14,5112.43,1,0.4719,1
C04390,516,391,3,930.9,2792.69,0,0.143,1
C04391,1299,112,9,917.11,8253.99,0,0.2907,0
C04392,1361,309,5,440.97,2204.84,0,0.274,1
C04393,1407,159,5,1153.64,5768.22,2,0.0899,0
C04394,301,31,9,2086.52,18778.7,2,0.3713,0
C04395,641,164,5,1157.6,5788.02,1,0.2373,1
C04396,544,186,11,452.83,4981.1,0,0.1633,0
C04397,445,138,6,580.73,3484.4,0,0.1998,1
C04398,401,167,8,185.46,1483.66,1,0.2035,0
C04399,1205,295,18,952.28,17141.1,3,0.3266,0
C04400,95,285,7,829.05,5803.32,1,0.0785,1
C04401,1468,153,10,319.4,3194.0,1,0.3425,0
C04402,1172,283,3,1372.16,4116.49,0,0.0468,1
C04403,245,368,4,511.5,2046.01,1,0.1101,1
C04404,868,359,6,588.4,3530.42,0,0.3769,1
C04405,526,223,9,189.16,1702.48,0,0.2401,0
C04406,356,341,5,466.87,2334.36,1,0.2191,1
C04407,1161,122,8,800.47,6403.75,0,0.0225,0
C04408,630,60,4,236.87,947.46,2,0.3994,0
C04409,37,337,7,530.6,3714.21,1,0.185,0
C04410,576,290,10,1473.58,14735.82,0,0.3426,0
C04411,586,273,6,663.29,3979.77,0,0.0541,1
C04412,496,302,3,1935.9,5807.71,0,0.0689,1
C04413,210,126,9,400.3,3602.7,0,0.1387,1
C04414,1056,110,4,425.92,1703.66,0,0.1482,0
C04415,1227,358,10,513.6,5135.99,1,0.3496,1
C04416,1351,310,6,801.29,4807.72,0,0.1018,1
C04417,410,178,5,1946.56,9732.8,1,0.5994,1
C04418,813,165,3,605.62,1816.87,1,0.1027,1
C04419,939,42,5,179.91,899.57,0,0.2579,0
C04420,302,20,6,877.19,5263.13,1,0.6343,0
C04421,874,325,7,1148.7,8040.88,1,0.2654,1
C04422,553,138,10,2372.95,23729.5,2,0.3457,1
C04423,1395,282,5,1111.26,5556.32,2,0.0274,1
C04424,1116,359,9,1244.14,11197.24,0,0.2955,0
C04425,144,15,6,486.06,2916.37,1,0.4275,0
C04426,427,110,3,992.65,2977.95,0,0.2794,0
C04427,736,54,6,1283.18,7699.08,0,0.5513,0
C04428,94,211,2,318.61,637.22,3,0.0757,1
C04429,1345,357,8,1028.39,8227.12,1,0.4666,0
C04430,1375,82,7,771.67,5401.69,0,0.3062,0
C04431,808,16,6,1174.87,7049.25,2,0.7612,1
C04432,505,267,9,1333.11,11998.01,0,0.5731,0
C04433,1442,220,7,1516.91,10618.37,0,0.4892,0
C04434,219,293,4,1155.02,4620.09,1,0.599,1
C04435,384,23,6,1119.85,6719.11,1,0.2475,0
C04436,917,86,7,1496.44,10475.08,0,0.1906,0
C04437,735,332,8,1468.09,11744.75,0,0.4617,1
C04438,305,127,10,1399.44,13994.43,0,0.0352,0
C04439,1210,63,4,600.92,2403.7,0,0.3566,0
C04440,763,378,4,340.55,1362.2,0,0.1133,1
C04441,686,239,9,1303.27,11729.41,2,0.4397,0
C04442,402,392,4,1171.86,4687.45,0,0.5714,1
C04443,398,394,4,921.58,3686.32,0,0.1061,1
C04444,1360,63,7,822.91,5760.4,0,0.0648,1
C04445,192,265,4,988.1,3952.41,0,0.2754,0
C04446,555,282,6,781.65,4689.87,0,0.159,1
C04447,1276,160,2,960.5,1920.99,0,0.1627,1
C04448,1317,342,9,824.99,7424.89,0,0.084,0
C04449,238,146,3,589.91,1769.72,0,0.2876,1
C04450,780,19,10,581.72,5817.15,0,0.0862,0
C04451,226,380,5,893.33,4466.65,0,0.2245,0
C04452,1421,218,9,1295.51,11659.61,0,0.2504,0
C04453,598,235,3,1698.44,5095.32,0,0.1567,1
C04454,1167,299,6,437.42,2624.51,0,0.2049,0
C04455,1396,398,7,436.95,3058.68,0,0.2809,1
C04456,1258,258,7,546.36,3824.5,0,0.2642,0
C04457,879,24,9,620.93,5588.36,1,0.1488,1
C04458,318,155,4,1439.62,5758.47,1,0.0384,0
C04459,564,324,4,384.7,1538.8,1,0.1921,1
C04460,1342,302,3,617.05,1851.14,0,0.4669,0
C04461,1379,74,6,189.9,1139.42,0,0.2854,0
C04462,538,71,6,1157.91,6947.47,2,0.2436,1
C04463,445,136,6,397.11,2382.68,0,0.4876,0
C04464,826,337,4,645.24,2580.94,0,0.3195,1
C04465,67,259,9,681.73,6135.61,1,0.2422,1
C04466,988,266,9,1109.66,9986.93,1,0.4296,0
C04467,556,322,3,651.39,1954.17,0,0.3374,1
C04468,1353,126,5,819.41,4097.03,1,0.6076,0
C04469,956,227,4,1150.88,4603.51,0,0.5494,1
C04470,461,200,5,514.17,2570.84,0,0.3483,0
C04471,1342,41,6,1123.37,6740.24,2,0.0629,0
C04472,1122,130,5,852.38,4261.9,2,0.5951,1
C04473,945,1,7,3024.79,21173.54,1,0.192,0
C04474,861,127,3,809.69,2429.06,1,0.1002,0
C04475,889,348,10,1428.66,14286.64,0,0.3139,0
C04476,304,28,5,912.17,4560.83,0,0.4308,1
C04477,1089,109,9,1138.11,10242.98,2,0.2803,1
C04478,454,202,5,703.11,3515.56,0,0.1258,0
C04479,336,268,7,1453.79,10176.52,1,0.5376,0
C04480,1372,37,5,1262.84,6314.21,1,0.0883,0
C04481,1335,310,5,1230.07,6150.35,0,0.3533,0
C04482,98,199,5,598.65,2993.24,0,0.5174,1
C04483,896,280,6,1112.73,6676.38,1,0.1016,0
C04484,533,230,8,431.25,3450.02,0,0.3446,0
C04485,810,40,5,1057.05,5285.24,3,0.395,1
C04486,1311,134,10,1291.38,12913.79,0,0.3629,0
C04487,971,310,4,1048.51,4194.03,0,0.3643,1
C04488,735,197,8,759.16,6073.26,1,0.478,0
C04489,171,357,5,954.89,4774.43,0,0.1604,1
C04490,323,277,6,1250.4,7502.38,1,0.4413,1
C04491,957,317,7,310.94,2176.6,0,0.5061,0
C04492,702,209,7,2223.17,15562.19,1,0.4196,1
C04493,205,204,4,301.95,1207.81,0,0.2539,1
C04494,175,223,7,633.02,4431.17,0,0.2019,1
C04495,766,79,5,1290.95,6454.73,1,0.2016,0
C04496,1041,233,2,1051.86,2103.73,1,0.201,1
C04497,1239,250,8,263.74,2109.9,0,0.1693,0
C04498,1261,3,5,410.14,2050.71,2,0.0728,1
C04499,245,280,7,974.38,6820.69,2,0.4759,0
C04500,69,152,9,750.36,6753.24,0,0.31,1
C04501,621,108,7,380.02,2660.12,0,0.2453,0
C04502,244,259,8,2183.98,17471.86,0,0.3357,1
C04503,957,256,6,1968.86,11813.13,1,0.1776,1
C04504,953,68,8,1164.24,9313.91,0,0.2968,0
C04505,982,350,9,1893.16,17038.43,2,0.1673,1
C04506,694,313,4,1213.69,4854.74,0,0.1371,1
C04507,269,152,6,174.37,1046.22,0,0.4349,0
C04508,756,25,6,710.2,4261.17,1,0.2261,0
C04509,519,212,6,787.96,4727.78,2,0.1918,1
C04510,1231,395,13,455.21,5917.79,0,0.2431,0
C04511,54,286,9,3145.12,28306.11,1,0.3692,1
C04512,986,131,8,1054.18,8433.47,0,0.4215,0
C04513,1200,296,5,1971.74,9858.68,0,0.086,1
C04514,970,320,5,837.8,4189.02,0,0.0892,1
C04515,1225,257,5,813.55,4067.77,0,0.4125,1
C04516,1279,85,3,1087.36,3262.07,1,0.3259,1
C04517,814,211,6,617.87,3707.22,0,0.3532,1
C04518,341,96,4,597.23,2388.91,1,0.3731,0
C04519,1467,281,6,979.07,5874.43,0,0.2772,1
C04520,86,8,4,1080.9,4323.62,2,0.1237,0
C04521,192,338,7,1721.89,12053.2,0,0.1973,1
C04522,912,193,7,1034.74,7243.19,1,0.1897,0
C04523,968,358,7,612.6,4288.18,0,0.243,0
C04524,172,382,7,1231.56,8620.92,2,0.2002,1
C04525,325,171,6,907.51,5445.04,0,0.256,0
C04526,466,358,10,1490.83,14908.33,0,0.2114,0
C04527,542,284,10,1863.38,18633.82,1,0.3228,0
C04528,1496,189,7,1620.7,11344.87,2,0.1426,0
C04529,95,161,7,1285.87,9001.08,1,0.2354,0
C04530,1144,355,4,735.45,2941.82,1,0.2001,1
C04531,233,344,6,1329.78,7978.7,0,0.2248,0
C04532,134,347,6,707.33,4243.98,1,0.1094,1
C04533,566,332,6,2653.55,15921.27,0,0.0381,1
C04534,72,376,5,864.57,4322.83,0,0.1593,1
C04535,869,301,6,606.97,3641.83,1,0.367,0
C04536,331,120,7,2541.03,17787.22,2,0.3803,1
C04537,744,195,3,930.96,2792.89,0,0.4037,0
C04538,450,8,7,414.41,2900.89,1,0.0947,0
C04539,1465,215,5,1159.14,5795.71,0,0.1788,1
C04540,1318,90,6,1273.84,7643.05,1,0.3932,0
C04541,1205,320,8,1378.5,11028.03,1,0.1654,0
C04542,1414,355,10,665.83,6658.26,2,0.0293,0
C04543,107,19,4,1088.68,4354.73,0,0.4414,0
C04544,272,221,7,375.62,2629.33,3,0.1703,1
C04545,70,227,4,2667.89,10671.56,1,0.0957,0
C04546,317,278,2,1507.71,3015.42,2,0.2538,1
C04547,1362,96,5,503.67,2518.34,1,0.3165,0
C04548,1258,4,1,1180.53,1180.53,0,0.0546,1
C04549,805,241,8,856.43,6851.42,3,0.3544,1
C04550,912,95,4,257.6,1030.38,0,0.0829,1
C04551,1479,190,9,454.41,4089.72,1,0.1729,0
C04552,569,300,9,621.64,5594.73,2,0.4306,0
C04553,86,255,5,349.45,1747.24,0,0.3217,1
C04554,645,359,5,399.96,1999.8,2,0.3789,1
C04555,1380,37,9,1583.05,14247.44,0,0.1791,0
C04556,807,4,11,463.85,5102.38,2,0.3357,0
C04557,1014,370,5,680.66,3403.29,1,0.2916,1
C04558,871,346,8,1257.49,10059.9,1,0.141,0
C04559,732,233,4,684.24,2736.96,1,0.4629,1
C04560,575,344,5,2084.05,10420.25,0,0.334,1
C04561,424,117,7,1765.45,12358.18,2,0.4512,0
C04562,805,382,7,1607.43,11252.04,0,0.2838,1
C04563,780,318,8,1127.17,9017.35,0,0.4402,0
C04564,1080,157,5,2102.36,10511.79,0,0.0288,1
C04565,1056,272,8,1118.92,8951.32,1,0.2609,1
C04566,912,99,4,2005.41,8021.64,0,0.2089,0
C04567,359,179,7,1376.53,9635.74,0,0.1192,1
C04568,640,187,3,690.79,2072.37,0,0.4227,0
C04569,1249,111,6,505.39,3032.32,0,0.0641,0
C04570,543,112,8,464.38,3715.06,0,0.2507,0
C04571,1281,127,3,2786.23,8358.7,0,0.2403,0
C04572,850,267,5,337.93,1689.67,0,0.3552,1
C04573,970,20,9,688.27,6194.44,0,0.2417,0
C04574,837,195,4,343.1,1372.41,0,0.7866,0
C04575,786,153,7,1795.5,12568.49,0,0.1127,0
C04576,535,336,6,2041.2,12247.23,0,0.2937,1
C04577,1361,205,7,487.23,3410.62,0,0.2786,0
C04578,701,257,5,919.81,4599.05,0,0.0332,1
C04579,560,336,2,891.03,1782.06,1,0.4168,1
C04580,477,349,8,1120.71,8965.65,1,0.4037,0
C04581,943,258,4,1519.18,6076.73,0,0.1266,1
C04582,42,249,5,1623.18,8115.92,1,0.2779,1
C04583,685,87,8,513.05,4104.37,0,0.3136,0
C04584,1491,46,6,1985.89,11915.32,0,0.3938,0
C04585,490,385,4,449.61,1798.43,1,0.2544,1
C04586,109,137,6,727.53,4365.17,0,0.4564,0
C04587,1391,88,3,251.61,754.84,0,0.3093,0
C04588,1299,182,2,571.71,1143.42,1,0.529,1
C04589,404,247,8,372.24,2977.94,1,0.4298,1
C04590,1188,72,4,1295.24,5180.94,1,0.1223,0
C04591,966,131,8,382.89,3063.1,0,0.419,0
C04592,525,296,11,763.69,8400.57,0,0.5485,1
C04593,438,48,5,436.28,2181.41,0,0.18,0
C04594,1272,180,7,1256.56,8795.93,0,0.2274,0
C04595,917,329,7,1433.03,10031.22,1,0.2984,0
C04596,1195,111,5,1089.6,5447.99,1,0.2435,0
C04597,1146,235,6,505.68,3034.08,0,0.0422,0
C04598,85,335,3,850.42,2551.26,0,0.3465,1
C04599,694,209,3,462.44,1387.32,1,0.1038,1
C04600,1320,139,7,1255.72,8790.06,1,0.1161,0
C04601,668,120,11,838.52,9223.74,0,0.3073,0
C04602,476,325,2,759.9,1519.8,0,0.1042,1
C04603,753,311,4,1658.07,6632.29,2,0.1857,1
C04604,1492,328,7,760.99,5326.92,1,0.3336,0
C04605,817,341,8,152.19,1217.55,1,0.7926,0
C04606,975,169,8,1075.85,8606.79,0,0.3241,0
C04607,781,334,3,994.88,2984.64,1,0.571,1
C04608,72,34,5,447.61,2238.05,0,0.5325,0
C04609,264,28,8,274.09,2192.69,0,0.1302,0
C04610,1474,197,6,1318.93,7913.58,1,0.2856,0
C04611,909,79,6,857.55,5145.29,0,0.58,0
C04612,244,391,7,1945.47,13618.26,0,0.3783,0
C04613,1147,49,13,455.94,5927.28,0,0.4653,0
C04614,442,106,5,1231.51,6157.55,1,0.7021,0
C04615,1106,121,4,1511.64,6046.54,2,0.1757,1
C04616,1389,120,4,888.07,3552.27,1,0.7155,1
C04617,1002,45,6,1112.2,6673.21,0,0.4502,0
C04618,1297,374,7,1703.8,11926.6,0,0.2634,0
C04619,609,70,2,1201.43,2402.86,0,0.0615,0
C04620,1341,291,3,488.18,1464.53,0,0.1493,0
C04621,813,282,5,1180.93,5904.63,0,0.2029,1
C04622,1301,87,5,386.64,1933.19,2,0.1154,0
C04623,1189,267,5,1112.96,5564.81,0,0.4581,0
C04624,1415,31,2,2060.28,4120.55,0,0.1767,0
C04625,233,113,5,1009.06,5045.29,2,0.3252,0
C04626,755,367,5,1438.34,7191.7,0,0.0101,1
C04627,735,329,5,1482.11,7410.55,1,0.368,0
C04628,646,166,5,1678.43,8392.16,2,0.2231,0
C04629,715,267,9,226.55,2038.94,1,0.1986,0
C04630,555,60,11,985.19,10837.13,0,0.1157,0
C04631,959,172,4,1447.19,5788.75,0,0.3648,0
C04632,686,13,5,115.17,575.83,0,0.5404,0
C04633,1090,8,5,792.74,3963.71,0,0.4129,0
C04634,125,382,6,1104.47,6626.79,0,0.161,1
C04635,350,262,5,536.68,2683.39,1,0.2,1
C04636,1295,57,7,290.35,2032.43,0,0.4637,0
C04637,302,313,4,1529.67,6118.67,0,0.1215,1
C04638,1105,199,7,1506.36,10544.5,1,0.102,0
C04639,253,89,11,895.63,9851.95,2,0.2887,0
C04640,733,378,2,804.49,1608.98,1,0.0961,1
C04641,968,47,10,2495.57,24955.69,1,0.2675,0
C04642,1078,288,4,2383.38,9533.53,0,0.1512,0
C04643,908,126,6,361.95,2171.71,0,0.3747,0
C04644,1247,359,5,474.35,2371.75,0,0.418,1
C04645,292,280,3,1138.1,3414.29,0,0.0655,1
C04646,237,277,1,441.86,441.86,1,0.2998,1
C04647,910,385,3,601.65,1804.95,1,0.2259,1
C04648,921,68,7,1362.75,9539.23,1,0.4048,0
C04649,1182,156,6,723.16,4338.95,0,0.1993,0
C04650,507,168,11,691.67,7608.36,1,0.399,0
C04651,249,332,8,940.79,7526.33,1,0.1563,1
C04652,435,257,6,338.14,2028.83,0,0.4305,1
C04653,334,304,8,2045.8,16366.39,0,0.0829,1
C04654,697,161,8,930.93,7447.41,0,0.1686,0
C04655,354,354,4,834.89,3339.57,2,0.2442,1
C04656,220,35,9,614.57,5531.14,0,0.1315,0
C04657,1005,265,8,772.52,6180.18,1,0.4712,0
C04658,179,368,4,2083.66,8334.64,0,0.2474,1
C04659,1346,378,4,895.0,3580.02,1,0.2802,1
C04660,975,34,3,1565.44,4696.32,1,0.2227,0
C04661,107,366,10,2080.7,20806.95,0,0.1323,0
C04662,238,302,5,2094.12,10470.59,0,0.2864,1
C04663,1292,13,4,672.02,2688.1,0,0.33,0
C04664,1395,362,4,889.87,3559.49,0,0.2413,1
C04665,637,206,3,1950.9,5852.71,1,0.4674,0
C04666,1380,160,7,1266.04,8862.26,0,0.1486,0
C04667,1254,131,8,744.88,5959.02,0,0.5482,0
C04668,997,22,5,277.1,1385.48,0,0.5016,0
C04669,1253,338,7,555.15,3886.07,0,0.2335,1
C04670,1351,398,5,1502.84,7514.21,0,0.219,1
C04671,977,163,2,1330.71,2661.41,0,0.0599,1
C04672,398,388,4,989.45,3957.81,0,0.5789,1
C04673,386,365,4,658.33,2633.3,0,0.0366,1
C04674,408,170,8,713.72,5709.74,1,0.0833,0
C04675,72,363,7,153.92,1077.44,1,0.1478,1
C04676,1118,314,6,606.68,3640.09,0,0.034,1
C04677,279,145,5,926.51,4632.54,0,0.4929,0
C04678,795,54,2,849.59,1699.17,0,0.5947,1
C04679,502,229,6,3389.44,20336.64,0,0.1198,1
C04680,1222,203,7,1004.44,7031.09,0,0.2148,1
C04681,1163,11,12,1334.62,16015.42,0,0.2022,0
C04682,688,104,7,1162.87,8140.11,2,0.1276,1
C04683,1078,142,3,1005.55,3016.66,2,0.3044,0
C04684,165,355,5,1073.23,5366.14,0,0.189,1
C04685,799,263,5,2774.05,13870.27,2,0.2132,1
C04686,209,57,3,178.32,534.97,1,0.3895,0
C04687,77,84,9,596.86,5371.76,0,0.4915,0
C04688,456,394,2,610.44,1220.88,1,0.0872,1
C04689,202,63,3,714.54,2143.61,1,0.4636,1
C04690,479,361,4,301.99,1207.97,0,0.3972,1
C04691,1394,381,8,953.6,7628.76,0,0.4672,1
C04692,1203,273,9,301.07,2709.61,0,0.169,0
C04693,1086,233,5,1801.71,9008.55,2,0.2361,0
C04694,785,378,5,1313.52,6567.62,1,0.2597,0
C04695,1374,225,3,1046.41,3139.22,0,0.279,0
C04696,1050,212,8,940.26,7522.06,1,0.1578,0
C04697,823,328,8,247.52,1980.19,0,0.2071,0
C04698,314,81,5,338.22,1691.1,0,0.1536,0
C04699,111,222,5,557.13,2785.65,0,0.384,1
C04700,1383,335,6,492.41,2954.44,0,0.3293,1
C04701,1178,258,7,1477.34,10341.35,0,0.2316,0
C04702,164,130,7,733.35,5133.48,0,0.0509,1
C04703,1484,122,7,1372.32,9606.25,2,0.4341,0
C04704,886,240,2,595.41,1190.81,2,0.2928,1
C04705,780,151,5,404.47,2022.34,0,0.4255,1
C04706,521,140,5,893.97,4469.87,1,0.0649,0
C04707,158,109,8,1476.29,11810.29,2,0.2577,1
C04708,1098,36,7,309.52,2166.61,1,0.4398,0
C04709,969,239,1,1067.6,1067.6,0,0.1839,1
C04710,305,116,5,396.24,1981.22,0,0.2186,0
C04711,1143,238,6,351.55,2109.28,1,0.1856,1
C04712,910,370,6,793.58,4761.45,2,0.6675,1
C04713,1251,66,8,1027.96,8223.69,0,0.0509,0
C04714,1247,338,3,741.17,2223.52,0,0.1987,1
C04715,1134,305,7,1344.52,9411.67,0,0.5712,1
C04716,953,94,5,1611.88,8059.39,1,0.2994,1
C04717,1469,77,7,375.91,2631.39,0,0.1912,0
C04718,446,158,5,691.09,3455.45,1,0.2102,1
C04719,593,274,9,1612.93,14516.38,0,0.124,1
C04720,1381,238,6,2976.33,17857.98,0,0.4308,1
C04721,1118,25,3,625.47,1876.4,0,0.5993,0
C04722,1151,56,8,328.64,2629.14,1,0.2847,0
C04723,1091,367,4,2397.72,9590.88,0,0.3636,0
C04724,473,89,4,1054.31,4217.25,1,0.2773,1
C04725,592,24,8,747.43,5979.43,0,0.1213,0
C04726,71,105,5,1357.79,6788.94,0,0.412,1
C04727,1341,25,5,1467.97,7339.84,2,0.2476,1
C04728,543,218,3,1940.44,5821.31,0,0.0448,1
C04729,380,34,6,617.72,3706.31,1,0.535,0
C04730,881,2,10,261.86,2618.56,0,0.1756,0
C04731,1027,181,3,618.91,1856.74,0,0.2268,0
C04732,725,262,7,1091.77,7642.41,1,0.5377,1
C04733,627,220,5,751.44,3757.22,0,0.1242,1
C04734,401,87,2,634.77,1269.54,0,0.1926,0
C04735,441,60,4,1153.66,4614.65,1,0.2445,1
C04736,1372,212,3,538.43,1615.28,1,0.2432,1
C04737,196,300,3,544.55,1633.66,1,0.3498,1
C04738,852,186,8,214.96,1719.65,1,0.0717,0
C04739,41,49,5,1267.58,6337.89,0,0.1528,0
C04740,755,163,9,858.02,7722.2,0,0.225,0
C04741,358,375,5,1243.84,6219.21,0,0.1465,1
C04742,1382,382,5,1215.71,6078.54,0,0.1555,1
C04743,1086,173,6,562.17,3373.04,2,0.3526,1
C04744,1374,381,7,2664.06,18648.4,0,0.1145,1
C04745,721,217,4,427.11,1708.43,1,0.2173,1
C04746,661,295,2,370.82,741.65,0,0.4578,1
C04747,1153,306,5,352.5,1762.48,0,0.2381,1
C04748,432,207,10,750.02,7500.17,0,0.4628,1
C04749,1456,332,9,843.46,7591.12,0,0.5035,0
C04750,864,386,8,1514.81,12118.44,1,0.2569,0
C04751,253,318,4,572.25,2288.99,0,0.1982,0
C04752,850,187,5,823.76,4118.8,0,0.1929,0
C04753,539,134,8,1085.99,8687.9,1,0.1766,0
C04754,1252,74,8,2784.01,22272.12,1,0.0704,0
C04755,333,297,5,1857.26,9286.29,1,0.2591,1
C04756,1011,271,8,590.46,4723.66,1,0.3773,1
C04757,890,34,3,1057.75,3173.26,0,0.4955,0
C04758,221,271,6,1902.83,11417.0,2,0.3502,0
C04759,1156,251,3,637.53,1912.6,0,0.2926,0
C04760,181,238,1,481.06,481.06,1,0.4587,1
C04761,344,142,4,846.03,3384.13,0,0.0731,1
C04762,503,308,3,868.92,2606.75,0,0.5949,1
C04763,1204,6,4,641.08,2564.32,1,0.5566,0
C04764,291,87,7,1453.13,10171.9,1,0.2723,0
C04765,87,316,3,619.81,1859.44,0,0.2214,1
C04766,252,304,5,682.7,3413.51,0,0.3057,1
C04767,983,351,8,2487.65,19901.21,1,0.4361,1
C04768,863,397,3,356.02,1068.05,0,0.3477,1
C04769,1275,50,4,1259.95,5039.8,0,0.4551,0
C04770,58,72,7,1670.44,11693.07,1,0.0895,0
C04771,1379,65,5,2058.95,10294.73,2,0.4442,0
C04772,1050,204,6,1861.29,11167.75,0,0.1758,0
C04773,552,51,6,2106.58,12639.46,0,0.1856,1
C04774,829,382,5,1455.37,7276.83,0,0.6205,0
C04775,187,399,1,904.09,904.09,2,0.4685,1
C04776,932,340,5,762.38,3811.92,2,0.2579,1
C04777,766,22,7,981.48,6870.36,0,0.3738,1
C04778,1309,184,5,1438.97,7194.85,1,0.2985,1
C04779,714,278,7,2118.23,14827.6,3,0.2128,0
C04780,1268,132,6,1123.68,6742.11,1,0.2388,0
C04781,949,15,8,2002.44,16019.5,0,0.2882,0
C04782,1368,135,7,2259.74,15818.19,0,0.3377,0
C04783,883,259,6,2443.03,14658.15,0,0.0752,0
C04784,78,149,3,683.05,2049.14,1,0.3448,1
C04785,322,387,3,1963.11,5889.32,0,0.0628,0
C04786,85,321,3,1377.16,4131.48,2,0.7895,1
C04787,96,68,5,903.66,4518.3,1,0.2512,0
C04788,240,348,1,885.4,885.4,0,0.1891,1
C04789,1456,275,12,438.04,5256.52,0,0.0443,0
C04790,243,126,2,1402.33,2804.66,2,0.2846,1
C04791,635,280,7,772.7,5408.91,1,0.2125,1
C04792,1452,380,7,999.11,6993.76,1,0.3945,0
C04793,875,130,3,185.65,556.95,0,0.1212,0
C04794,662,113,5,666.6,3332.98,0,0.2517,1
C04795,84,353,4,1681.33,6725.3,0,0.2718,1
C04796,277,231,8,549.04,4392.3,0,0.2965,0
C04797,285,278,6,1529.47,9176.85,0,0.2216,1
C04798,978,398,3,872.19,2616.57,0,0.1377,1
C04799,753,85,9,2439.18,21952.63,1,0.4984,1
C04800,977,308,6,590.07,3540.41,0,0.0128,0
C04801,695,56,8,972.85,7782.77,1,0.3566,0
C04802,830,88,8,1334.16,10673.29,1,0.2333,1
C04803,393,337,4,1699.29,6797.18,1,0.5487,1
C04804,79,144,7,389.42,2725.95,2,0.1425,0
C04805,1209,13,6,1888.03,11328.16,2,0.2277,0
C04806,641,139,4,1392.67,5570.69,0,0.5004,0
C04807,1363,347,5,1647.84,8239.19,1,0.1983,1
C04808,362,172,7,457.33,3201.32,1,0.2113,0
C04809,457,37,4,625.94,2503.75,0,0.3969,0
C04810,609,277,2,1173.6,2347.2,1,0.7095,1
C04811,1045,348,3,733.15,2199.46,0,0.1055,1
C04812,178,244,2,1548.49,3096.98,0,0.3206,1
C04813,265,101,4,1574.31,6297.26,0,0.2321,1
C04814,262,170,13,1677.84,21811.88,1,0.1315,0
C04815,183,322,4,805.41,3221.66,0,0.2059,1
C04816,562,69,5,806.98,4034.9,0,0.2219,0
C04817,293,399,3,478.27,1434.8,1,0.4653,1
C04818,1103,110,3,451.76,1355.27,1,0.6051,0
C04819,247,112,11,235.85,2594.36,1,0.4535,0
C04820,44,358,5,2028.67,10143.34,0,0.2608,0
C04821,748,338,10,1736.73,17367.29,2,0.2458,1
C04822,257,135,7,430.78,3015.47,1,0.1531,1
C04823,337,314,9,864.65,7781.89,0,0.269,0
C04824,816,1,4,778.05,3112.2,0,0.1513,0
C04825,406,315,9,1064.25,9578.26,0,0.2545,0
C04826,145,354,7,453.37,3173.56,1,0.499,1
C04827,357,130,6,3066.23,18397.35,1,0.2943,0
C04828,1340,100,6,479.66,2877.96,0,0.2184,0
C04829,974,330,6,1696.68,10180.07,0,0.0754,1
C04830,556,259,3,482.68,1448.03,0,0.3477,1
C04831,1385,378,5,852.42,4262.11,0,0.5368,1
C04832,916,10,12,1694.48,20333.82,0,0.1931,0
C04833,437,4,11,1006.3,11069.29,1,0.2364,0
C04834,211,14,5,141.49,707.46,0,0.1491,0
C04835,389,322,7,895.08,6265.56,0,0.3804,1
C04836,1470,38,4,2350.48,9401.92,0,0.0275,0
C04837,212,34,7,625.83,4380.81,1,0.092,0
C04838,951,110,7,1774.86,12424.03,0,0.2541,1
C04839,1477,82,8,829.02,6632.18,0,0.1509,0
C04840,914,273,6,382.44,2294.62,1,0.3763,0
C04841,1241,152,4,659.49,2637.97,0,0.2513,0
C04842,747,100,7,306.31,2144.14,0,0.4115,0
C04843,567,394,7,944.69,6612.84,1,0.1899,1
C04844,360,274,5,1181.78,5908.9,1,0.1626,0
C04845,62,290,4,1656.04,6624.15,2,0.4742,1
C04846,853,275,5,831.41,4157.04,2,0.3814,0
C04847,808,396,4,1447.54,5790.18,1,0.3902,1
C04848,1241,345,2,1620.47,3240.94,0,0.2371,1
C04849,315,156,9,1025.84,9232.57,2,0.5315,1
C04850,405,167,9,533.11,4797.96,0,0.3394,1
C04851,50,289,9,819.36,7374.22,2,0.5382,0
C04852,721,212,3,157.08,471.25,1,0.2642,1
C04853,606,267,5,2422.24,12111.2,1,0.0897,1
C04854,117,273,9,1405.44,12648.95,0,0.1067,1
C04855,1002,1,8,835.04,6680.34,1,0.2003,0
C04856,349,159,13,804.96,10464.44,2,0.3016,0
C04857,1184,37,10,414.7,4147.02,1,0.2542,0
C04858,1009,264,6,438.81,2632.87,0,0.8506,0
C04859,409,5,5,994.48,4972.4,0,0.3435,0
C04860,313,357,7,2068.84,14481.9,2,0.1816,1
C04861,741,187,8,974.35,7794.79,0,0.2399,0
C04862,1240,181,8,1880.16,15041.25,1,0.191,0
C04863,1099,230,7,1659.05,11613.37,0,0.2527,0
C04864,411,178,6,614.52,3687.11,0,0.1968,1
C04865,1484,16,6,1295.87,7775.2,2,0.1478,0
C04866,260,320,5,341.59,1707.94,1,0.2296,1
C04867,1384,99,4,1883.12,7532.48,2,0.1655,1
C04868,281,249,6,2870.44,17222.62,1,0.3796,1
C04869,491,314,9,521.71,4695.41,1,0.351,1
C04870,856,42,5,989.06,4945.32,1,0.0438,0
C04871,636,48,6,741.52,4449.11,0,0.1403,0
C04872,173,5,2,1913.64,3827.28,0,0.2935,0
C04873,1393,274,7,1682.13,11774.88,1,0.1129,1
C04874,690,388,4,519.5,2077.99,0,0.2829,1
C04875,858,181,10,851.76,8517.56,2,0.326,0
C04876,1341,305,6,608.44,3650.67,0,0.1841,0
C04877,46,32,11,1370.18,15071.97,1,0.1759,0
C04878,743,106,5,1629.39,8146.94,1,0.2206,1
C04879,1083,294,7,1276.94,8938.58,0,0.3802,0
C04880,1183,375,7,1524.49,10671.45,1,0.2162,1
C04881,711,338,3,1645.62,4936.87,0,0.3165,1
C04882,923,45,7,1620.73,11345.1,0,0.575,0
C04883,1147,213,9,708.59,6377.32,0,0.4276,1
C04884,333,294,2,1959.35,3918.7,1,0.7096,1
C04885,1373,217,4,639.36,2557.44,0,0.2205,0
C04886,1062,110,6,982.33,5893.95,0,0.1434,0
C04887,574,22,4,1104.77,4419.09,1,0.6664,1
C04888,252,255,7,1098.31,7688.17,1,0.3019,1
C04889,713,380,7,826.67,5786.71,1,0.1913,1
C04890,724,39,2,1341.32,2682.65,0,0.5006,0
C04891,676,351,10,358.93,3589.31,0,0.131,0
C04892,828,321,6,1543.93,9263.6,0,0.5743,1
C04893,597,397,4,286.07,1144.3,0,0.1266,1
C04894,899,134,11,566.64,6233.09,1,0.1385,0
C04895,740,295,11,1085.32,11938.49,0,0.1324,1
C04896,1320,93,6,692.53,4155.2,0,0.0824,0
C04897,943,248,5,655.91,3279.55,0,0.4133,0
C04898,923,41,8,235.72,1885.76,3,0.4614,0
C04899,42,349,5,738.92,3694.62,0,0.357,0
C04900,454,192,4,342.62,1370.48,1,0.4999,0
C04901,1304,374,9,1956.01,17604.09,1,0.4838,1
C04902,529,339,9,819.01,7371.07,0,0.4244,0
C04903,1309,367,3,1976.39,5929.17,1,0.0851,1
C04904,208,280,7,1027.9,7195.27,0,0.2497,1
C04905,301,14,6,2146.94,12881.64,1,0.0491,0
C04906,105,389,4,3056.68,12226.74,0,0.2366,1
C04907,205,309,5,375.66,1878.31,0,0.4109,1
C04908,141,117,10,2079.18,20791.75,2,0.192,0
C04909,1071,148,5,1524.58,7622.91,0,0.1656,0
C04910,1004,313,9,1367.4,12306.61,1,0.1389,0
C04911,1429,325,6,487.72,2926.31,0,0.2374,1
C04912,157,58,4,805.19,3220.76,1,0.6248,0
C04913,248,24,6,1842.43,11054.55,0,0.1278,0
C04914,914,268,8,2742.79,21942.33,0,0.4118,0
C04915,1236,208,4,1394.75,5579.01,1,0.086,0
C04916,959,248,7,1823.02,12761.15,0,0.4353,1
C04917,1426,392,7,1222.9,8560.28,0,0.4847,1
C04918,1070,263,10,1740.72,17407.17,0,0.4091,0
C04919,1234,240,6,1262.83,7576.98,1,0.5096,0
C04920,328,42,6,863.07,5178.4,2,0.3236,1
C04921,838,22,6,2564.43,15386.61,0,0.4054,0
C04922,515,378,6,521.64,3129.84,0,0.5453,1
C04923,1384,383,7,269.96,1889.72,0,0.1184,0
C04924,1202,338,9,809.2,7282.82,0,0.3472,1
C04925,48,112,5,976.06,4880.3,1,0.0576,1
C04926,385,337,7,1069.74,7488.2,0,0.0197,1
C04927,1297,371,6,509.58,3057.46,0,0.2669,1
C04928,1494,15,8,317.23,2537.81,1,0.2683,0
C04929,1048,91,5,979.77,4898.83,1,0.3681,0
C04930,1132,83,4,678.59,2714.38,0,0.0728,0
C04931,602,196,5,507.17,2535.86,1,0.4174,0
C04932,1379,307,5,1025.37,5126.86,0,0.3201,0
C04933,1295,51,6,1880.18,11281.06,1,0.2204,0
C04934,1064,135,9,1337.43,12036.85,0,0.4716,0
C04935,1114,352,6,769.63,4617.78,0,0.2648,1
C04936,200,75,6,1062.57,6375.44,0,0.4236,0
C04937,1200,265,6,406.1,2436.59,0,0.325,0
C04938,1363,157,9,1114.81,10033.25,0,0.08,0
C04939,449,43,5,540.89,2704.46,1,0.0556,1
C04940,1287,120,9,954.64,8591.75,0,0.1819,0
C04941,875,337,7,2012.41,14086.85,1,0.3298,1
C04942,1491,212,9,716.18,6445.62,1,0.0259,0
C04943,557,396,5,402.21,2011.03,0,0.3508,1
C04944,1296,190,4,294.76,1179.02,0,0.2928,0
C04945,993,381,3,136.69,410.08,0,0.147,0
C04946,704,10,4,909.6,3638.39,0,0.3862,1
C04947,1117,17,5,1267.86,6339.31,0,0.4053,1
C04948,621,374,9,1321.97,11897.72,0,0.3496,0
C04949,980,317,8,634.8,5078.37,1,0.0636,1
C04950,762,398,6,1554.79,9328.75,3,0.4152,1
C04951,1321,370,6,290.43,1742.55,1,0.106,0
C04952,835,262,5,214.1,1070.51,2,0.3436,1
C04953,218,397,4,1485.33,5941.31,1,0.6863,1
C04954,1015,0,3,389.7,1169.09,2,0.1549,0
C04955,841,377,6,652.38,3914.27,1,0.3912,1
C04956,935,247,5,1045.34,5226.72,1,0.1936,0
C04957,818,350,4,574.07,2296.29,1,0.4506,1
C04958,1200,242,2,557.41,1114.82,0,0.1562,1
C04959,1130,361,7,1459.54,10216.79,0,0.2668,0
C04960,1081,250,8,866.29,6930.3,2,0.0991,0
C04961,741,86,2,1494.26,2988.52,0,0.2359,0
C04962,430,216,8,344.53,2756.27,0,0.2615,0
C04963,403,382,5,690.78,3453.9,0,0.1314,0
C04964,471,262,8,1697.14,13577.12,0,0.2594,1
C04965,403,307,4,1257.63,5030.52,1,0.1595,1
C04966,1105,240,1,874.8,874.8,1,0.46,1
C04967,522,122,6,1935.27,11611.62,0,0.3331,1
C04968,1362,161,3,1809.97,5429.9,0,0.1665,0
C04969,640,182,4,1075.08,4300.32,0,0.2898,1
C04970,1217,298,5,1253.96,6269.82,0,0.0358,1
C04971,1037,127,4,266.28,1065.11,1,0.4094,0
C04972,1493,180,4,600.65,2402.61,0,0.3153,1
C04973,647,276,4,1946.72,7786.88,0,0.2901,0
C04974,174,41,4,443.03,1772.11,1,0.2542,0
C04975,353,50,7,471.89,3303.21,0,0.1138,0
C04976,202,39,7,703.27,4922.9,0,0.1462,0
C04977,230,123,4,270.44,1081.76,0,0.0665,0
C04978,1228,251,9,1315.46,11839.18,2,0.3324,0
C04979,1065,289,3,367.89,1103.68,1,0.3608,0
C04980,570,194,6,904.24,5425.47,1,0.5546,0
C04981,193,315,7,1495.24,10466.67,0,0.2037,0
C04982,1345,47,7,751.82,5262.72,4,0.2653,0
C04983,466,199,4,1660.4,6641.61,0,0.1976,0
C04984,832,343,2,177.89,355.78,0,0.1393,0
C04985,342,244,2,1254.62,2509.24,0,0.658,1
C04986,1014,12,14,1376.6,19272.33,1,0.4773,0
C04987,153,299,5,2049.93,10249.67,0,0.4138,1
C04988,497,313,3,49.86,149.59,0,0.2272,1
C04989,1330,189,6,1588.14,9528.83,0,0.4393,0
C04990,57,267,6,616.6,3699.62,1,0.1561,0
C04991,135,248,11,1071.39,11785.29,0,0.6299,0
C04992,896,110,4,738.56,2954.23,0,0.211,0
C04993,377,51,10,959.83,9598.29,4,0.4958,1
C04994,534,270,7,2819.76,19738.31,0,0.4933,0
C04995,280,381,7,578.31,4048.18,1,0.2321,1
C04996,211,134,5,1371.74,6858.68,0,0.0589,0
C04997,1283,85,6,501.59,3009.53,1,0.1156,0
C04998,994,23,12,2130.42,25564.99,0,0.4423,0
C04999,1345,180,3,837.34,2512.03,0,0.2207,0
C05000,1404,20,6,2338.96,14033.78,5,0.3492,0
C05001,844,363,5,526.06,2630.3,2,0.0754,1
C05002,108,309,9,1376.67,12390.05,0,0.3519,1
C05003,1060,152,2,1041.95,2083.9,0,0.3314,1
C05004,1238,172,6,1201.91,7211.48,0,0.3356,0
C05005,1270,84,5,1105.26,5526.31,1,0.2125,0
C05006,1149,295,5,576.85,2884.23,0,0.1457,1
C05007,483,339,6,461.62,2769.71,0,0.5422,0
C05008,82,320,5,1453.77,7268.84,0,0.242,1
C05009,791,46,9,1296.08,11664.68,0,0.1198,0
C05010,1120,194,5,499.52,2497.62,2,0.3561,1
C05011,40,327,8,494.65,3957.22,0,0.3679,0
C05012,1077,103,7,2805.35,19637.46,1,0.5176,0
C05013,396,54,8,772.41,6179.28,0,0.0388,0
C05014,184,255,5,227.01,1135.07,0,0.3076,1
C05015,799,10,4,1438.66,5754.65,0,0.3047,0
C05016,1408,113,6,166.23,997.36,2,0.1874,0
C05017,521,83,8,1254.07,10032.55,0,0.0407,0
C05018,817,181,5,935.93,4679.63,0,0.2403,1
C05019,239,130,4,801.86,3207.43,0,0.2674,1
C05020,835,295,5,511.01,2555.04,0,0.1566,0
C05021,166,162,4,790.84,3163.38,3,0.1038,1
C05022,1395,169,7,735.95,5151.64,1,0.2932,0
C05023,1280,320,7,669.27,4684.89,0,0.2554,1
C05024,485,79,4,471.37,1885.47,1,0.3947,0
C05025,1134,349,8,2343.92,18751.38,1,0.6039,0
C05026,841,265,6,2175.19,13051.12,1,0.1981,0
C05027,1185,141,6,1000.21,6001.24,1,0.4771,1
C05028,364,135,4,685.55,2742.22,0,0.1862,1
C05029,1031,66,6,363.07,2178.43,0,0.2482,0
C05030,1394,20,5,1372.68,6863.38,1,0.4753,0
C05031,286,156,6,3773.18,22639.1,2,0.1916,1
C05032,827,183,5,944.61,4723.04,2,0.1317,1
C05033,1112,309,9,651.76,5865.87,0,0.3418,0
C05034,1127,229,3,1166.64,3499.93,1,0.2954,0
C05035,847,383,5,818.62,4093.12,0,0.3329,1
C05036,868,8,7,792.34,5546.41,0,0.2518,0
C05037,52,119,9,294.32,2648.92,0,0.3131,1
C05038,893,292,4,637.65,2550.62,0,0.2547,0
C05039,104,13,3,374.59,1123.77,0,0.3883,0
C05040,326,62,5,1366.01,6830.03,0,0.5231,0
C05041,352,351,5,432.96,2164.8,0,0.283,1
C05042,865,356,9,79.13,712.17,0,0.2817,1
C05043,1188,132,6,1207.97,7247.85,0,0.2225,0
C05044,539,64,3,1660.45,4981.35,0,0.3433,0
C05045,912,257,1,1137.26,1137.26,1,0.4836,1
C05046,655,143,5,717.51,3587.56,0,0.0862,0
C05047,908,56,8,1851.06,14808.51,1,0.277,1
C05048,197,177,7,624.22,4369.56,0,0.2682,0
C05049,1481,181,5,1127.55,5637.76,0,0.2426,0
C05050,524,181,6,1551.85,9311.08,1,0.2163,0
C05051,758,171,7,1034.78,7243.48,0,0.3408,0
C05052,849,286,8,1371.26,10970.04,0,0.4595,1
C05053,706,242,5,740.43,3702.13,1,0.2984,1
C05054,689,350,7,543.29,3803.02,0,0.5703,1
C05055,709,246,3,807.94,2423.81,0,0.3315,1
C05056,1283,359,8,689.61,5516.88,1,0.2204,0
C05057,487,183,12,495.7,5948.44,0,0.2798,0
C05058,678,151,7,598.5,4189.49,0,0.3274,1
C05059,351,390,3,804.98,2414.94,0,0.0442,1
C05060,1058,0,3,1550.98,4652.94,0,0.2119,0
C05061,134,387,6,691.32,4147.92,1,0.1172,0
C05062,837,138,3,883.23,2649.69,0,0.4457,1
C05063,489,83,9,1065.41,9588.68,1,0.1245,0
C05064,665,312,4,1301.57,5206.28,0,0.6973,1
C05065,202,178,9,885.29,7967.65,0,0.13,0
C05066,641,367,5,3126.4,15632.02,1,0.2307,1
C05067,249,180,2,735.63,1471.27,0,0.4421,0
C05068,1324,394,5,671.84,3359.2,1,0.2358,1
C05069,883,165,7,575.36,4027.53,1,0.4914,0
C05070,1344,72,10,1389.78,13897.84,1,0.1334,0
C05071,358,13,3,718.93,2156.78,0,0.1374,0
C05072,587,146,2,242.34,484.68,0,0.3156,0
C05073,275,240,6,514.39,3086.37,1,0.5121,1
C05074,691,262,7,385.46,2698.21,0,0.0406,0
C05075,804,111,7,484.88,3394.18,1,0.4089,0
C05076,148,209,9,676.6,6089.38,0,0.2849,0
C05077,43,4,7,1087.5,7612.53,1,0.1308,0
C05078,54,268,8,920.44,7363.53,0,0.1478,1
C05079,875,271,2,583.72,1167.45,0,0.1528,1
C05080,884,8,7,1219.99,8539.94,0,0.2336,0
C05081,595,346,5,686.86,3434.28,0,0.304,1
C05082,33,298,6,1486.52,8919.11,0,0.1471,1
C05083,451,13,10,677.05,6770.52,2,0.1132,0
C05084,213,29,11,500.55,5506.04,1,0.438,0
C05085,122,330,4,409.62,1638.46,2,0.1301,1
C05086,348,336,5,1214.95,6074.75,0,0.6462,0
C05087,382,244,7,820.7,5744.87,1,0.7337,1
C05088,222,126,8,1079.8,8638.37,1,0.1874,1
C05089,1143,133,6,2209.36,13256.17,1,0.1864,0
C05090,1427,192,5,1204.87,6024.37,0,0.2519,0
C05091,650,235,5,1101.59,5507.95,0,0.4787,0
C05092,457,277,3,1606.76,4820.27,3,0.2828,1
C05093,974,204,8,603.4,4827.22,1,0.122,0
C05094,624,179,4,1424.31,5697.24,0,0.3085,0
C05095,1273,258,8,685.52,5484.15,1,0.1949,1
C05096,1167,356,3,923.57,2770.71,0,0.2186,0
C05097,1269,207,6,2098.38,12590.26,0,0.2283,0
C05098,339,198,3,757.5,2272.49,0,0.0886,1
C05099,1220,172,4,1283.96,5135.84,0,0.3215,0
C05100,582,362,10,1112.91,11129.14,0,0.2422,0
C05101,236,9,2,2139.23,4278.45,2,0.1489,1
C05102,773,43,4,551.3,2205.19,3,0.1448,1
C05103,1057,141,5,267.17,1335.86,0,0.5264,0
C05104,1162,169,3,400.83,1202.48,0,0.5284,0
C05105,298,128,11,1040.02,11440.22,0,0.1587,0
C05106,1091,163,6,691.09,4146.55,2,0.208,1
C05107,976,80,5,1669.33,8346.67,0,0.2371,0
C05108,1436,362,5,958.21,4791.03,1,0.2845,0
C05109,664,114,11,536.35,5899.81,1,0.1859,0
C05110,1083,65,8,785.37,6282.93,0,0.1408,0
C05111,1405,387,10,91.32,913.24,0,0.1837,0
C05112,1020,390,1,1064.47,1064.47,0,0.1947,1
C05113,589,87,7,1471.47,10300.3,0,0.1749,0
C05114,1381,107,3,1889.34,5668.01,1,0.0926,0
C05115,1226,39,4,472.91,1891.62,0,0.1832,0
C05116,73,135,9,1151.75,10365.71,1,0.1237,0
C05117,359,346,7,1981.18,13868.24,2,0.1682,0
C05118,882,85,6,270.5,1623.01,0,0.6922,0
C05119,66,205,8,117.0,936.02,0,0.346,0
C05120,365,275,4,1041.54,4166.17,1,0.275,1
C05121,1144,368,6,1786.13,10716.75,0,0.1576,0
C05122,657,73,3,3125.89,9377.66,0,0.2908,1
C05123,1069,14,7,1433.76,10036.32,2,0.1475,0
C05124,738,251,6,836.82,5020.9,2,0.1435,1
C05125,310,218,4,910.67,3642.67,1,0.451,1
C05126,1467,28,3,1047.28,3141.84,3,0.3096,1
C05127,342,122,7,2237.24,15660.67,0,0.2393,1
C05128,516,161,3,987.61,2962.82,0,0.2822,0
C05129,1348,143,5,393.31,1966.55,1,0.5299,0
C05130,532,316,2,510.8,1021.6,2,0.2126,1
C05131,668,296,9,1094.42,9849.82,1,0.1129,0
C05132,670,217,5,707.98,3539.88,1,0.253,0
C05133,865,297,2,828.87,1657.73,0,0.1353,1
C05134,1141,213,9,1379.56,12416.03,2,0.202,0
C05135,196,189,2,904.25,1808.49,2,0.0909,1
C05136,625,245,7,1110.13,7770.91,1,0.2335,0
C05137,188,13,3,523.86,1571.59,2,0.5526,1
C05138,850,2,4,1128.5,4514.0,3,0.4196,1
C05139,1140,373,5,928.39,4641.95,0,0.3048,1
C05140,681,250,8,1343.08,10744.64,0,0.3234,0
C05141,489,3,11,1728.75,19016.28,0,0.3316,0
C05142,510,368,3,2002.11,6006.33,0,0.4556,1
C05143,1108,211,3,715.16,2145.48,2,0.2561,1
C05144,1433,167,7,623.78,4366.44,1,0.2096,1
C05145,177,80,4,409.58,1638.31,2,0.0932,1
C05146,537,283,5,279.64,1398.21,1,0.6056,1
C05147,50,198,7,817.44,5722.08,1,0.1108,0
C05148,1412,381,5,1886.98,9434.88,0,0.7356,1
C05149,641,31,9,998.92,8990.32,0,0.4607,0
C05150,1155,298,6,1182.99,7097.94,0,0.3605,1
C05151,605,9,8,2262.12,18096.95,2,0.3652,0
C05152,723,244,7,1503.28,10522.97,0,0.09,1
C05153,1449,338,7,2175.18,15226.29,0,0.3571,1
C05154,158,232,3,341.64,1024.91,2,0.3752,1
C05155,74,87,8,987.93,7903.41,0,0.3687,0
C05156,1323,212,3,681.78,2045.34,1,0.4642,1
C05157,938,102,9,163.55,1471.98,2,0.6082,0
C05158,1288,200,4,524.78,2099.13,1,0.766,0
C05159,1236,7,3,528.39,1585.17,1,0.174,0
C05160,922,374,9,1447.94,13031.43,0,0.5132,0
C05161,542,324,7,300.53,2103.74,1,0.1085,0
C05162,539,8,5,312.94,1564.72,1,0.6245,0
C05163,1038,225,11,735.59,8091.46,1,0.078,0
C05164,140,208,8,1762.66,14101.3,0,0.2161,0
C05165,1190,323,1,1195.27,1195.27,2,0.2798,0
C05166,923,136,7,1266.52,8865.62,1,0.5065,0
C05167,457,176,5,702.84,3514.19,0,0.1403,1
C05168,669,139,4,855.38,3421.54,2,0.0757,1
C05169,1204,256,5,654.81,3274.04,0,0.3278,1
C05170,37,147,4,487.84,1951.37,1,0.0821,0
C05171,1454,211,6,1954.34,11726.02,0,0.0906,0
C05172,631,25,7,466.71,3266.96,1,0.5019,0
C05173,489,310,4,844.33,3377.33,2,0.1447,1
C05174,386,55,4,899.05,3596.19,1,0.2936,0
C05175,316,136,8,899.61,7196.9,0,0.327,0
C05176,594,270,7,527.2,3690.42,2,0.0437,1
C05177,1376,46,2,959.82,1919.65,0,0.3101,0
C05178,1457,259,2,1100.01,2200.01,2,0.2357,1
C05179,60,93,5,2008.39,10041.95,0,0.3462,0
C05180,290,384,9,1140.18,10261.63,1,0.2443,1
C05181,226,222,6,957.78,5746.7,0,0.387,0
C05182,1064,220,3,1082.3,3246.91,1,0.2264,0
C05183,600,110,4,364.12,1456.5,0,0.4112,1
C05184,910,340,4,814.96,3259.84,1,0.1999,1
C05185,1034,66,9,691.45,6223.02,1,0.3003,0
C05186,1459,265,6,1564.66,9387.97,1,0.1418,0
C05187,1397,354,8,2839.53,22716.22,1,0.0202,1
C05188,1306,206,10,506.27,5062.69,1,0.1252,0
C05189,819,128,6,1316.43,7898.61,0,0.3499,0
C05190,465,317,7,2676.71,18737.0,2,0.3257,1
C05191,1180,14,2,1653.0,3306.0,0,0.3895,0
C05192,1411,79,5,543.44,2717.19,1,0.1068,1
C05193,426,230,9,2033.43,18300.86,1,0.1192,1
C05194,557,114,6,317.03,1902.18,2,0.5327,0
C05195,1041,297,6,49.45,296.68,0,0.2477,0
C05196,1027,45,4,431.82,1727.29,2,0.1429,0
C05197,401,68,5,924.12,4620.62,0,0.2716,0
C05198,113,305,10,1087.54,10875.39,1,0.1084,1
C05199,1294,199,2,1640.8,3281.61,0,0.3282,1
C05200,1117,312,3,2763.09,8289.27,0,0.469,1
C05201,556,42,4,1118.89,4475.58,0,0.231,0
C05202,228,197,7,3204.15,22429.08,0,0.536,0
C05203,1098,77,6,916.55,5499.27,1,0.1206,1
C05204,252,328,4,1175.45,4701.79,1,0.1448,0
C05205,598,103,7,255.24,1786.7,0,0.0708,0
C05206,537,279,7,2104.06,14728.4,2,0.2082,1
C05207,880,318,7,1437.57,10063.02,1,0.3406,1
C05208,958,279,3,1104.1,3312.29,0,0.2241,0
C05209,957,72,5,1165.64,5828.2,0,0.1082,0
C05210,1302,60,5,217.2,1086.01,1,0.4063,0
C05211,370,37,6,1034.27,6205.61,0,0.563,0
C05212,555,335,9,491.28,4421.55,0,0.2653,0
C05213,468,148,6,1475.34,8852.04,1,0.0686,1
C05214,1038,76,7,932.96,6530.72,0,0.3713,0
C05215,411,393,4,538.5,2154.01,0,0.1382,1
C05216,1068,98,4,1060.73,4242.93,1,0.2314,0
C05217,671,215,7,270.63,1894.41,0,0.6746,0
C05218,976,272,8,101.73,813.87,2,0.3595,0
C05219,101,210,5,1247.31,6236.56,0,0.2769,1
C05220,926,200,3,1426.56,4279.69,0,0.1104,0
C05221,1487,317,7,2049.1,14343.67,0,0.3641,0
C05222,1193,28,6,1229.82,7378.91,1,0.1561,1
C05223,456,188,2,1195.07,2390.14,0,0.0775,0
C05224,634,374,7,1149.28,8044.95,0,0.2655,0
C05225,671,288,7,422.16,2955.09,0,0.1299,1
C05226,237,190,8,810.52,6484.17,0,0.2404,1
C05227,432,26,6,203.74,1222.45,1,0.3118,0
C05228,143,160,7,1450.16,10151.15,2,0.1848,0
C05229,604,110,6,701.84,4211.01,0,0.3298,0
C05230,1114,97,7,1585.36,11097.55,0,0.2319,0
C05231,1360,170,7,673.62,4715.34,0,0.3382,0
C05232,866,89,6,478.6,2871.57,2,0.6034,1
C05233,1050,132,6,880.4,5282.41,0,0.4995,0
C05234,1324,192,6,581.45,3488.72,3,0.461,1
C05235,761,13,4,2080.83,8323.32,0,0.4892,0
C05236,855,49,9,1128.42,10155.82,0,0.14,0
C05237,1033,197,4,640.91,2563.64,0,0.2516,0
C05238,209,92,8,1274.68,10197.46,1,0.1528,0
C05239,759,106,4,772.45,3089.82,2,0.1749,1
C05240,804,126,6,941.68,5650.1,0,0.2472,0
C05241,330,178,12,731.51,8778.06,0,0.1598,0
C05242,709,27,5,973.67,4868.36,0,0.2743,1
C05243,463,345,8,876.23,7009.87,0,0.5086,1
C05244,1028,101,1,888.84,888.84,1,0.1345,1
C05245,747,46,6,269.15,1614.91,0,0.6637,0
C05246,507,305,5,872.9,4364.51,1,0.2665,1
C05247,1113,201,8,844.77,6758.16,1,0.3279,0
C05248,1147,168,3,1202.05,3606.14,1,0.6498,0
C05249,108,148,4,1860.3,7441.21,0,0.4411,1
C05250,943,51,7,956.51,6695.58,1,0.2894,0
C05251,573,122,7,392.67,2748.71,0,0.1545,0
C05252,99,315,6,1290.42,7742.54,0,0.1627,1
C05253,222,157,5,1219.77,6098.86,1,0.3675,1
C05254,396,267,8,1571.03,12568.28,1,0.5546,1
C05255,995,47,6,448.48,2690.86,0,0.3072,1
C05256,682,120,8,1039.4,8315.2,0,0.5132,0
C05257,350,227,1,1979.25,1979.25,0,0.2538,1
C05258,1285,3,7,438.01,3066.06,1,0.2108,0
C05259,543,177,12,927.42,11129.07,0,0.5553,0
C05260,1392,143,6,686.36,4118.14,1,0.5275,0
C05261,632,356,3,1162.01,3486.03,0,0.4828,1
C05262,905,163,4,1206.23,4824.9,2,0.1532,1
C05263,652,21,6,948.21,5689.28,0,0.4747,0
C05264,556,347,4,359.31,1437.22,2,0.402,1
C05265,839,280,3,1219.01,3657.02,2,0.1575,1
C05266,836,199,9,942.52,8482.69,1,0.1793,0
C05267,189,15,1,202.34,202.34,1,0.0965,1
C05268,1484,96,3,1412.77,4238.3,0,0.6231,0
C05269,1218,186,7,1703.1,11921.71,0,0.2253,0
C05270,701,34,8,2267.29,18138.3,1,0.196,1
C05271,833,140,11,941.89,10360.84,0,0.4069,0
C05272,908,128,8,369.96,2959.68,0,0.2067,0
C05273,818,86,12,1336.58,16038.99,1,0.301,0
C05274,639,89,6,871.43,5228.56,0,0.1677,0
C05275,442,394,8,798.62,6388.95,0,0.2696,1
C05276,274,323,6,2326.82,13960.89,0,0.2526,1
C05277,37,209,4,1601.9,6407.6,0,0.1228,1
C05278,155,371,5,1773.19,8865.95,2,0.2619,1
C05279,925,365,7,410.15,2871.04,0,0.0111,1
C05280,723,53,6,1241.22,7447.31,3,0.2417,1
C05281,731,221,7,2305.11,16135.76,1,0.0925,1
C05282,1139,264,3,1320.3,3960.89,0,0.314,1
C05283,616,384,4,955.99,3823.94,0,0.3193,0
C05284,553,345,9,1837.05,16533.43,3,0.2246,0
C05285,830,380,5,2334.81,11674.06,0,0.4754,1
C05286,801,215,5,885.07,4425.37,2,0.0944,1
C05287,1070,27,5,398.46,1992.3,2,0.2713,1
C05288,1464,73,6,881.68,5290.1,0,0.4499,0
C05289,833,109,7,1559.16,10914.15,0,0.2667,0
C05290,117,385,7,714.46,5001.2,1,0.0383,1
C05291,664,363,6,164.43,986.58,0,0.4632,1
C05292,312,90,6,1115.22,6691.31,2,0.0883,0
C05293,1486,129,7,2944.54,20611.75,1,0.2096,0
C05294,750,80,3,176.11,528.32,0,0.4095,1
C05295,894,194,1,624.13,624.13,0,0.1999,1
C05296,775,374,7,598.4,4188.77,1,0.2631,0
C05297,430,87,8,1422.94,11383.56,2,0.2426,0
C05298,354,377,2,530.74,1061.48,1,0.2759,0
C05299,361,333,6,709.47,4256.84,1,0.068,0
C05300,800,366,3,467.08,1401.24,1,0.3266,1
C05301,727,135,8,1164.33,9314.63,0,0.2159,0
C05302,589,153,3,1584.29,4752.88,1,0.1407,0
C05303,224,235,6,371.42,2228.5,0,0.2885,0
C05304,132,198,5,488.97,2444.85,0,0.2714,0
C05305,71,195,7,1237.53,8662.71,2,0.6851,1
C05306,91,276,8,1063.95,8511.63,0,0.5519,0
C05307,851,257,7,595.39,4167.71,2,0.2706,1
C05308,417,217,5,1428.34,7141.72,1,0.5678,0
C05309,631,261,5,810.0,4050.02,0,0.3262,1
C05310,542,147,7,733.31,5133.15,1,0.4412,1
C05311,1221,76,3,1193.32,3579.97,0,0.3065,1
C05312,174,270,5,1529.54,7647.7,3,0.0885,1
C05313,37,96,9,2398.07,21582.63,0,0.4582,0
C05314,895,357,9,340.84,3067.55,0,0.1758,1
C05315,1080,127,7,855.71,5989.95,1,0.4885,0
C05316,502,34,5,2181.39,10906.96,0,0.4851,0
C05317,1079,317,4,749.87,2999.46,1,0.2015,1
C05318,92,296,9,647.76,5829.87,0,0.0848,1
C05319,1258,165,10,1602.33,16023.31,1,0.3818,0
C05320,638,330,5,1331.29,6656.47,0,0.0537,0
C05321,1226,250,5,648.06,3240.3,0,0.4542,0
C05322,1232,231,6,2116.07,12696.44,0,0.3528,0
C05323,1458,147,10,1167.8,11677.99,0,0.4015,0
C05324,721,366,9,1412.77,12714.91,0,0.1044,1
C05325,218,0,4,1122.0,4488.01,1,0.1931,1
C05326,1006,136,7,741.88,5193.19,1,0.695,0
C05327,524,216,7,460.47,3223.28,0,0.3726,0
C05328,1109,280,5,655.85,3279.23,0,0.2593,0
C05329,1434,144,7,507.83,3554.78,1,0.1455,1
C05330,32,125,5,602.02,3010.11,0,0.4499,0
C05331,1250,333,4,351.48,1405.92,0,0.2849,0
C05332,46,350,5,1974.77,9873.83,0,0.4775,1
C05333,1221,332,5,1468.03,7340.13,1,0.5378,0
C05334,1428,174,6,2087.68,12526.11,0,0.2217,0
C05335,866,261,8,118.09,944.7,1,0.1009,0
C05336,63,389,7,789.92,5529.41,3,0.0853,1
C05337,1426,40,4,582.19,2328.77,0,0.2216,1
C05338,360,151,13,2656.15,34529.9,1,0.5472,1
C05339,666,260,6,1349.09,8094.56,0,0.3526,1
C05340,1362,17,11,1147.87,12626.62,2,0.3115,1
C05341,536,178,9,502.99,4526.87,2,0.224,1
C05342,179,357,5,1320.95,6604.75,1,0.2749,1
C05343,1481,380,4,1505.86,6023.44,0,0.3862,1
C05344,1300,94,4,194.61,778.45,2,0.2791,0
C05345,533,206,8,1810.85,14486.77,0,0.32,0
C05346,471,165,7,559.04,3913.29,0,0.5229,0
C05347,1359,105,7,683.0,4780.98,1,0.0347,0
C05348,1444,342,5,581.59,2907.96,0,0.2063,0
C05349,595,240,3,1121.69,3365.08,1,0.1998,1
C05350,421,24,4,992.26,3969.04,1,0.3297,0
C05351,1098,218,5,918.79,4593.93,1,0.1543,0
C05352,845,0,7,248.86,1742.03,3,0.3579,0
C05353,743,145,7,489.11,3423.79,0,0.2688,1
C05354,174,22,3,1206.72,3620.15,0,0.2329,1
C05355,901,277,2,1157.63,2315.26,2,0.0668,1
C05356,124,375,7,1235.65,8649.55,0,0.267,1
C05357,1357,199,4,258.87,1035.48,3,0.3635,1
C05358,431,25,9,1002.6,9023.43,1,0.1407,0
C05359,1091,181,3,1848.91,5546.74,1,0.1615,1
C05360,244,177,10,627.74,6277.35,0,0.1548,0
C05361,1207,387,4,502.42,2009.69,0,0.4599,1
C05362,666,240,4,183.62,734.46,1,0.1666,1
C05363,694,213,8,1517.97,12143.76,0,0.2891,0
C05364,192,140,7,728.27,5097.91,1,0.2058,0
C05365,178,198,7,1408.54,9859.81,0,0.1399,0
C05366,1244,351,6,205.8,1234.81,0,0.1482,1
C05367,1383,325,5,956.13,4780.67,0,0.1323,1
C05368,869,329,6,1734.69,10408.12,0,0.2404,0
C05369,1466,298,5,959.33,4796.64,0,0.1509,1
C05370,568,255,4,1142.29,4569.16,1,0.2478,1
C05371,449,54,3,515.87,1547.62,1,0.3672,1
C05372,1176,365,8,535.84,4286.73,0,0.227,0
C05373,1314,203,11,1520.15,16721.65,0,0.0645,0
C05374,142,0,9,1019.06,9171.56,0,0.272,0
C05375,851,129,5,1227.44,6137.18,1,0.5352,0
C05376,1166,341,4,2188.59,8754.35,1,0.3764,1
C05377,559,257,6,2233.78,13402.67,0,0.2677,0
C05378,643,232,11,1139.53,12534.83,2,0.3049,0
C05379,67,149,8,320.4,2563.19,1,0.498,0
C05380,463,325,4,993.33,3973.32,1,0.2541,1
C05381,1206,255,8,699.83,5598.6,1,0.5606,0
C05382,1447,73,7,788.85,5521.98,0,0.0635,0
C05383,1475,195,5,936.27,4681.35,2,0.1562,0
C05384,752,318,10,1913.85,19138.55,1,0.2433,0
C05385,335,193,9,1010.19,9091.72,0,0.4073,0
C05386,1482,345,3,2204.49,6613.46,0,0.3406,1
C05387,40,382,7,391.74,2742.18,0,0.125,1
C05388,1139,81,9,1072.7,9654.32,1,0.3065,0
C05389,510,363,7,1014.86,7103.99,1,0.6378,1
C05390,466,342,8,1401.86,11214.91,0,0.6424,0
C05391,1371,393,8,733.44,5867.48,0,0.399,1
C05392,1351,287,5,713.43,3567.16,0,0.2977,0
C05393,1305,258,7,407.22,2850.53,1,0.2143,0
C05394,1092,201,5,1930.71,9653.54,0,0.1442,0
C05395,674,284,9,463.65,4172.85,0,0.2273,0
C05396,747,342,4,1432.41,5729.62,0,0.207,1
C05397,1231,76,6,877.47,5264.84,0,0.0687,0
C05398,1407,151,4,337.95,1351.81,2,0.2023,1
C05399,460,27,5,663.95,3319.73,0,0.2041,0
C05400,894,205,4,1003.24,4012.97,0,0.1893,0
C05401,875,95,4,2229.45,8917.81,1,0.0431,1
C05402,241,121,5,1314.27,6571.34,1,0.137,0
C05403,1017,137,4,3040.76,12163.05,0,0.5136,0
C05404,340,21,5,2041.65,10208.27,2,0.4521,0
C05405,195,32,10,2076.6,20765.99,1,0.322,0
C05406,888,297,8,816.66,6533.24,0,0.0785,1
C05407,259,174,6,393.25,2359.52,2,0.4169,0
C05408,1385,120,8,227.87,1822.95,1,0.5962,1
C05409,152,165,11,1562.01,17182.12,1,0.3539,0
C05410,1440,47,9,643.26,5789.31,1,0.1033,0
C05411,1493,244,7,436.85,3057.96,0,0.402,1
C05412,1469,369,3,674.7,2024.1,0,0.3081,1
C05413,601,350,7,2105.38,14737.68,1,0.5282,0
C05414,762,83,9,2049.98,18449.8,0,0.1488,1
C05415,494,360,10,660.34,6603.37,0,0.105,0
C05416,1439,94,3,878.23,2634.68,1,0.2773,0
C05417,537,257,7,1119.87,7839.11,1,0.3441,1
C05418,888,103,1,373.92,373.92,0,0.3121,0
C05419,1453,362,4,1550.88,6203.53,0,0.2114,1
C05420,188,262,5,849.81,4249.03,0,0.3879,1
C05421,67,88,3,1520.87,4562.62,0,0.2013,1
C05422,541,134,8,715.12,5720.98,0,0.0261,0
C05423,1393,219,5,1133.77,5668.83,0,0.2519,0
C05424,217,4,5,1925.31,9626.54,1,0.2262,0
C05425,873,357,5,559.92,2799.58,0,0.1161,1
C05426,1037,221,6,1276.54,7659.23,0,0.2064,0
C05427,821,374,3,922.08,2766.25,1,0.0905,1
C05428,575,277,9,890.17,8011.49,2,0.3749,0
C05429,538,398,9,482.76,4344.87,1,0.2863,1
C05430,466,209,6,812.51,4875.06,0,0.4896,0
C05431,72,323,2,2158.14,4316.27,2,0.1544,1
C05432,1360,270,7,1500.42,10502.96,1,0.0837,1
C05433,1275,26,8,1379.53,11036.24,0,0.3304,0
C05434,1257,230,6,1158.16,6948.93,0,0.3213,0
C05435,804,315,5,619.04,3095.18,1,0.0906,1
C05436,483,374,6,691.43,4148.57,1,0.2046,1
C05437,37,47,1,549.98,549.98,1,0.5408,1
C05438,1070,250,8,642.11,5136.86,1,0.0628,0
C05439,1064,324,8,347.79,2782.32,0,0.195,0
C05440,1322,151,3,1545.31,4635.94,0,0.1417,1
C05441,652,65,6,1031.33,6188.0,1,0.1751,1
C05442,996,377,8,652.75,5222.04,0,0.1938,0
C05443,609,293,8,1159.51,9276.09,3,0.3267,1
C05444,1430,141,7,976.01,6832.04,0,0.2355,0
C05445,120,340,5,901.45,4507.25,2,0.1501,1
C05446,864,31,4,2886.75,11547.02,0,0.6339,0
C05447,1018,54,4,385.01,1540.02,0,0.1899,0
C05448,102,96,3,905.94,2717.81,1,0.2138,1
C05449,982,9,3,1128.96,3386.88,1,0.2169,0
C05450,1439,293,5,2014.96,10074.81,2,0.5169,1
C05451,1454,305,8,773.77,6190.19,0,0.2905,1
C05452,144,170,4,484.54,1938.17,0,0.5851,1
C05453,188,228,8,1061.06,8488.49,0,0.2928,0
C05454,720,353,8,1464.93,11719.47,2,0.3436,1
C05455,1419,139,6,1023.34,6140.03,1,0.1876,0
C05456,655,186,8,849.01,6792.12,1,0.1904,0
C05457,732,154,5,1353.25,6766.25,1,0.3543,1
C05458,1061,16,3,2102.55,6307.65,0,0.4342,0
C05459,108,36,6,1036.94,6221.62,1,0.1691,0
C05460,1278,152,8,1024.53,8196.2,0,0.3863,0
C05461,1140,302,10,1424.98,14249.82,3,0.6005,0
C05462,1498,338,9,2576.85,23191.66,0,0.2882,0
C05463,637,359,6,861.13,5166.75,0,0.1096,1
C05464,1153,113,15,1658.19,24872.82,3,0.0403,0
C05465,162,68,2,354.89,709.77,0,0.2968,1
C05466,459,255,7,1214.13,8498.9,0,0.2265,1
C05467,216,221,4,522.66,2090.65,1,0.0553,1
C05468,930,34,4,381.63,1526.51,0,0.5372,0
C05469,1446,305,4,787.28,3149.14,0,0.3016,0
C05470,1160,276,4,1727.21,6908.84,0,0.1774,1
C05471,991,127,9,417.37,3756.32,0,0.1849,0
C05472,1070,59,3,807.1,2421.29,0,0.2295,0
C05473,1430,377,7,943.62,6605.31,3,0.4498,1
C05474,1051,239,9,909.81,8188.3,2,0.1288,0
C05475,1170,119,10,282.4,2824.0,0,0.0799,0
C05476,418,271,5,1042.86,5214.29,1,0.0407,1
C05477,950,391,10,331.14,3311.35,0,0.4734,1
C05478,1039,281,6,801.25,4807.51,0,0.6384,0
C05479,204,42,4,1010.57,4042.29,0,0.0979,0
C05480,1062,162,7,577.12,4039.87,1,0.3937,1
C05481,691,22,5,958.47,4792.36,2,0.2578,1
C05482,1475,165,4,1018.87,4075.48,0,0.1045,1
C05483,383,195,8,979.17,7833.39,1,0.1307,1
C05484,733,381,5,675.81,3379.06,3,0.2881,1
C05485,265,9,11,997.08,10967.85,1,0.4423,0
C05486,116,391,5,538.83,2694.13,0,0.1302,1
C05487,755,317,5,422.64,2113.21,3,0.4104,1
C05488,1444,121,4,424.59,1698.36,0,0.5956,0
C05489,490,290,8,2450.48,19603.86,0,0.0628,1
C05490,1326,316,7,582.47,4077.31,1,0.5887,0
C05491,1431,3,7,311.89,2183.22,0,0.0446,0
C05492,1224,358,3,870.06,2610.17,0,0.291,1
C05493,72,35,4,998.93,3995.73,0,0.3281,0
C05494,1092,221,7,565.62,3959.33,0,0.2523,0
C05495,71,183,5,873.09,4365.45,0,0.2048,1
C05496,422,169,6,292.2,1753.22,2,0.0399,1
C05497,947,388,1,271.46,271.46,2,0.3006,1
C05498,1425,24,3,483.0,1449.0,2,0.1903,1
C05499,166,330,12,1893.14,22717.71,0,0.219,1
C05500,1433,329,7,602.76,4219.34,1,0.0792,1
C05501,844,143,6,1115.01,6690.04,1,0.5768,0
C05502,1121,63,5,1078.42,5392.09,0,0.3212,0
C05503,1229,125,6,662.5,3974.99,0,0.084,0
C05504,775,294,5,1215.75,6078.73,3,0.1925,1
C05505,214,291,5,2042.8,10213.98,0,0.5084,1
C05506,1176,241,6,811.3,4867.78,1,0.3395,0
C05507,133,121,5,854.3,4271.52,0,0.607,0
C05508,234,368,5,1165.97,5829.85,1,0.2812,1
C05509,1428,281,4,1336.68,5346.71,0,0.4721,0
C05510,1372,24,4,1304.68,5218.73,2,0.1439,1
C05511,1293,16,7,2076.65,14536.52,0,0.3149,0
C05512,1411,281,8,652.94,5223.5,1,0.2825,1
C05513,392,329,5,1082.81,5414.03,1,0.311,1
C05514,1469,277,8,545.56,4364.44,0,0.0895,0
C05515,739,74,9,807.46,7267.15,0,0.7758,0
C05516,173,337,8,1027.97,8223.74,1,0.1586,1
C05517,257,145,3,608.06,1824.17,0,0.4542,1
C05518,1064,282,4,1166.07,4664.26,1,0.3869,1
C05519,1262,285,5,1432.75,7163.76,0,0.3954,1
C05520,604,107,7,460.22,3221.52,1,0.042,1
C05521,312,87,8,1218.14,9745.11,0,0.1503,0
C05522,353,295,2,509.33,1018.65,1,0.4223,1
C05523,1250,399,2,740.48,1480.96,1,0.3013,1
C05524,1234,242,5,1393.87,6969.34,1,0.4758,1
C05525,394,137,4,1011.8,4047.19,0,0.4321,0
C05526,96,145,5,878.58,4392.9,0,0.4682,0
C05527,191,225,2,315.22,630.45,0,0.3264,1
C05528,620,313,5,2245.57,11227.84,1,0.0582,0
C05529,343,343,4,754.03,3016.1,2,0.2112,1
C05530,698,323,7,678.1,4746.7,1,0.2404,1
C05531,824,389,4,521.17,2084.7,1,0.1295,1
C05532,157,195,9,1799.55,16195.91,0,0.1505,1
C05533,1331,361,11,1363.07,14993.76,2,0.1978,1
C05534,1186,270,10,1444.84,14448.42,1,0.4702,0
C05535,86,365,6,384.74,2308.46,0,0.1464,1
C05536,678,18,5,1109.92,5549.58,0,0.3767,0
C05537,240,290,3,783.58,2350.73,0,0.4058,1
C05538,1241,384,7,1003.72,7026.07,1,0.187,1
C05539,843,40,6,1059.18,6355.11,0,0.3154,0
C05540,308,383,10,786.26,7862.59,1,0.3116,1
C05541,163,96,7,2180.16,15261.11,0,0.1384,0
C05542,500,188,6,1781.17,10687.02,0,0.3025,0
C05543,540,270,4,843.82,3375.27,0,0.4399,1
C05544,474,34,5,1486.83,7434.15,0,0.3773,0
C05545,579,261,4,78.94,315.76,0,0.0777,1
C05546,226,287,4,468.64,1874.54,0,0.1349,1
C05547,747,254,8,291.95,2335.61,0,0.1398,1
C05548,454,107,3,1209.91,3629.74,0,0.3614,0
C05549,1085,50,2,435.71,871.43,0,0.0969,0
C05550,1166,260,4,252.15,1008.6,0,0.1726,0
C05551,391,103,9,989.03,8901.23,0,0.1606,0
C05552,221,58,6,1398.32,8389.9,1,0.6408,1
C05553,511,250,9,583.8,5254.16,0,0.1613,1
C05554,225,117,8,944.72,7557.75,1,0.2392,0
C05555,666,187,7,874.52,6121.64,0,0.1222,0
C05556,1396,346,2,1217.4,2434.81,1,0.2592,1
C05557,606,253,5,1619.3,8096.49,1,0.1995,1
C05558,1296,100,5,654.4,3271.98,0,0.1794,0
C05559,1083,99,4,552.46,2209.84,1,0.5865,1
C05560,1309,378,8,1366.68,10933.46,1,0.1873,0
C05561,97,213,4,1194.88,4779.54,1,0.358,0
C05562,1069,163,3,816.39,2449.18,0,0.2759,0
C05563,247,10,6,1180.97,7085.81,0,0.1864,0
C05564,924,157,13,801.93,10425.1,0,0.1199,0
C05565,233,18,8,494.99,3959.93,1,0.4565,0
C05566,1311,122,6,3460.34,20762.02,0,0.3503,1
C05567,817,121,4,503.45,2013.8,1,0.4108,1
C05568,882,78,12,1343.33,16119.91,1,0.0711,0
C05569,154,4,10,622.07,6220.74,2,0.2104,0
C05570,486,362,6,722.56,4335.36,0,0.3161,1
C05571,139,161,1,664.84,664.84,2,0.3453,1
C05572,1293,206,2,532.56,1065.13,1,0.3602,1
C05573,1178,126,6,451.41,2708.43,0,0.1361,0
C05574,954,173,8,1281.91,10255.31,1,0.1131,0
C05575,1471,199,7,769.83,5388.79,1,0.2682,0
C05576,1290,62,7,1474.66,10322.62,0,0.2416,0
C05577,83,37,3,941.58,2824.75,0,0.4785,1
C05578,1322,132,4,986.22,3944.88,2,0.3328,0
C05579,282,180,4,1492.73,5970.91,1,0.2697,0
C05580,217,387,4,804.06,3216.24,1,0.3038,1
C05581,778,67,7,504.42,3530.91,0,0.1596,0
C05582,957,69,7,1552.48,10867.34,0,0.2555,0
C05583,1353,174,5,513.11,2565.53,0,0.4567,0
C05584,794,361,11,620.55,6826.1,1,0.0583,1
C05585,771,79,8,836.75,6693.99,0,0.2234,1
C05586,166,211,7,1875.46,13128.21,1,0.1086,0
C05587,587,264,7,525.35,3677.48,1,0.2752,1
C05588,326,389,6,782.25,4693.49,0,0.6107,1
C05589,1263,78,6,488.62,2931.71,0,0.5389,0
C05590,568,161,2,303.24,606.49,1,0.3386,1
C05591,1162,13,9,4796.83,43171.46,1,0.1019,0
C05592,117,149,7,1283.04,8981.31,1,0.4046,1
C05593,1206,392,5,842.48,4212.39,0,0.555,1
C05594,952,245,7,1507.09,10549.64,3,0.3168,1
C05595,374,278,6,1669.96,10019.77,1,0.1438,1
C05596,1163,244,8,861.44,6891.49,0,0.273,0
C05597,985,310,9,1172.53,10552.75,0,0.4804,0
C05598,985,64,5,2169.71,10848.55,1,0.197,0
C05599,299,20,10,968.3,9683.0,0,0.2063,0
C05600,722,259,7,771.19,5398.31,2,0.3544,1
C05601,700,263,10,886.85,8868.46,0,0.2324,1
C05602,328,182,5,1723.08,8615.41,0,0.0505,1
C05603,1263,212,5,459.86,2299.32,2,0.3841,1
C05604,921,27,7,528.12,3696.81,0,0.2426,0
C05605,1199,367,5,784.04,3920.18,0,0.1322,1
C05606,1432,76,11,1865.47,20520.17,0,0.2648,0
C05607,846,278,4,601.15,2404.62,1,0.0835,0
C05608,474,144,6,1791.97,10751.83,0,0.0695,1
C05609,1161,82,5,488.74,2443.69,2,0.538,1
C05610,877,24,4,1459.45,5837.8,0,0.1799,0
C05611,129,64,4,435.05,1740.2,0,0.3626,0
C05612,540,280,5,586.13,2930.64,1,0.1401,1
C05613,1249,90,6,635.51,3813.05,0,0.471,0
C05614,867,242,6,1164.16,6984.96,0,0.1826,1
C05615,1197,243,9,1940.29,17462.6,2,0.2859,1
C05616,1453,64,7,425.02,2975.13,3,0.1066,0
C05617,1120,177,5,1750.08,8750.38,0,0.4603,0
C05618,481,198,8,1397.01,11176.1,1,0.2276,0
C05619,241,382,3,582.04,1746.13,1,0.0977,1
C05620,344,341,3,809.14,2427.41,0,0.3346,1
C05621,343,300,3,676.1,2028.29,0,0.2435,1
C05622,674,133,9,1066.07,9594.6,0,0.3556,1
C05623,352,47,6,1352.8,8116.78,1,0.3471,0
C05624,1114,116,6,549.07,3294.4,1,0.2671,0
C05625,1035,380,7,314.05,2198.34,0,0.4827,1
C05626,180,153,9,456.43,4107.85,0,0.3284,0
C05627,442,302,4,834.29,3337.15,0,0.3959,1
C05628,175,44,3,340.64,1021.93,2,0.5726,0
C05629,223,11,5,776.62,3883.09,2,0.3159,1
C05630,937,181,6,257.8,1546.82,0,0.0503,0
C05631,857,361,4,772.44,3089.74,1,0.5535,1
C05632,359,331,3,2143.75,6431.25,0,0.1079,1
C05633,554,262,5,972.6,4862.99,2,0.3012,0
C05634,1379,76,2,1025.36,2050.73,0,0.1369,0
C05635,736,147,4,1202.14,4808.55,1,0.1906,1
C05636,1222,90,2,823.16,1646.32,1,0.2223,1
C05637,1103,22,1,1630.92,1630.92,0,0.2748,0
C05638,471,48,5,1424.66,7123.28,0,0.2109,0
C05639,370,321,7,1505.5,10538.5,0,0.3553,1
C05640,1380,17,4,491.63,1966.51,1,0.1581,0
C05641,1362,85,11,549.67,6046.37,0,0.2547,0
C05642,286,148,4,1900.48,7601.91,2,0.088,1
C05643,1086,188,7,2491.18,17438.23,1,0.2791,0
C05644,280,358,6,843.78,5062.65,0,0.1306,1
C05645,1232,382,2,1627.24,3254.49,0,0.3137,1
C05646,65,392,6,467.06,2802.34,0,0.5496,1
C05647,637,304,8,1118.78,8950.22,0,0.2485,1
C05648,553,39,7,423.15,2962.04,2,0.4796,1
C05649,892,222,8,1851.08,14808.64,1,0.2843,0
C05650,1171,307,1,1224.67,1224.67,0,0.7817,1
C05651,1183,150,9,975.29,8777.59,0,0.5794,0
C05652,564,346,1,955.38,955.38,0,0.2204,0
C05653,99,264,9,1743.79,15694.15,0,0.25,1
C05654,1395,247,2,731.36,1462.71,1,0.3382,1
C05655,568,240,9,915.38,8238.38,0,0.0514,1
C05656,1403,113,4,738.83,2955.33,1,0.3233,1
C05657,198,98,7,691.22,4838.54,2,0.1304,0
C05658,1116,39,4,626.56,2506.22,1,0.0146,1
C05659,1207,320,8,558.22,4465.77,0,0.8124,0
C05660,316,333,5,1910.7,9553.48,0,0.1992,1
C05661,1458,47,2,1247.76,2495.52,1,0.2622,0
C05662,146,75,6,560.93,3365.56,0,0.2827,0
C05663,1357,84,8,913.6,7308.77,0,0.097,0
C05664,380,247,4,1213.15,4852.58,1,0.3796,1
C05665,1380,57,6,2444.82,14668.9,0,0.5621,0
C05666,493,18,7,1364.46,9551.22,0,0.2366,0
C05667,581,243,7,1111.47,7780.3,2,0.2151,1
C05668,904,13,5,414.79,2073.95,0,0.214,1
C05669,795,14,3,1470.44,4411.33,0,0.2722,0
C05670,1336,20,14,1465.46,20516.43,0,0.2585,0
C05671,602,382,4,604.33,2417.33,1,0.6663,1
C05672,558,387,4,1059.89,4239.56,0,0.8683,1
C05673,567,249,8,659.27,5274.13,1,0.1457,0
C05674,829,175,4,1833.8,7335.22,0,0.2099,1
C05675,51,360,4,1662.98,6651.93,0,0.2458,1
C05676,815,35,6,1458.47,8750.8,1,0.2575,1
C05677,898,49,12,145.56,1746.73,0,0.1541,0
C05678,595,195,5,1080.24,5401.21,0,0.0744,0
C05679,1225,84,3,707.51,2122.53,1,0.3977,0
C05680,70,191,2,820.46,1640.91,1,0.1625,1
C05681,613,301,5,833.14,4165.71,1,0.2367,1
C05682,494,6,5,1104.34,5521.71,2,0.1247,0
C05683,1280,337,2,1879.53,3759.06,0,0.2811,1
C05684,1072,355,7,1240.4,8682.83,2,0.3109,0
C05685,686,107,4,3289.28,13157.14,1,0.2116,1
C05686,495,353,9,1223.53,11011.74,0,0.0551,1
C05687,969,289,4,431.59,1726.36,1,0.176,1
C05688,1105,119,2,491.6,983.2,0,0.0897,0
C05689,47,337,6,258.22,1549.33,0,0.1878,0
C05690,1481,399,12,1666.11,19993.36,3,0.2081,1
C05691,942,120,3,778.04,2334.11,0,0.184,0
C05692,623,295,4,865.63,3462.51,0,0.0917,1
C05693,462,139,7,702.53,4917.68,0,0.1613,0
C05694,967,231,6,4772.73,28636.36,0,0.2536,1
C05695,1208,163,2,284.39,568.77,1,0.3831,1
C05696,1286,10,6,429.49,2576.92,1,0.0557,0
C05697,32,304,6,1513.2,9079.2,0,0.4922,0
C05698,931,1,8,479.31,3834.5,1,0.2668,0
C05699,190,142,5,808.7,4043.52,1,0.1896,0
C05700,407,257,6,1588.89,9533.31,0,0.3339,1
C05701,1232,42,10,247.3,2473.03,2,0.1416,0
C05702,217,111,3,1100.89,3302.67,0,0.4027,0
C05703,685,224,7,3144.28,22009.99,0,0.1359,0
C05704,52,123,8,1086.84,8694.68,0,0.1606,0
C05705,424,21,5,1457.99,7289.93,1,0.1635,0
C05706,822,229,6,1185.26,7111.55,1,0.3569,1
C05707,57,223,8,2549.34,20394.75,1,0.444,1
C05708,1368,2,5,408.02,2040.09,1,0.4492,0
C05709,557,119,7,278.23,1947.61,0,0.1313,0
C05710,119,218,5,570.51,2852.56,0,0.0438,0
C05711,1197,275,7,1077.18,7540.23,1,0.1003,1
C05712,80,98,2,1236.68,2473.37,2,0.3286,1
C05713,808,73,7,319.93,2239.54,1,0.1399,1
C05714,489,117,4,908.76,3635.06,0,0.2985,1
C05715,202,299,2,1474.45,2948.9,1,0.4653,1
C05716,533,110,3,494.12,1482.36,1,0.1107,1
C05717,577,371,4,389.48,1557.93,1,0.1547,1
C05718,566,24,8,3349.21,26793.7,1,0.517,0
C05719,537,297,3,337.24,1011.72,0,0.015,1
C05720,218,383,6,974.29,5845.72,0,0.5308,1
C05721,185,120,10,387.83,3878.32,0,0.3361,0
C05722,1451,116,1,2441.16,2441.16,0,0.2599,1
C05723,572,217,8,903.27,7226.2,0,0.107,0
C05724,1459,265,2,2145.72,4291.45,1,0.4304,0
C05725,233,335,6,1212.09,7272.55,1,0.1307,1
C05726,1115,359,7,1451.37,10159.57,0,0.3587,0
C05727,1076,315,4,1484.04,5936.17,0,0.102,1
C05728,833,147,8,1700.81,13606.45,1,0.2595,0
C05729,363,22,7,595.03,4165.23,0,0.2721,1
C05730,365,200,9,1764.7,15882.34,1,0.2968,0
C05731,453,24,10,751.42,7514.25,1,0.1332,1
C05732,1055,306,7,649.74,4548.18,1,0.0249,1
C05733,252,44,4,1015.21,4060.84,1,0.397,0
C05734,295,38,11,554.39,6098.29,0,0.2226,0
C05735,1198,183,8,1201.88,9615.03,0,0.5646,0
C05736,37,238,5,1346.93,6734.64,1,0.0784,1
C05737,1396,72,4,1809.92,7239.68,1,0.1095,0
C05738,1200,232,6,911.78,5470.66,2,0.0233,1
C05739,313,280,6,997.21,5983.23,0,0.2465,1
C05740,284,59,6,1570.93,9425.58,0,0.1004,0
C05741,805,359,6,997.65,5985.9,1,0.5594,1
C05742,667,74,2,378.59,757.18,2,0.3598,1
C05743,1367,8,7,735.92,5151.47,0,0.2552,0
C05744,506,368,4,1057.79,4231.16,0,0.2249,1
C05745,1416,297,4,1568.71,6274.82,1,0.276,1
C05746,864,298,6,1585.55,9513.3,1,0.1038,1
C05747,233,15,7,703.46,4924.25,0,0.235,0
C05748,618,193,6,1473.51,8841.07,2,0.1944,1
C05749,910,31,3,781.02,2343.07,1,0.3542,1
C05750,450,312,7,618.3,4328.07,0,0.4015,1
C05751,772,173,7,557.72,3904.05,1,0.4078,0
C05752,988,351,7,1192.08,8344.55,1,0.5905,0
C05753,631,399,3,1334.59,4003.76,0,0.0881,1
C05754,1211,123,10,1699.82,16998.22,0,0.4387,0
C05755,1227,118,7,1434.65,10042.56,0,0.3997,0
C05756,1450,391,8,413.7,3309.57,0,0.23,0
C05757,67,204,5,1949.25,9746.26,2,0.1085,1
C05758,259,285,6,1271.86,7631.13,1,0.2483,1
C05759,1267,390,7,2660.22,18621.52,0,0.2095,0
C05760,1267,165,3,1799.88,5399.65,1,0.0941,0
C05761,375,251,4,568.47,2273.89,0,0.4255,1
C05762,1477,310,7,1425.03,9975.23,0,0.0752,0
C05763,241,145,6,503.96,3023.79,1,0.075,1
C05764,1369,265,2,1025.19,2050.39,1,0.1605,1
C05765,956,130,6,322.46,1934.74,1,0.5454,1
C05766,1379,310,8,740.74,5925.93,1,0.2177,0
C05767,1413,112,6,1292.05,7752.3,2,0.1208,1
C05768,250,194,2,505.76,1011.51,0,0.0943,0
C05769,792,32,4,493.12,1972.47,0,0.1332,0
C05770,569,345,8,1494.47,11955.73,0,0.1427,1
C05771,1446,41,8,732.97,5863.73,1,0.3033,1
C05772,1445,14,6,649.7,3898.17,2,0.3014,1
C05773,932,292,4,400.01,1600.04,0,0.5481,1
C05774,428,72,4,1410.32,5641.29,0,0.2747,0
C05775,906,222,8,527.71,4221.64,0,0.1533,0
C05776,903,397,9,786.97,7082.73,0,0.2822,0
C05777,303,51,3,1931.92,5795.76,2,0.2646,1
C05778,1050,88,6,1088.78,6532.68,2,0.1523,0
C05779,248,161,4,1569.76,6279.04,1,0.1874,0
C05780,134,321,4,2023.07,8092.28,0,0.7831,1
C05781,956,93,4,524.97,2099.89,0,0.6645,0
C05782,1229,389,9,544.26,4898.37,0,0.5753,0
C05783,121,167,5,549.34,2746.68,0,0.3546,0
C05784,919,284,7,1454.63,10182.44,0,0.2855,0
C05785,1460,249,7,1548.15,10837.07,0,0.2573,0
C05786,1446,187,3,477.32,1431.96,0,0.0993,0
C05787,438,49,6,176.53,1059.15,2,0.401,1
C05788,1475,167,6,224.48,1346.86,2,0.3536,1
C05789,711,287,4,2131.46,8525.84,0,0.1442,0
C05790,189,70,5,1269.18,6345.92,2,0.141,1
C05791,297,15,5,2303.45,11517.25,1,0.3742,0
C05792,782,210,10,232.87,2328.72,0,0.4804,0
C05793,691,4,6,452.2,2713.21,0,0.3626,0
C05794,210,128,4,1313.79,5255.18,2,0.1739,1
C05795,369,338,2,2082.25,4164.49,1,0.2271,1
C05796,985,88,7,3528.76,24701.35,0,0.2403,0
C05797,1262,285,3,834.1,2502.3,0,0.1916,1
C05798,623,39,9,682.68,6144.12,2,0.18,0
C05799,123,33,5,1186.65,5933.27,0,0.0248,0
C05800,800,148,6,766.03,4596.17,1,0.0698,1
C05801,641,24,3,814.89,2444.66,1,0.08,1
C05802,868,280,4,154.94,619.75,0,0.2923,1
C05803,1158,331,6,957.36,5744.14,0,0.4818,0
C05804,1096,53,4,902.89,3611.57,0,0.6322,0
C05805,1330,35,3,1616.66,4849.98,0,0.3981,0
C05806,1192,228,6,2012.97,12077.81,0,0.1445,1
C05807,1452,297,11,1005.72,11062.94,1,0.4385,0
C05808,661,61,6,361.61,2169.65,1,0.2536,0
C05809,114,249,3,1664.07,4992.21,0,0.4552,1
C05810,828,119,8,465.51,3724.09,1,0.3681,0
C05811,223,336,6,2116.15,12696.9,3,0.1886,1
C05812,189,266,8,460.72,3685.76,0,0.1198,1
C05813,394,181,3,565.34,1696.01,0,0.2816,0
C05814,226,208,2,1542.72,3085.44,0,0.1792,1
C05815,1434,231,4,665.24,2660.98,0,0.3199,1
C05816,856,141,6,905.11,5430.67,0,0.1128,0
C05817,1453,55,8,1305.98,10447.85,0,0.1377,0
C05818,872,278,7,1692.2,11845.38,1,0.1851,0
C05819,875,353,8,870.14,6961.08,0,0.0509,1
C05820,142,221,7,1122.64,7858.45,0,0.1844,0
C05821,1108,144,8,935.03,7480.2,1,0.4573,0
C05822,738,356,8,1631.07,13048.58,1,0.1385,1
C05823,719,90,4,394.41,1577.62,1,0.0414,0
C05824,1410,167,10,1230.51,12305.09,0,0.1186,0
C05825,1359,11,4,860.59,3442.35,0,0.1755,0
C05826,815,257,7,747.35,5231.43,0,0.0434,0
C05827,190,181,6,700.76,4204.58,0,0.3554,0
C05828,1162,321,3,711.16,2133.48,1,0.2951,1
C05829,1209,0,8,738.98,5911.81,0,0.4964,0
C05830,141,265,5,316.81,1584.06,0,0.133,1
C05831,732,247,4,1541.59,6166.36,0,0.1053,1
C05832,437,195,10,606.04,6060.43,1,0.3505,1
C05833,698,295,6,663.14,3978.86,1,0.1445,1
C05834,1211,26,8,543.87,4350.95,1,0.0315,0
C05835,865,44,5,1891.63,9458.15,0,0.4159,1
C05836,311,347,4,625.28,2501.12,1,0.3416,0
C05837,727,186,7,3056.22,21393.57,1,0.1558,1
C05838,1024,27,8,798.97,6391.79,0,0.1328,0
C05839,1284,184,2,451.95,903.9,0,0.1976,1
C05840,214,188,4,1212.39,4849.54,0,0.5276,1
C05841,383,54,8,1194.61,9556.9,2,0.1519,0
C05842,439,87,5,1128.69,5643.47,0,0.4725,1
C05843,216,203,2,768.16,1536.33,0,0.425,1
C05844,610,300,7,1197.9,8385.31,0,0.2709,1
C05845,970,263,5,935.93,4679.67,2,0.243,0
C05846,925,268,5,457.11,2285.56,1,0.1479,1
C05847,1134,281,7,1488.22,10417.54,1,0.385,0
C05848,515,86,6,2163.43,12980.57,1,0.5659,0
C05849,758,51,6,1087.12,6522.7,0,0.5643,0
C05850,1383,288,5,2550.89,12754.44,1,0.7836,0
C05851,987,291,8,902.24,7217.92,0,0.1681,0
C05852,667,137,6,956.45,5738.73,1,0.2114,1
C05853,737,265,10,545.63,5456.28,0,0.1453,0
C05854,416,109,11,722.04,7942.44,1,0.5831,0
C05855,1253,60,8,1284.05,10272.43,1,0.3651,0
C05856,606,48,5,687.21,3436.03,1,0.1814,1
C05857,1075,79,7,2004.71,14032.99,0,0.1869,0
C05858,866,131,9,1424.41,12819.67,0,0.168,0
C05859,1441,129,2,1090.92,2181.84,0,0.3309,1
C05860,470,387,7,925.07,6475.5,1,0.0234,1
C05861,920,293,5,1030.71,5153.54,0,0.2519,1
C05862,1075,67,4,973.45,3893.81,1,0.0563,0
C05863,1021,131,9,668.39,6015.49,2,0.1614,0
C05864,1382,363,7,583.4,4083.78,0,0.3916,1
C05865,811,302,6,3033.3,18199.82,0,0.428,0
C05866,644,382,11,1457.03,16027.29,0,0.1633,0
C05867,829,268,9,2246.88,20221.91,2,0.225,1
C05868,466,214,6,227.7,1366.19,0,0.1157,0
C05869,144,292,6,87.24,523.47,1,0.3731,1
C05870,1347,249,2,568.29,1136.59,0,0.1959,1
C05871,685,29,2,1326.1,2652.2,1,0.0978,1
C05872,1103,162,4,567.6,2270.41,0,0.3873,1
C05873,378,177,7,1286.13,9002.93,1,0.3206,1
C05874,294,220,7,1055.42,7387.94,0,0.1659,1
C05875,1452,68,5,699.8,3498.99,2,0.713,0
C05876,297,313,7,1378.52,9649.62,0,0.0789,0
C05877,1348,31,10,2193.9,21939.04,0,0.1817,0
C05878,963,374,7,1804.06,12628.44,0,0.4421,0
C05879,632,117,5,1480.37,7401.87,0,0.5401,1
C05880,557,212,5,1937.61,9688.04,0,0.2957,0
C05881,189,256,7,453.48,3174.34,0,0.2725,0
C05882,535,155,6,1815.3,10891.78,0,0.2405,1
C05883,595,289,4,820.05,3280.18,1,0.1207,0
C05884,202,19,2,922.8,1845.6,0,0.1395,0
C05885,1490,362,10,672.94,6729.42,1,0.4025,0
C05886,1370,149,7,1780.46,12463.19,0,0.1661,0
C05887,130,287,4,675.36,2701.43,0,0.0361,1
C05888,911,1,10,1490.47,14904.69,1,0.4098,0
C05889,1354,33,7,1542.34,10796.37,1,0.1464,0
C05890,146,135,6,624.9,3749.41,1,0.0858,0
C05891,186,282,2,1600.26,3200.51,1,0.7912,1
C05892,439,357,3,303.24,909.73,0,0.3916,1
C05893,849,33,3,1885.08,5655.24,0,0.2507,0
C05894,878,381,6,738.51,4431.06,0,0.2376,0
C05895,1306,331,10,508.66,5086.63,0,0.2055,1
C05896,1358,348,5,294.03,1470.14,1,0.208,1
C05897,938,15,3,1516.66,4549.99,0,0.4331,0
C05898,111,81,9,1531.29,13781.59,0,0.1625,0
C05899,285,220,5,2057.21,10286.05,2,0.1431,1
C05900,1177,183,5,1014.9,5074.48,1,0.1869,0
C05901,1493,327,5,794.32,3971.6,2,0.4119,1
C05902,184,396,5,301.01,1505.04,1,0.1139,1
C05903,1295,145,7,973.19,6812.32,0,0.2137,0
C05904,619,260,9,424.83,3823.44,3,0.1686,1
C05905,252,166,6,716.15,4296.88,1,0.2752,1
C05906,1106,383,2,1925.07,3850.14,0,0.0226,1
C05907,790,263,8,1096.58,8772.64,0,0.0979,0
C05908,345,194,6,555.21,3331.27,1,0.2398,1
C05909,984,128,8,569.13,4553.06,1,0.2874,0
C05910,271,22,5,789.48,3947.41,1,0.3418,0
C05911,897,378,3,804.79,2414.37,0,0.4276,1
C05912,1186,243,7,280.78,1965.44,1,0.3519,0
C05913,550,79,6,551.75,3310.5,0,0.0535,0
C05914,256,127,13,2247.83,29221.76,0,0.5034,0
C05915,1231,14,13,631.29,8206.74,0,0.2701,0
C05916,204,233,4,807.11,3228.43,1,0.1182,0
C05917,440,376,3,848.66,2545.98,1,0.0432,1
C05918,91,253,6,494.47,2966.82,0,0.3735,1
C05919,476,184,5,1542.17,7710.83,0,0.4106,1
C05920,105,153,9,696.33,6266.98,1,0.4957,1
C05921,834,323,4,554.83,2219.3,1,0.0749,1
C05922,212,323,8,1676.91,13415.29,0,0.3314,0
C05923,123,268,5,622.15,3110.73,0,0.2516,1
C05924,1217,125,4,1322.34,5289.38,0,0.5689,0
C05925,144,313,6,512.21,3073.28,0,0.3373,0
C05926,587,98,7,1336.57,9356.01,0,0.3472,0
C05927,1450,141,8,999.51,7996.04,0,0.3834,0
C05928,638,124,6,774.9,4649.42,0,0.2662,0
C05929,667,378,3,400.16,1200.48,0,0.3091,1
C05930,1038,371,7,1812.13,12684.91,2,0.5229,1
C05931,859,106,5,1328.28,6641.38,0,0.1097,0
C05932,1207,399,5,1625.61,8128.07,0,0.2532,0
C05933,1485,249,5,1196.89,5984.43,2,0.1479,0
C05934,898,335,7,3491.61,24441.24,0,0.2695,1
C05935,1463,211,5,1160.08,5800.38,2,0.101,0
C05936,209,137,4,2005.77,8023.09,1,0.443,1
C05937,1163,25,3,830.81,2492.44,2,0.3861,0
C05938,812,318,7,257.06,1799.39,2,0.4938,1
C05939,891,325,7,846.23,5923.64,0,0.3025,0
C05940,1240,179,10,131.73,1317.28,0,0.0079,0
C05941,395,36,5,195.1,975.5,1,0.2245,0
C05942,878,234,6,794.23,4765.38,0,0.3639,1
C05943,297,307,6,757.97,4547.82,1,0.5121,1
C05944,1221,207,6,144.18,865.08,0,0.4849,0
C05945,205,179,5,407.1,2035.52,0,0.5284,1
C05946,309,348,4,1696.82,6787.28,0,0.0593,1
C05947,579,275,5,638.12,3190.61,0,0.0932,1
C05948,794,371,11,990.59,10896.45,0,0.2235,0
C05949,418,155,5,1191.13,5955.63,1,0.0467,1
C05950,835,202,10,797.05,7970.49,0,0.7263,0
C05951,1271,266,7,1755.67,12289.71,1,0.1381,0
C05952,211,61,5,403.72,2018.6,0,0.1198,0
C05953,1381,255,9,1262.1,11358.91,1,0.2745,0
C05954,1032,28,4,310.4,1241.61,1,0.1831,0
C05955,919,159,1,1339.78,1339.78,0,0.2231,1
C05956,891,139,6,852.47,5114.83,1,0.4572,0
C05957,989,341,10,836.2,8362.04,0,0.0618,0
C05958,592,271,7,1506.67,10546.72,1,0.1253,1
C05959,816,378,6,786.88,4721.3,2,0.1411,1
C05960,94,17,10,934.99,9349.86,1,0.1786,0
C05961,192,378,4,1623.42,6493.7,1,0.7459,1
C05962,831,8,6,845.82,5074.92,1,0.378,0
C05963,1290,322,8,1176.61,9412.85,0,0.3144,0
C05964,37,32,6,1726.74,10360.43,0,0.2242,1
C05965,87,70,6,586.42,3518.52,2,0.2767,1
C05966,758,15,6,1249.63,7497.76,0,0.2931,0
C05967,1022,385,5,1255.79,6278.94,0,0.0897,1
C05968,1256,60,7,2450.17,17151.22,1,0.0788,0
C05969,274,230,12,704.68,8456.11,0,0.1585,0
C05970,1395,143,7,252.66,1768.64,1,0.1441,0
C05971,1176,86,8,1153.17,9225.36,0,0.5205,0
C05972,1049,13,6,3371.65,20229.89,1,0.1582,0
C05973,987,237,12,978.34,11740.07,0,0.113,0
C05974,1483,112,4,1141.02,4564.09,0,0.1821,0
C05975,392,241,5,733.24,3666.2,2,0.2171,1
C05976,1394,279,6,574.23,3445.35,1,0.2285,1
C05977,1172,172,3,1502.65,4507.94,0,0.3758,0
C05978,1158,173,4,1408.34,5633.38,1,0.1534,0
C05979,1182,44,3,962.76,2888.29,0,0.0431,0
C05980,42,145,11,652.35,7175.8,1,0.3321,1
C05981,764,266,3,2638.77,7916.31,0,0.2801,1
C05982,965,301,4,897.29,3589.16,0,0.5627,1
C05983,837,67,5,1375.94,6879.72,0,0.2086,0
C05984,1414,132,4,969.55,3878.22,1,0.0378,0
C05985,186,104,10,971.86,9718.61,0,0.4353,0
C05986,1396,233,3,776.74,2330.22,0,0.1027,1
C05987,657,315,3,1161.05,3483.14,0,0.0464,1
C05988,696,349,4,708.41,2833.66,1,0.5047,1
C05989,1000,266,6,2163.67,12982.01,1,0.1651,1
C05990,1214,8,9,1041.93,9377.33,1,0.3064,0
C05991,131,60,5,1582.85,7914.23,0,0.3336,0
C05992,1111,20,4,543.67,2174.67,1,0.1877,1
C05993,557,226,6,1976.04,11856.23,1,0.046,1
C05994,1001,46,8,762.94,6103.51,2,0.1633,0
C05995,692,105,8,574.12,4593.0,0,0.1794,1
C05996,284,100,5,639.26,3196.29,2,0.1143,0
C05997,1075,288,9,382.01,3438.11,0,0.1016,0
C05998,1092,235,4,1113.68,4454.72,0,0.3198,1
C05999,573,139,3,342.14,1026.41,1,0.0316,1
